# Derived from Apache-2.0 SO-ARM100 STL; see THIRD_PARTY.md
v -0.0025780803 -0.0658415174 0.00673019136
v -0.00256679119 -0.0658415174 0.006728874
v -0.00930741626 -0.0658415174 0.00673019136
v -0.00939054529 -0.0670959149 0.00658005492
v -0.00384553939 -0.0685053338 0.00640226273
v -0.00408363702 -0.0695556754 0.00624290747
v -0.00215319921 -0.0658415174 0.00668014588
v -0.00950138354 -0.0658415174 0.00669331542
v -0.0114697936 -0.0720011958 0.00582937478
v -0.011451321 -0.0720011958 0.00583200883
v -0.0113846124 -0.0720011958 0.00583991096
v -0.0113302194 -0.0720011958 0.00584386169
v -0.0112994313 -0.0720011958 0.00584517905
v -0.00937822978 -0.0716263019 0.00590971075
v -0.00410518917 -0.0696664026 0.00622315317
v -0.00398511395 -0.0697217676 0.00620076413
v -0.00545577729 -0.0719426697 0.00585439787
v -0.00545885616 -0.0719727237 0.00584912978
v -0.00202491411 -0.0658415174 0.00666302493
v -0.00952293568 -0.0658415174 0.00668804802
v -0.0115703698 -0.0720011958 0.00580566975
v -0.0115539487 -0.0720011958 0.00580962048
v -0.0115118711 -0.0744245745 0.00530258194
v -0.011451321 -0.0744277384 0.0053144348
v -0.0113907702 -0.0744277384 0.00532101991
v -0.00608694116 -0.0733157041 0.00558046544
v -0.00562921882 -0.0723175635 0.00578328071
v -0.00929817963 -0.0719727237 0.00585044714
v -0.00518278593 -0.0719727237 0.00582937478
v -0.00386401266 -0.0697771326 0.00617047364
v -0.00539522647 -0.0724267115 0.00575167355
v -0.00527617765 -0.0724789126 0.00572665046
v -0.00551222247 -0.0723713466 0.00577142785
v -0.00198488903 -0.0658415174 0.00665644016
v -0.00957014492 -0.0658415174 0.00667619516
v -0.00958759144 -0.0658415174 0.00667092707
v -0.0116350256 -0.0720011958 0.00578459739
v -0.0115703698 -0.0744198287 0.0052894124
v -0.0115118711 -0.0759478845 0.00489168364
v -0.011451321 -0.0759510484 0.00490221947
v -0.0112994313 -0.0751759469 0.00513400821
v -0.0113815336 -0.0744799395 0.00530916705
v -0.00626756685 -0.0737143297 0.0054935447
v -0.00615262298 -0.073766528 0.00547774077
v -0.00489337412 -0.0719711417 0.00579249953
v -0.00486361208 -0.0719727237 0.00578723144
v -0.00374188496 -0.0698309129 0.00613491507
v -0.00186994516 -0.0658415174 0.00663668517
v -0.00501037046 -0.0719727237 0.00580962048
v -0.00603562698 -0.0738187291 0.00545798612
v -0.00591760422 -0.0738709303 0.00543164636
v -0.00515610277 -0.0725326957 0.00569504296
v -0.0096317218 -0.0658415174 0.00665644016
v -0.00964301056 -0.0658415174 0.00665248944
v -0.0116863398 -0.0720011958 0.00576484309
v -0.0116288678 -0.0744166648 0.00527097443
v -0.0116288678 -0.0759383929 0.00486007578
v -0.0115703698 -0.0759447206 0.00487719673
v -0.0115118711 -0.0771785557 0.00448736976
v -0.011451321 -0.0771833015 0.0044979056
v -0.0113907702 -0.0759526303 0.00491012126
v -0.00692130893 -0.0751680373 0.00513664226
v -0.0069018096 -0.0751253278 0.00514849512
v -0.0113312455 -0.0759542122 0.00491275531
v -0.00721585175 -0.0758403211 0.00494699686
v -0.00678686573 -0.0751759469 0.00513137417
v -0.00503602755 -0.0725848968 0.00565816736
v -0.00474764214 -0.0719727237 0.00576484309
v -0.00361975727 -0.0698846959 0.00609277172
v -0.00181452604 -0.0661135937 0.00656161729
v -0.00181452604 -0.0660234262 0.00658268897
v -0.00181452604 -0.0658415174 0.00662483231
v -0.00667192219 -0.0752265661 0.00510898547
v -0.00579855541 -0.0739199675 0.00540003885
v -0.00655492585 -0.0752771853 0.00508132903
v -0.00968611417 -0.0658415174 0.00663536849
v -0.0117161018 -0.0720011958 0.00575167355
v -0.0116863398 -0.074411919 0.00524858573
v -0.0116863398 -0.0759320679 0.00483900411
v -0.0116863398 -0.0771595725 0.0044360076
v -0.0116288678 -0.0771674822 0.00445576225
v -0.0115703698 -0.0771738099 0.00447288286
v -0.0115703698 -0.0781055147 0.00410807897
v -0.0115118711 -0.0781102577 0.0041212485
v -0.011451321 -0.0781150035 0.00413046766
v -0.0113907702 -0.0781181674 0.00413836945
v -0.0113907702 -0.0771864654 0.00450449071
v -0.0113548504 -0.0771564086 0.00451766025
v -0.0112994313 -0.0771057922 0.00453741524
v -0.00710090856 -0.0758925195 0.00492987591
v -0.00752681571 -0.0765679645 0.00472179255
v -0.00726100818 -0.0759463026 0.00491538901
v -0.00491492626 -0.0726339313 0.00561470699
v -0.00460293624 -0.0719727237 0.00573060153
v -0.00567848053 -0.0739705867 0.00536184623
v -0.00349865598 -0.069936897 0.00604272624
v -0.00181452604 -0.0664236337 0.00648128133
v -0.00181452604 -0.0658415174 -0.00662401256
v -0.00698699075 -0.0759415567 0.0049061702
v -0.00643690344 -0.0753262225 0.00504708748
v -0.00973742835 -0.0658415174 0.00661166277
v -0.0117417589 -0.0720011958 0.00573982035
v -0.0117417589 -0.0744040094 0.00522488002
v -0.0117417589 -0.0759241582 0.00481398137
v -0.0117417589 -0.0771516656 0.00441230188
v -0.0117417589 -0.0780786218 0.00404749765
v -0.0116863398 -0.0780896953 0.00406988634
v -0.0116288678 -0.078097605 0.00409095802
v -0.0115703698 -0.0787841235 0.00379595391
v -0.0115118711 -0.0787904485 0.00380780677
v -0.011451321 -0.0787951943 0.00381834261
v -0.0113907702 -0.0787983582 0.00382492738
v -0.0113302194 -0.0788015221 0.00382887845
v -0.0112994313 -0.0782700249 0.00407647111
v -0.011363061 -0.0781545491 0.00412388255
v -0.00792706577 -0.0775249775 0.00438332808
v -0.00775157177 -0.0771010464 0.00454004894
v -0.00741392465 -0.0766170018 0.0047020379
v -0.00555840565 -0.0740196239 0.00531706884
v -0.00479485104 -0.0726829685 0.00556334449
v -0.00445823033 -0.0719727237 0.00568845784
v -0.00631682822 -0.0753736778 0.00500889486
v -0.00337755469 -0.0699875162 0.00598741336
v -0.00181452604 -0.0667320918 0.00639436059
v -0.00181452604 -0.0666166161 0.00642728512
v -0.00442025773 -0.0719727237 0.00567660498
v -0.00181452604 -0.065882645 -0.00661479374
v -0.00183505178 -0.0658415174 -0.00662928065
v -0.00730000753 -0.0766644571 0.00467833218
v -0.00718506366 -0.0767119124 0.00464935871
v -0.0070670409 -0.0767577857 0.00461380014
v -0.00975590162 -0.0658415174 0.00660244396
v -0.00979695311 -0.0658415174 0.00658005492
v -0.0117920463 -0.0720011958 0.00571216356
v -0.011796152 -0.0743976816 0.00519590655
v -0.011796152 -0.0759162485 0.00478632493
v -0.011796152 -0.077142174 0.0043846451
v -0.011796152 -0.0780675482 0.00401984087
v -0.011796152 -0.0787414113 0.00370903318
v -0.0117417589 -0.0787540668 0.0037353726
v -0.0116863398 -0.0787667223 0.00375907832
v -0.0116288678 -0.0787762139 0.00377883331
v -0.0115703698 -0.0793346012 0.00350490088
v -0.0115118711 -0.0793409289 0.00351675374
v -0.011451321 -0.0793472567 0.00352597255
v -0.0113907702 -0.0793488386 0.00353255732
v -0.0112994313 -0.0791780006 0.00363264794
v -0.00856028246 -0.0791780006 0.00363396496
v -0.0084473914 -0.0788632148 0.00379727094
v -0.0112994313 -0.0788015221 0.00382887845
v -0.00833347359 -0.0785579206 0.00394609001
v -0.00822263534 -0.078268443 0.00407778814
v -0.00814463801 -0.0780675482 0.00416470921
v -0.0076109708 -0.0774015948 0.00442020367
v -0.00772488793 -0.0773541395 0.00444522641
v -0.00803277301 -0.0781118396 0.00414232052
v -0.00543833008 -0.0740670792 0.00526570668
v -0.0061977794 -0.0754195512 0.00496280045
v -0.00467374975 -0.0727320058 0.00550803126
v -0.00695107097 -0.0768004952 0.00457297382
v -0.00325747947 -0.0700381354 0.00592419765
v -0.00181452604 -0.0669076756 0.00634036439
v -0.00431455049 -0.0719727237 0.00564104675
v -0.00181452604 -0.0661120118 -0.00656079754
v -0.00198488903 -0.0658415174 -0.00665693709
v -0.00374393744 -0.0698356587 -0.00613409531
v -0.00386606513 -0.0697802937 -0.00617097057
v -0.00749602693 -0.0774443043 0.00438859617
v -0.00738005699 -0.0774885957 0.00435172057
v -0.00984929335 -0.0658415174 0.00654844776
v -0.0118495183 -0.0720011958 0.00567660498
v -0.0118495183 -0.0743897747 0.00516561572
v -0.0118495183 -0.0759083389 0.00475471742
v -0.0118495183 -0.0771311004 0.00435303759
v -0.0118495183 -0.0780548955 0.00398955038
v -0.0118495183 -0.0787271766 0.00368137639
v -0.011796152 -0.0792871459 0.00342061385
v -0.0117417589 -0.0792998014 0.00344563659
v -0.0116863398 -0.0793124569 0.0034693423
v -0.0116288678 -0.0793235277 0.00348909695
v -0.0116288678 -0.0797648628 0.00322174963
v -0.0115703698 -0.0797743544 0.00323755322
v -0.0115118711 -0.0797822613 0.0032507231
v -0.011451321 -0.0797885891 0.00325994191
v -0.0113907702 -0.0797917529 0.00326521
v -0.0113302194 -0.0793520025 0.00353650839
v -0.00860646494 -0.0793124569 0.00355889708
v -0.00848741613 -0.0793219485 0.00355099529
v -0.00833757921 -0.0789059243 0.00377356522
v -0.00818568949 -0.0785041375 0.00396847871
v -0.00791988195 -0.0781561311 0.00411598076
v -0.00531928161 -0.0741113706 0.00520907643
v -0.00607975699 -0.0754638426 0.00491143829
v -0.00683407496 -0.0768432047 0.00452556238
v -0.00455470094 -0.0727778791 0.00544349922
v -0.0041729238 -0.0719727237 0.00558573318
v -0.00726408705 -0.0775297233 0.00431089424
v -0.00313843066 -0.0700840087 0.00585571455
v -0.00181452604 -0.0671955713 0.00624685888
v -0.00181452604 -0.0670358041 0.00629953772
v -0.00181452604 -0.0662100835 -0.00653577514
v -0.00362180974 -0.0698878598 -0.00609195197
v -0.00213369988 -0.0658415174 -0.00667800876
v -0.00398716642 -0.0697265134 -0.00619994437
v -0.00474764214 -0.0719727237 -0.00576402333
v -0.00489337412 -0.0719727237 -0.00579299645
v -0.00503910643 -0.0719727237 -0.00581406813
v -0.00780596483 -0.0781988406 0.00408437325
v -0.00769204702 -0.0782399709 0.00404618063
v -0.00989342371 -0.0658415174 0.0065168399
v -0.0118659394 -0.0720011958 0.00566475213
v -0.0118998064 -0.074381865 0.00513005749
v -0.0118998064 -0.0758972653 0.00472047587
v -0.0118998064 -0.0771184449 0.00432011306
v -0.0118998064 -0.0780406581 0.00395794287
v -0.0118998064 -0.0787113573 0.00364845186
v -0.0118998064 -0.079253928 0.00336266657
v -0.0118495183 -0.0792713293 0.0033929574
v -0.011796152 -0.0797221533 0.00315721725
v -0.0117417589 -0.0797379699 0.00318092297
v -0.0116863398 -0.0797537892 0.00320331166
v -0.0116863398 -0.0801318497 0.00294386614
v -0.0116288678 -0.0801445052 0.00296098709
v -0.0115703698 -0.080155576 0.00297547365
v -0.0115118711 -0.0801650676 0.00298732651
v -0.011451321 -0.0801713953 0.00299654532
v -0.0113302194 -0.0797949168 0.00326916073
v -0.0113907702 -0.0801745592 0.00300181341
v -0.0112994313 -0.079760117 0.00329023274
v -0.00871832994 -0.0796446412 0.00336530062
v -0.00822571422 -0.0789454699 0.00374459176
v -0.00837555113 -0.0793599122 0.00352202148
v -0.00807382449 -0.078546847 0.00394082192
v -0.00520023279 -0.0741556621 0.00514454405
v -0.00596173458 -0.0755065521 0.00485217399
v -0.00584371183 -0.0755460977 0.00479027565
v -0.00671605221 -0.0768827531 0.00447419988
v -0.00714811712 -0.0775692689 0.00426348281
v -0.00443770459 -0.0728221706 0.00537369909
v -0.00403334925 -0.0719727237 0.00552383519
v -0.00757607708 -0.0782779346 0.00400403728
v -0.00302143465 -0.070131464 0.00577932999
v -0.00181452604 -0.0676258301 0.0060940884
v -0.00181452604 -0.0674771392 0.0061480846
v -0.00181452604 -0.0673331914 0.00619944745
v -0.00181452604 -0.0664236337 -0.00648046157
v -0.00350070845 -0.0699400609 -0.00604322317
v -0.0046039623 -0.0719727237 -0.00572978143
v -0.00248981992 -0.0658415174 -0.00671356734
v -0.00370185989 -0.0682032007 -0.00644226895
v -0.00410621523 -0.0696711484 -0.00622233273
v -0.00518278593 -0.0719727237 -0.00582987239
v -0.00503705396 -0.072586476 -0.0056573476
v -0.0051581549 -0.0725342776 -0.00569553988
v -0.00527823047 -0.0724820765 -0.00572583071
v -0.00795990668 -0.0785863927 0.00390789739
v -0.00994781677 -0.0658415174 0.00647337988
v -0.0119347001 -0.0720011958 0.00561207294
v -0.0119490677 -0.0743723734 0.00509186487
v -0.0119490677 -0.0758861945 0.00468491729
v -0.0119490677 -0.0771057922 0.00428323746
v -0.0119490677 -0.0780248387 0.00392238429
v -0.0119490677 -0.078693956 0.00361421031
v -0.0119490677 -0.0792333656 0.00332842502
v -0.0119490677 -0.0796652064 0.00306766247
v -0.0118998064 -0.0796857715 0.003100587
v -0.0118495183 -0.0797063339 0.00312956081
v -0.011796152 -0.080100211 0.00289908875
v -0.0117417589 -0.0801160304 0.00292279446
v -0.0116863398 -0.0804276523 0.00271339425
v -0.0116288678 -0.0804418897 0.002729198
v -0.0115703698 -0.0804545425 0.00274368473
v -0.0115118711 -0.0804624521 0.00275553759
v -0.011451321 -0.0804703618 0.00276343955
v -0.0113907702 -0.0804751076 0.00276870747
v -0.00870396161 -0.0799799922 0.00314404737
v -0.00875527579 -0.079760117 0.00329154942
v -0.0113302194 -0.0801777231 0.00300444745
v -0.00886406191 -0.0801207762 0.00304790782
v -0.0113302194 -0.0804782715 0.00277265837
v -0.0112994313 -0.0802204326 0.00297415662
v -0.00863314878 -0.0797553712 0.00329286644
v -0.00811282316 -0.0789850155 0.00371166688
v -0.00826471289 -0.0793962939 0.00348909695
v -0.00508426285 -0.0741967896 0.00507474392
v -0.00659905621 -0.0769222987 0.00441625261
v -0.00648308627 -0.0769570986 0.00435172057
v -0.00572774189 -0.0755840614 0.00471915884
v -0.00703214718 -0.0776072354 0.00421080328
v -0.00746010714 -0.0783143163 0.00395662585
v -0.00432173465 -0.0728632981 0.00529863121
v -0.0079999321 -0.0790213973 0.0036734746
v -0.00788498823 -0.0790546152 0.00363001424
v -0.00290751719 -0.0701741735 0.00569635998
v -0.00181452604 -0.0677539586 0.00604404361
v -0.00181452604 -0.0665359429 -0.00644885372
v -0.00181452604 -0.0667320918 -0.00639354084
v -0.00337858076 -0.0699906801 -0.00598659292
v -0.00445823033 -0.0719727237 -0.00568895511
v -0.00491697873 -0.0726370952 -0.00561388689
v -0.00255960737 -0.0658415174 -0.00671620138
v -0.00422526439 -0.0696157834 -0.00623945367
v -0.00929920638 -0.0704146139 -0.00611829104
v -0.00929920638 -0.0670959149 -0.00658318658
v -0.0047363527 -0.0703972126 -0.00612092509
v -0.00539625253 -0.0724282935 -0.00575085311
v -0.0053552014 -0.0719727237 -0.00584172525
v -0.005680533 -0.0739737505 -0.00536102648
v -0.00579958181 -0.0739231314 -0.00539921876
v -0.00591863063 -0.0738740941 -0.00543214329
v -0.00603665304 -0.073821893 -0.00545716603
v -0.00999707813 -0.0658415174 0.00642860249
v -0.0119490677 -0.0720011958 0.00560022009
v -0.0119942242 -0.0743628818 0.00505235523
v -0.0119942242 -0.075873539 0.00464409062
v -0.0119942242 -0.0770915548 0.00424504484
v -0.0119942242 -0.0780090221 0.00388419167
v -0.0119942242 -0.0786765575 0.00357601769
v -0.0119942242 -0.0792128004 0.00329286644
v -0.0119942242 -0.0796414774 0.0030321039
v -0.0119942242 -0.0800116282 0.00277924331
v -0.0119490677 -0.0800353572 0.00281216784
v -0.0118998064 -0.0800590835 0.00284377552
v -0.0118495183 -0.0800796486 0.00287274916
v -0.011796152 -0.0803928525 0.00267125073
v -0.0117417589 -0.080411833 0.0026923224
v -0.0117417589 -0.0806586011 0.00247765427
v -0.0116288678 -0.080690237 0.00251321284
v -0.0115703698 -0.0807028925 0.0025250657
v -0.0115118711 -0.0807123841 0.00253691856
v -0.011451321 -0.0807202938 0.00254482035
v -0.0113907702 -0.0807266188 0.00255008827
v -0.00859517618 -0.0800132101 0.00311243986
v -0.00852333592 -0.0797885891 0.00326125894
v -0.00877374906 -0.0802141048 0.00297547365
v -0.00888150911 -0.0801824661 0.00300313043
v -0.00896566421 -0.0804956728 0.00275817164
v -0.0112994313 -0.0804782715 0.00277265837
v -0.0112994313 -0.0805889987 0.00267915269
v -0.00889279788 -0.0802204326 0.00297415662
v -0.00815182183 -0.0794295118 0.00344958765
v -0.00841249767 -0.0798218069 0.00322701738
v -0.00420781719 -0.0729028465 0.0052156612
v -0.00561485083 -0.0756204432 0.0046427736
v -0.00550195977 -0.0756520819 0.00456112096
v -0.00691617724 -0.0776420352 0.00415285636
v -0.00680123371 -0.0776752531 0.00408832397
v -0.0063681424 -0.0769887345 0.00428192044
v -0.00734516395 -0.0783475342 0.00390262964
v -0.0077710711 -0.0790862539 0.0035826028
v -0.00803893077 -0.0794611478 0.00340612694
v -0.00279565219 -0.0702153011 0.00560812188
v -0.00181452604 -0.0681842202 0.00586361668
v -0.00181452604 -0.0680212919 0.00593341647
v -0.00181452604 -0.06790898 0.0059808279
v -0.00371930675 -0.0719727237 0.00535262742
v -0.00181452604 -0.0668570565 -0.00635534822
v -0.00325850588 -0.0700412992 -0.00592469526
v -0.00431557724 -0.0719727237 -0.00564022665
v -0.00479587745 -0.0726861324 -0.00556384175
v -0.00556045777 -0.0740227878 -0.00531624909
v -0.00929920638 -0.0658415174 -0.00672410352
v -0.00935770369 -0.0670959149 -0.00658186921
v -0.00929817963 -0.0719727237 -0.0058496267
v -0.0112994313 -0.0720011958 -0.0058443593
v -0.0113569032 -0.0720011958 -0.00584304193
v -0.00933102054 -0.0658415174 -0.00672410352
v -0.00546809246 -0.0719727237 -0.00584567598
v -0.00615467579 -0.0737696919 -0.0054782377
v -0.00579752934 -0.0726845505 -0.00571266083
v -0.00551427529 -0.0723745104 -0.00576929073
v -0.00631888103 -0.0753768417 -0.00500675808
v -0.00643792985 -0.0753309683 -0.0050475844
v -0.00655595226 -0.0752819311 -0.00508050893
v -0.0066729486 -0.0752313119 -0.00510816572
v -0.00678891854 -0.0751806927 -0.00512923739
v -0.0100381296 -0.0658415174 0.00638645846
v -0.0120003819 -0.0720011958 0.00555280865
v -0.0120373285 -0.0743518083 0.00500889486
v -0.0120373285 -0.0758608836 0.00460194728
v -0.0120373285 -0.0770773174 0.00420158447
v -0.0120373285 -0.0779916208 0.00384204833
v -0.0120373285 -0.0786559923 0.00353650839
v -0.0120373285 -0.0791922353 0.00325335714
v -0.0120373285 -0.0796177511 0.00299522864
v -0.0120373285 -0.079984738 0.00274236788
v -0.0120373285 -0.0802694698 0.0025211148
v -0.0119942242 -0.0802979419 0.00255667321
v -0.0119490677 -0.0803248348 0.00258828089
v -0.0118998064 -0.080350143 0.00261857138
v -0.0118495183 -0.0803722873 0.00264491114
v -0.0118495183 -0.0806158916 0.00243287688
v -0.011796152 -0.0806380359 0.00245658259
v -0.0117417589 -0.0808705666 0.00226825405
v -0.0116863398 -0.0808895499 0.00228537482
v -0.0116288678 -0.0809053692 0.00230117858
v -0.0115703698 -0.0809180219 0.00231434846
v -0.0115118711 -0.0809275136 0.0023248843
v -0.011451321 -0.0809354232 0.00233278626
v -0.0113302194 -0.0807282035 0.00255272231
v -0.0113907702 -0.080941751 0.00233673715
v -0.0113302194 -0.0809449148 0.0023393712
v -0.0112994313 -0.0808879679 0.00239863532
v -0.00866598969 -0.0802441589 0.00294386614
v -0.00848433725 -0.0800432668 0.00307819831
v -0.00884250976 -0.0804624521 0.0027831942
v -0.00898721567 -0.0805889987 0.00267915269
v -0.00830165943 -0.0798518637 0.00318882476
v -0.00409800501 -0.0729392283 0.00512742344
v -0.00363515166 -0.0719727237 0.00529863121
v -0.00625627775 -0.0770203732 0.00420685256
v -0.00614543916 -0.0770472633 0.00412519957
v -0.00539317366 -0.0756821359 0.00447419988
v -0.00723124614 -0.0783791702 0.00384468237
v -0.00668731624 -0.0777053071 0.00401852384
v -0.00711630227 -0.078407645 0.00378014999
v -0.00765715329 -0.079114726 0.00352992328
v -0.00792501364 -0.0794896226 0.00335739883
v -0.00818876768 -0.0798787539 0.00314536439
v -0.00268789248 -0.0702532648 0.00551329935
v -0.00181452604 -0.0682807128 0.00581883929
v -0.00181452604 -0.0670342222 -0.00630003465
v -0.00181452604 -0.0673331914 -0.00619994437
v -0.00313945706 -0.0700887545 -0.00585489479
v -0.00455675341 -0.072781043 -0.00544267912
v -0.00467477582 -0.0727335877 -0.00550589448
v -0.00544038289 -0.0740702431 -0.00526620361
v -0.00619983222 -0.075424297 -0.00496198069
v -0.00942133339 -0.067094333 -0.00657660112
v -0.00563024522 -0.0723207274 -0.00578377764
v -0.0112994313 -0.0740591695 -0.00541370566
v -0.0113846124 -0.0720011958 -0.00584040789
v -0.00946854263 -0.0658415174 -0.00669908043
v -0.0114697936 -0.0720011958 -0.00582987239
v -0.00641945658 -0.074048096 -0.0054163397
v -0.00626961932 -0.0737174908 -0.0054927246
v -0.00695414984 -0.076806823 -0.00457215372
v -0.00707011978 -0.0767641135 -0.00461166336
v -0.00718608972 -0.0767182401 -0.00464722194
v -0.00730308572 -0.0766707848 -0.00467751242
v -0.0073441372 -0.0761408696 -0.00485662198
v -0.00706396203 -0.0754938966 -0.0050475844
v -0.0112994313 -0.0744293203 -0.0053254679
v -0.0100781543 -0.0658415174 0.00633904771
v -0.0120783793 -0.0720011958 0.00546457089
v -0.0120373285 -0.0720011958 0.00551198233
v -0.0120783793 -0.0743407375 0.00496280045
v -0.0120783793 -0.0758482281 0.00455585287
v -0.0120783793 -0.0770599188 0.00415680708
v -0.0120783793 -0.0779726376 0.00379858796
v -0.0120783793 -0.0786354299 0.00349436504
v -0.0120783793 -0.079168509 0.00321253048
v -0.0120783793 -0.0795924429 0.002955719
v -0.0120783793 -0.0799578479 0.00270549228
v -0.0120783793 -0.0802394131 0.00248555623
v -0.0120373285 -0.0805067436 0.00231434846
v -0.0119942242 -0.0805368003 0.00234595597
v -0.0119490677 -0.0805652724 0.00237756365
v -0.0118998064 -0.0805921626 0.00240653728
v -0.0118495183 -0.0808262752 0.00222611053
v -0.011796152 -0.0808484223 0.0022484994
v -0.011796152 -0.0810287519 0.00205095187
v -0.0117417589 -0.081049317 0.00206938966
v -0.0116863398 -0.0810698795 0.00208651044
v -0.0116288678 -0.0810856988 0.00209968032
v -0.0115703698 -0.0811015154 0.00211285003
v -0.0115118711 -0.081111007 0.00212206902
v -0.011451321 -0.0811204986 0.00212865396
v -0.0113907702 -0.0811268264 0.00213392188
v -0.00903545097 -0.0807978031 0.00248687325
v -0.0112994313 -0.0807282035 0.00255272231
v -0.00904571435 -0.0808484223 0.00243814479
v -0.00908368627 -0.0810477324 0.0022300616
v -0.00905289818 -0.080886386 0.00239863532
v -0.0113302194 -0.0811284083 0.00213655575
v -0.00855617751 -0.0802726337 0.00290962458
v -0.00873475039 -0.080490927 0.0027515867
v -0.008373499 -0.0800717389 0.00304000603
v -0.00890819227 -0.0807282035 0.00254877142
v -0.00880145897 -0.0807535117 0.00251979778
v -0.0039912717 -0.0729740281 0.0050339176
v -0.00351097149 -0.0719727237 0.00521039311
v -0.00657545159 -0.0777322 0.00394477299
v -0.00646563941 -0.0777559263 0.00386443702
v -0.00603665304 -0.0770725716 0.00403959586
v -0.00528644035 -0.075710608 0.00438201105
v -0.00754426223 -0.0791416189 0.00347065933
v -0.00700546402 -0.0784329532 0.00371166688
v -0.00743137117 -0.0791653451 0.00340876099
v -0.00781314865 -0.0795149308 0.0033047193
v -0.00807587731 -0.0799040648 0.00309795296
v -0.00826266076 -0.0800970471 0.00299654532
v -0.00258423806 -0.0702896465 0.00541320873
v -0.00181452604 -0.068530642 0.00569899368
v -0.00181452604 -0.0684483869 0.00573982035
v -0.00346581507 -0.0719727237 0.00517615156
v -0.00181452604 -0.0674818823 -0.00614594817
v -0.00181452604 -0.0676242482 -0.00609326864
v -0.00302348712 -0.0701346279 -0.00577850955
v -0.00389787998 -0.0719727237 -0.005455849
v -0.004438731 -0.0728253344 -0.00537287934
v -0.00407747926 -0.0719727237 -0.00554277008
v -0.00520228526 -0.0741588259 -0.0051437243
v -0.00532030801 -0.0741145345 -0.00520825634
v -0.00608180946 -0.0754685884 -0.00490930117
v -0.00683715384 -0.0768495325 -0.00452474228
v -0.0113569032 -0.0744293203 -0.00532283386
v -0.0114215583 -0.0744277384 -0.00531888279
v -0.00954859277 -0.0658415174 -0.00668196017
v -0.0114841619 -0.0720011958 -0.00582723835
v -0.0114841619 -0.0744245745 -0.00530834695
v -0.00726819268 -0.077537633 -0.00430875712
v -0.00738313587 -0.0774965054 -0.00434958379
v -0.00750013256 -0.077452214 -0.00438645905
v -0.00761404968 -0.0774079225 -0.00441674987
v -0.00741597747 -0.0766217476 -0.00470121814
v -0.00772796681 -0.0773620492 -0.00444177261
v -0.00773617738 -0.0770630827 -0.00455371609
v -0.0112994313 -0.0761440334 -0.00485530496
v -0.0113569032 -0.0759542122 -0.00491193521
v -0.010116127 -0.0658415174 0.00628768486
v -0.0121132737 -0.0720011958 0.00541715946
v -0.0121163525 -0.0743296639 0.00491407233
v -0.0121163525 -0.0758324115 0.00450844143
v -0.0121163525 -0.0770440995 0.00411071267
v -0.0121163525 -0.0779520752 0.00375249355
v -0.0121163525 -0.0786132828 0.00344958765
v -0.0121163525 -0.0791431981 0.00316907011
v -0.0121163525 -0.07956555 0.00291357565
v -0.0121163525 -0.0799277911 0.00266466579
v -0.0121163525 -0.0802077771 0.00244604676
v -0.0120783793 -0.0804751076 0.00228010691
v -0.0120373285 -0.0807092203 0.00211548408
v -0.0119942242 -0.0807408562 0.00214577474
v -0.0119490677 -0.0807724922 0.00217474837
v -0.0118998064 -0.0807993851 0.00220108796
v -0.0118998064 -0.0809765508 0.00200617448
v -0.0118495183 -0.0810034437 0.00202856317
v -0.0118495183 -0.0811537165 0.00184418569
v -0.011796152 -0.0811790247 0.00186262349
v -0.0117417589 -0.0812027538 0.0018797441
v -0.0116863398 -0.0812233189 0.00189686487
v -0.0116288678 -0.0812407174 0.00191003475
v -0.0115703698 -0.0812549549 0.00192057059
v -0.0115118711 -0.0812676076 0.00192978958
v -0.011451321 -0.0812755173 0.00193637452
v -0.0113907702 -0.081281845 0.00194164244
v -0.0113302194 -0.0812850089 0.00194295929
v -0.00894103318 -0.0808737305 0.00241048818
v -0.00897182196 -0.0810287519 0.00224718237
v -0.0090980546 -0.0811315722 0.00213260485
v -0.00911960675 -0.0812770992 0.00195481214
v -0.00844533858 -0.0802995238 0.00287143213
v -0.00862596428 -0.0805146533 0.00271602812
v -0.00869369891 -0.0807740768 0.00248555623
v -0.00883429988 -0.0808958776 0.00238019752
v -0.00388761728 -0.073005664 0.00493382698
v -0.00689359937 -0.0784566822 0.00363791603
v -0.00678583966 -0.0784772446 0.00355889708
v -0.0063578797 -0.0777780733 0.00377883331
v -0.00593197221 -0.0770947187 0.00394740703
v -0.00582934419 -0.0771121172 0.00385258416
v -0.00518483874 -0.075734337 0.00428323746
v -0.00770025759 -0.0795370779 0.00324808905
v -0.00732155899 -0.0791859103 0.00334027788
v -0.00758736653 -0.0795560584 0.00318487404
v -0.00747755435 -0.0795750416 0.00311902497
v -0.00796503837 -0.0799262092 0.00304527378
v -0.00815079576 -0.0801176123 0.0029478172
v -0.0083355264 -0.0803216709 0.00282928862
v -0.00248468857 -0.0703228672 0.00530653301
v -0.00181452604 -0.0689419204 0.00548037482
v -0.00181452604 -0.0687710824 0.00557519735
v -0.00181452604 -0.06870148 0.00561207294
v -0.00334779232 -0.0719727237 0.00507869499
v -0.00181452604 -0.0677824335 -0.00603137031
v -0.00290956966 -0.0701773374 -0.0056968569
v -0.00376548958 -0.0719727237 -0.00538078113
v -0.00432378712 -0.072866462 -0.00529781112
v -0.00508631532 -0.0741999535 -0.00507392417
v -0.00584576464 -0.0755508435 -0.00478813888
v -0.00596378705 -0.075509716 -0.00485267092
v -0.00671810503 -0.0768890781 -0.0044720631
v -0.00715119599 -0.0775771786 -0.00426134569
v -0.0114215583 -0.0759526303 -0.00490666746
v -0.0114841619 -0.0759494664 -0.00489744831
v -0.00959477526 -0.0658415174 -0.00666878995
v -0.0115539487 -0.0720011958 -0.00581143477
v -0.0115457388 -0.0744229926 -0.00529517707
v -0.00758018271 -0.0782890054 -0.00400058314
v -0.0076951259 -0.0782494597 -0.00404272683
v -0.00781109583 -0.0782099141 -0.00407960243
v -0.00792398689 -0.0781672046 -0.00411120994
v -0.0080379047 -0.0781229132 -0.00413754935
v -0.00799890604 -0.0777005613 -0.00431402521
v -0.0112994313 -0.0771864654 -0.0045089387
v -0.0113569032 -0.0771864654 -0.00450762168
v -0.0114215583 -0.0771848834 -0.00450235359
v -0.0101243375 -0.0658415174 0.006275832
v -0.0121502195 -0.0720011958 0.00536052921
v -0.0121502195 -0.0743170084 0.00486270983
v -0.0121502195 -0.0758181741 0.00445707927
v -0.0121502195 -0.0770251163 0.00406066753
v -0.0121502195 -0.0779315101 0.00370508211
v -0.0121502195 -0.0785895565 0.00340217622
v -0.0121502195 -0.0791163079 0.0031229757
v -0.0121502195 -0.0795370779 0.00287011511
v -0.0121502195 -0.0798961551 0.00262252244
v -0.0121502195 -0.0801745592 0.00240653728
v -0.0121163525 -0.0804403078 0.00224323131
v -0.0121163525 -0.0806396206 0.00204700097
v -0.0120783793 -0.0806760024 0.00208124252
v -0.0120783793 -0.0808452584 0.001894231
v -0.0120373285 -0.0808816402 0.00192452166
v -0.0119942242 -0.0809148581 0.00195481214
v -0.0119490677 -0.0809464968 0.00198115191
v -0.0119490677 -0.0810936057 0.0017994083
v -0.0118998064 -0.0811252444 0.001821797
v -0.0118998064 -0.081251791 0.00164268727
v -0.0118495183 -0.081281845 0.00166244209
v -0.011796152 -0.0813087379 0.00168087989
v -0.0117417589 -0.0813324642 0.00169668364
v -0.0116863398 -0.0813546113 0.00171248739
v -0.0116288678 -0.0813735917 0.00172302323
v -0.0115703698 -0.0813878292 0.00173355907
v -0.0115118711 -0.0814004846 0.00174146103
v -0.011451321 -0.0814099762 0.00174804597
v -0.0113907702 -0.0814163012 0.00175199687
v -0.0113302194 -0.0814194651 0.00175463091
v -0.0112994313 -0.081335628 0.00187447618
v -0.00912679057 -0.081335628 0.0018757932
v -0.00900055793 -0.0811995899 0.00204831799
v -0.00886508866 -0.081049317 0.00221689172
v -0.00901595232 -0.0812929185 0.00192847255
v -0.0085161521 -0.0805368003 0.00267915269
v -0.00858491348 -0.0807930573 0.00244736378
v -0.00872654051 -0.0809148581 0.00234595597
v -0.00378806779 -0.0730325569 0.00482846827
v -0.00327800521 -0.0719727237 0.00501679699
v -0.00721072075 -0.0792017269 0.00326784405
v -0.00710296069 -0.0792175463 0.00319014178
v -0.00667910602 -0.078493064 0.00347461005
v -0.00625319887 -0.0777954719 0.00368927819
v -0.00573184718 -0.0771279365 0.00375249355
v -0.00508631532 -0.0757548994 0.00418182982
v -0.00785317338 -0.0799451924 0.00298732651
v -0.0077433612 -0.079959427 0.00292674553
v -0.00736876823 -0.0795876971 0.00304790782
v -0.00763252295 -0.0799720825 0.00286221315
v -0.00811384922 -0.0803564707 0.00273051502
v -0.00822468815 -0.0803406514 0.00278187735
v -0.00840736666 -0.0805557808 0.00263569215
v -0.00238924438 -0.0703529212 0.00519590655
v -0.00181452604 -0.0691697053 0.00534472563
v -0.00323387485 -0.0719727237 0.0049746533
v -0.00181452604 -0.0679073981 -0.00598132551
v -0.00181452604 -0.0681826383 -0.0058641136
v -0.00279873107 -0.070218465 -0.00560730212
v -0.00363617772 -0.0719727237 -0.00529912814
v -0.00420987 -0.0729044257 -0.00521484145
v -0.00409903141 -0.0729423921 -0.00512660335
v -0.00550401259 -0.0756568277 -0.00456161788
v -0.00561587724 -0.0756236071 -0.00464327087
v -0.00572979471 -0.0755888072 -0.00471833875
v -0.00648616515 -0.0769634263 -0.00434958379
v -0.00660213509 -0.0769270418 -0.00441411583
v -0.00703522606 -0.0776151423 -0.00420866651
v -0.00746523883 -0.0783253899 -0.00395185503
v -0.0115457388 -0.0759463026 -0.00488427877
v -0.0114841619 -0.0771817196 -0.00449313477
v -0.00961530135 -0.0658415174 -0.00666220518
v -0.0116350256 -0.0720011958 -0.005785095
v -0.0116062896 -0.0744182468 -0.00527805647
v -0.00789011992 -0.0790656887 -0.00362392639
v -0.00800403704 -0.0790324708 -0.00366738676
v -0.00796503837 -0.0785990454 -0.00390312657
v -0.00807792943 -0.0785579206 -0.00393473408
v -0.00819082049 -0.0785167903 -0.00396239086
v -0.0082082677 -0.0782288973 -0.00409540601
v -0.00814874295 -0.0780786218 -0.00415862137
v -0.0112994313 -0.0777053071 -0.00431270819
v -0.0114215583 -0.0781165855 -0.00413491565
v -0.0101499939 -0.0658415174 0.0062363227
v -0.0101777038 -0.0658415174 0.00618891127
v -0.0121604822 -0.0720011958 0.00534209158
v -0.0121810076 -0.0743027738 0.00481003065
v -0.0121810076 -0.0758023547 0.00440571677
v -0.0121810076 -0.0770077177 0.00401062205
v -0.0121810076 -0.0779109476 0.00365503663
v -0.0121810076 -0.0785658275 0.00335476478
v -0.0121810076 -0.0790909997 0.00307556426
v -0.0121810076 -0.0795070211 0.0028240207
v -0.0121810076 -0.0798645164 0.0025790619
v -0.0121810076 -0.0801397566 0.00236307675
v -0.0121502195 -0.0804055052 0.00220503886
v -0.0121502195 -0.0806016542 0.00201144239
v -0.0121163525 -0.0808072947 0.00186262349
v -0.0120783793 -0.0809876243 0.00171775531
v -0.0120373285 -0.081025588 0.00174672895
v -0.0119942242 -0.0810603878 0.00177438556
v -0.0119490677 -0.081220155 0.00162161559
v -0.0118998064 -0.0813641029 0.00146621158
v -0.0118495183 -0.0813941569 0.00148333235
v -0.011796152 -0.081422629 0.00150045313
v -0.0117417589 -0.0814479372 0.00151494004
v -0.0116863398 -0.0814700843 0.00152810974
v -0.0116288678 -0.0814890675 0.00153864575
v -0.0115703698 -0.0815048841 0.00154786457
v -0.0115118711 -0.0815175396 0.00155444951
v -0.011451321 -0.0815270312 0.00156103445
v -0.0113907702 -0.0815333589 0.00156366832
v -0.0112994313 -0.0815033022 0.00162424947
v -0.0112994313 -0.0814194651 0.00175594776
v -0.00913807933 -0.0814305386 0.00173882699
v -0.00902929321 -0.0813957388 0.00178755544
v -0.00889587676 -0.0812154092 0.00202066138
v -0.00875835467 -0.0810651337 0.00218396718
v -0.00891127115 -0.0813087379 0.00190081594
v -0.00847715343 -0.0808088767 0.00240653728
v -0.00861878046 -0.0809306774 0.00230908054
v -0.00369364966 -0.0730578651 0.00471915884
v -0.0069982802 -0.0792270379 0.00310980582
v -0.00726203493 -0.0795971887 0.0029702059
v -0.00657442518 -0.0785057195 0.00338637229
v -0.00647282323 -0.0785167903 0.00329418347
v -0.00637635263 -0.078523118 0.00319804392
v -0.00563742905 -0.0771390101 0.00364713484
v -0.00499087113 -0.0757723007 0.00407383741
v -0.00800403704 -0.0803707082 0.00267520163
v -0.00789422486 -0.080380197 0.0026159375
v -0.0075247629 -0.0799815741 0.00279241319
v -0.00778543874 -0.0803865248 0.00255272231
v -0.00829652773 -0.0805731821 0.00258959774
v -0.00818671555 -0.0805858348 0.00253955243
v -0.00229893153 -0.0703798113 0.00508132903
v -0.00181452604 -0.0693832527 0.00520644239
v -0.0031702455 -0.0719727237 0.00491143829
v -0.00312714155 -0.0719727237 0.0048666609
v -0.00181452604 -0.0684468049 -0.00574031727
v -0.00269097136 -0.0702564286 -0.00551379628
v -0.00351097149 -0.0719727237 -0.00521089038
v -0.00399332417 -0.0729771919 -0.00503309784
v -0.00539522647 -0.0756868817 -0.00447338012
v -0.00614851803 -0.0770535911 -0.00412437982
v -0.00625935662 -0.0770251163 -0.00420471544
v -0.00637122128 -0.0769950622 -0.00428110068
v -0.00680431259 -0.0776831627 -0.0040861872
v -0.00692028287 -0.0776499449 -0.00415071924
v -0.0073492689 -0.0783586078 -0.0038991755
v -0.00777620211 -0.0790973247 -0.00357651496
v -0.0116062896 -0.0759415567 -0.00486715782
v -0.0115457388 -0.0771769738 -0.00447996489
v -0.0114841619 -0.0781118396 -0.0041256965
v -0.0115457388 -0.0781070938 -0.00411384364
v -0.00965943102 -0.0658415174 -0.00664640159
v -0.0116658137 -0.0720011958 -0.00577324214
v -0.0116658137 -0.074413501 -0.00525830182
v -0.00804200965 -0.0794690574 -0.00340135612
v -0.0081549007 -0.0794374215 -0.00344481649
v -0.0081169281 -0.0789960891 -0.00370557904
v -0.00826779176 -0.0794042036 -0.00348169209
v -0.00823084591 -0.0789581254 -0.00373850391
v -0.00834168416 -0.0789169951 -0.00376747738
v -0.00838991946 -0.0787050295 -0.00387546978
v -0.0112994313 -0.0787066115 -0.00387546978
v -0.0112994313 -0.0781197493 -0.00414150042
v -0.0113569032 -0.0781181674 -0.00414150042
v -0.0114215583 -0.0787967763 -0.0038227906
v -0.0114841619 -0.0787936124 -0.00381357179
v -0.0101869405 -0.0658415174 0.00617047364
v -0.0122025598 -0.0720011958 0.00526307264
v -0.0122097443 -0.0742901183 0.00475471742
v -0.0122097443 -0.0757865381 0.00435172057
v -0.0122097443 -0.0769871526 0.00395662585
v -0.0122097443 -0.0778888006 0.00360235745
v -0.0122097443 -0.0785405193 0.00330340228
v -0.0122097443 -0.0790625249 0.00302683615
v -0.0122097443 -0.0794769671 0.00277660944
v -0.0122097443 -0.0798312986 0.00253296749
v -0.0122097443 -0.0801049568 0.0023209334
v -0.0121810076 -0.0803675443 0.00216421236
v -0.0121810076 -0.0805636905 0.00197324994
v -0.0121502195 -0.0807677491 0.00182838194
v -0.0121502195 -0.0809053692 0.00165717417
v -0.0121163525 -0.0809480787 0.00168746466
v -0.0121163525 -0.0810682975 0.00151889093
v -0.0120783793 -0.0811094251 0.00154654754
v -0.0120373285 -0.0811473888 0.00157288731
v -0.0119942242 -0.0811853525 0.00159790987
v -0.0119942242 -0.0812945005 0.00142406815
v -0.0119490677 -0.0813308822 0.00144513991
v -0.0119490677 -0.0814242109 0.00127393214
v -0.0118998064 -0.0814590107 0.00129105291
v -0.0118495183 -0.0814906467 0.00130817369
v -0.011796152 -0.0815207034 0.00132397753
v -0.0117417589 -0.0815460117 0.00133583039
v -0.0116863398 -0.0815681587 0.00134768316
v -0.0116288678 -0.081587142 0.00135821908
v -0.0115703698 -0.0816045405 0.00136612096
v -0.0115118711 -0.081617196 0.0013727059
v -0.011451321 -0.0816266876 0.00137797382
v -0.0113907702 -0.0816345945 0.00138192472
v -0.0113302194 -0.0815365201 0.00156630237
v -0.00915142159 -0.0815760684 0.00149913628
v -0.00914526384 -0.0815033022 0.00162424947
v -0.00904160873 -0.0815096299 0.00161107976
v -0.00892461272 -0.0814068124 0.00175989883
v -0.00879119627 -0.0812296466 0.00198773668
v -0.00865162137 -0.0810777891 0.00214709159
v -0.00880556391 -0.0813182295 0.00187052528
v -0.00836734125 -0.0808199502 0.00236044287
v -0.00851102109 -0.0809433329 0.00226825405
v -0.00840223497 -0.0809544064 0.00222347666
v -0.00360333681 -0.0730815942 0.00460458132
v -0.00689462544 -0.0792349448 0.00302288508
v -0.00715735375 -0.0796050956 0.00289118696
v -0.0074180296 -0.0799863199 0.00271866216
v -0.00679507595 -0.0792381087 0.0029333303
v -0.00669860569 -0.0792381087 0.00283982445
v -0.00628193484 -0.0785262819 0.00309663628
v -0.0055471162 -0.0771469198 0.00353914243
v -0.00490055794 -0.0757865381 0.00396321062
v -0.00807690337 -0.0805953264 0.00248687325
v -0.00796914332 -0.0806016542 0.00242760896
v -0.00767870544 -0.0803896886 0.00248687325
v -0.00786138395 -0.0806048181 0.00236702781
v -0.00825855513 -0.0808294391 0.00231171441
v -0.00221375003 -0.0704035404 0.00496148342
v -0.00302759207 -0.0719727237 0.0047534004
v -0.00181452604 -0.0695825656 0.00506420808
v -0.00181452604 -0.068699898 -0.00561257021
v -0.00258629053 -0.0702928104 -0.00541238864
v -0.00339192268 -0.0719727237 -0.00511738453
v -0.00388864334 -0.0730088279 -0.00493300688
v -0.00528951923 -0.0757137718 -0.00437987428
v -0.00603973192 -0.0770773174 -0.00403745874
v -0.00646974435 -0.0777638359 -0.00386098322
v -0.00657853047 -0.0777401069 -0.00394131919
v -0.00669142153 -0.0777132168 -0.00401638707
v -0.00712143396 -0.0784171366 -0.00377669619
v -0.00723637784 -0.0783886618 -0.00384122823
v -0.00766228498 -0.0791273815 -0.00352383543
v -0.00792911859 -0.0794975323 -0.00335262801
v -0.0116658137 -0.0759336471 -0.00484608615
v -0.0116062896 -0.077170646 -0.00446284429
v -0.0116658137 -0.0771627364 -0.00444308929
v -0.0116062896 -0.0781007688 -0.00409804005
v -0.0115457388 -0.0787872847 -0.00380040191
v -0.0116062896 -0.078779375 -0.003785915
v -0.00972306071 -0.0658415174 -0.00661874447
v -0.0117161018 -0.0720011958 -0.00575085311
v -0.0117232856 -0.0759273221 -0.00482238043
v -0.0117232856 -0.0744071732 -0.00523327908
v -0.00819184656 -0.0798882455 -0.00313927655
v -0.00830371155 -0.0798597734 -0.00318273692
v -0.00841557655 -0.0798312986 -0.00322224656
v -0.00837965676 -0.079369401 -0.00351725066
v -0.00849049501 -0.0793314373 -0.00354622413
v -0.00848228512 -0.0789597073 -0.00374903975
v -0.0112994313 -0.0788015221 -0.00382937571
v -0.0113569032 -0.0787999401 -0.00382674167
v -0.0114215583 -0.0793488386 -0.00353042054
v -0.0114841619 -0.0793440928 -0.00352120173
v -0.0115457388 -0.0793377651 -0.00350934887
v -0.0102095187 -0.0658415174 0.00612437889
v -0.0122097443 -0.0720011958 0.00524726871
v -0.0122333486 -0.0742774628 0.00469940385
v -0.0122333486 -0.0757707188 0.00429640734
v -0.0122333486 -0.0769681721 0.00390262964
v -0.0122333486 -0.0778666562 0.00354967827
v -0.0122333486 -0.0785152083 0.0032507231
v -0.0122333486 -0.0790340528 0.00297679067
v -0.0122333486 -0.0794453311 0.00272788098
v -0.0122333486 -0.0797964987 0.00248687325
v -0.0122333486 -0.0800669931 0.00227483899
v -0.0122333486 -0.0802900322 0.00208124252
v -0.0122097443 -0.0803295779 0.00212338604
v -0.0122097443 -0.080520981 0.00193374047
v -0.0122097443 -0.0806823301 0.00175594776
v -0.0121810076 -0.0807266188 0.00179282336
v -0.0121810076 -0.0808626597 0.00162424947
v -0.0121502195 -0.0810240061 0.00149123432
v -0.0121163525 -0.0811726997 0.00135163414
v -0.0120783793 -0.0812154092 0.00137797382
v -0.0120373285 -0.0812565368 0.00140167945
v -0.0119942242 -0.0813878292 0.00125549442
v -0.0119490677 -0.0815048841 0.00110667535
v -0.0118998064 -0.0815396839 0.00112247919
v -0.0118495183 -0.0815729046 0.00113696601
v -0.011796152 -0.0816013766 0.0011501358
v -0.0117417589 -0.0816298515 0.00116067164
v -0.0116863398 -0.0816519958 0.00117120756
v -0.0116288678 -0.081672561 0.00118042637
v -0.0115703698 -0.0816883776 0.00118832834
v -0.0115118711 -0.081702615 0.00119359626
v -0.011451321 -0.0817121066 0.00119886417
v -0.0113302194 -0.0816377584 0.00138324174
v -0.0113907702 -0.0817200135 0.00120149813
v -0.0091565526 -0.0816345945 0.00138982668
v -0.00904776648 -0.0815729046 0.00150177015
v -0.0089379543 -0.0815175396 0.00158473999
v -0.00881993224 -0.0814163012 0.00172960817
v -0.00868446296 -0.0812391355 0.00195217827
v -0.00854488806 -0.0810888627 0.00210758211
v -0.00869985667 -0.0813261364 0.00183628373
v -0.00829344885 -0.0809591495 0.00217738224
v -0.0084371287 -0.0810951877 0.00206543877
v -0.00351815532 -0.0730989927 0.00448736976
v -0.00297217294 -0.0719727237 0.00468623431
v -0.00705575214 -0.0796082595 0.00280689992
v -0.00731437517 -0.0799879019 0.00264096007
v -0.0075729982 -0.0803896886 0.0024157561
v -0.00695620266 -0.0796082595 0.00271997919
v -0.00660521397 -0.0792349448 0.00274236788
v -0.00619264805 -0.0785262819 0.00299259459
v -0.00546193504 -0.0771532448 0.00342719861
v -0.00481537678 -0.0757976117 0.0038486331
v -0.00814976901 -0.0808341849 0.00226035208
v -0.00804200965 -0.0808373488 0.00220503886
v -0.00775465065 -0.0806048181 0.00230117858
v -0.00793630241 -0.0808341849 0.00214577474
v -0.00213472629 -0.0704241028 0.00483900411
v -0.00181452604 -0.0696110376 0.00504313641
v -0.00181452604 -0.0689403384 -0.00548087174
v -0.00248674104 -0.070326031 -0.00530702993
v -0.00327800521 -0.0719727237 -0.00501729392
v -0.00379012027 -0.0730357208 -0.00482896554
v -0.00518689087 -0.0757375009 -0.0042824177
v -0.00593505109 -0.0770994645 -0.00394658694
v -0.00636198464 -0.0777844011 -0.00377537917
v -0.0067899446 -0.0784867363 -0.00355412626
v -0.00689873072 -0.078467753 -0.0036331452
v -0.00701059572 -0.0784440268 -0.00370821308
v -0.00743650287 -0.0791764187 -0.00340267314
v -0.00749192199 -0.0791653451 -0.00343428065
v -0.00760481305 -0.0791400369 -0.00349486197
v -0.00781520078 -0.0795228405 -0.00329994848
v -0.00807998225 -0.0799119745 -0.00309186511
v -0.0116658137 -0.0780912772 -0.0040782854
v -0.0117232856 -0.0771548294 -0.00441938392
v -0.0116062896 -0.0793282735 -0.00349354495
v -0.0116658137 -0.0793187846 -0.00347510732
v -0.0116658137 -0.0787698861 -0.00376616035
v -0.00976513826 -0.0658415174 -0.00659767279
v -0.0117797315 -0.0720011958 -0.0057192456
v -0.0117797315 -0.0759194124 -0.00479472399
v -0.0117797315 -0.0744008455 -0.00520562229
v -0.0117797315 -0.0771453378 -0.00439304416
v -0.00826573964 -0.0801049568 -0.0029891408
v -0.00837657788 -0.0800812305 -0.00303260116
v -0.00852641479 -0.0797980807 -0.00325648811
v -0.00848844288 -0.0800527585 -0.00307079344
v -0.00859825506 -0.0800227017 -0.00310503499
v -0.00863520091 -0.0797632808 -0.0032867786
v -0.00869267285 -0.0795687138 -0.00341057493
v -0.00865162137 -0.0794437492 -0.00348432613
v -0.0112994313 -0.0793520025 -0.00353568829
v -0.0113569032 -0.0793520025 -0.00353437161
v -0.0113569032 -0.0797949168 -0.00326834097
v -0.0114215583 -0.0797917529 -0.00326307288
v -0.0114841619 -0.0797854252 -0.00325385407
v -0.0115457388 -0.0797790975 -0.00324331823
v -0.0102167025 -0.0658415174 0.0061085753
v -0.0102351758 -0.0658415174 0.00606379791
v -0.0122364274 -0.0720011958 0.00518010263
v -0.0122538739 -0.0720011958 0.00512742344
v -0.0122538739 -0.0742616435 0.0046401399
v -0.0122538739 -0.0757533175 0.00423846007
v -0.0122538739 -0.0769491889 0.00384731607
v -0.0122538739 -0.0778429272 0.00349568172
v -0.0122538739 -0.0784883182 0.00319804392
v -0.0122538739 -0.0790039988 0.00292542851
v -0.0122538739 -0.0794136952 0.00267783567
v -0.0122538739 -0.0800290294 0.0022300616
v -0.0122538739 -0.079760117 0.00243814479
v -0.0122538739 -0.0802504866 0.00203778216
v -0.0122333486 -0.0804798534 0.001894231
v -0.0122333486 -0.0806380359 0.00171907234
v -0.0122097443 -0.0808167863 0.00159000808
v -0.0122097443 -0.0809322594 0.00142933615
v -0.0121810076 -0.0809797147 0.00145962664
v -0.0121810076 -0.081080953 0.00129895488
v -0.0121502195 -0.0811268264 0.00132529447
v -0.0121502195 -0.0812154092 0.00116725658
v -0.0121163525 -0.0812612826 0.0011909623
v -0.0120783793 -0.081305574 0.00121335099
v -0.0120373285 -0.0813467016 0.00123573969
v -0.0119942242 -0.0814669204 0.00108955457
v -0.0119490677 -0.0815776504 0.000923614807
v -0.0118998064 -0.0816140321 0.000936784602
v -0.0118495183 -0.08164725 0.000948637461
v -0.011796152 -0.0816788887 0.00096049032
v -0.0117417589 -0.0817057788 0.00096970922
v -0.0116863398 -0.0817295051 0.000978928033
v -0.0116288678 -0.0817500703 0.000985512974
v -0.0115703698 -0.0817674716 0.000992097915
v -0.0115118711 -0.0817437425 0.00109745654
v -0.011451321 -0.0817532341 0.00110009049
v -0.0113907702 -0.0817611438 0.00110404139
v -0.0112994313 -0.0816440861 0.00137138888
v -0.0113302194 -0.0817231774 0.00120281507
v -0.0112994313 -0.0816757248 0.00130553973
v -0.00915963148 -0.081701033 0.0012541774
v -0.00905289818 -0.0816425042 0.00137007194
v -0.00895026981 -0.0816488319 0.00134636623
v -0.00894513812 -0.0815792323 0.00147674741
v -0.00883327381 -0.0815238673 0.00155708338
v -0.008714225 -0.081421047 0.00169800066
v -0.00857670291 -0.0812454632 0.00191530267
v -0.00859312337 -0.0813308822 0.00180072515
v -0.00818568949 -0.0809623134 0.00212601991
v -0.00832936864 -0.0810983515 0.00202066138
v -0.00846996961 -0.0812486271 0.00187447618
v -0.00343810517 -0.073114812 0.00436752449
v -0.00288391257 -0.0719727237 0.00456770573
v -0.00721277287 -0.0799879019 0.00255930725
v -0.00746934378 -0.0803865248 0.00234068805
v -0.00764996947 -0.0806000722 0.00223401249
v -0.00711425014 -0.0799831561 0.00247502039
v -0.0070188056 -0.0799736645 0.00238678246
v -0.00651490078 -0.0792286198 0.00264227709
v -0.00692541388 -0.0799625909 0.00229459364
v -0.00610644049 -0.0785215361 0.00288460184
v -0.00538188489 -0.0771548294 0.00331262144
v -0.0047363527 -0.0758055186 0.00373010485
v -0.00807895618 -0.0809623134 0.00207334056
v -0.0079722222 -0.0809575703 0.00201671031
v -0.00783059517 -0.0808294391 0.00208387657
v -0.0020608339 -0.070441504 0.00471257373
v -0.00181452604 -0.069767641 0.0049206571
v -0.00181452604 -0.0691681233 -0.00534522255
v -0.00239129685 -0.0703560851 -0.00519640348
v -0.0031702455 -0.0719727237 -0.00491193521
v -0.00369570213 -0.073061029 -0.00471965577
v -0.00508836814 -0.0757580633 -0.00418101007
v -0.00583344913 -0.0771184449 -0.00385044739
v -0.00625730415 -0.0778017996 -0.00368582439
v -0.0066832113 -0.0785025556 -0.00347115625
v -0.00716145938 -0.0792207101 -0.0032248806
v -0.00721585175 -0.0792128004 -0.00326307288
v -0.00732566462 -0.0791969811 -0.00333419003
v -0.00753605235 -0.0795750416 -0.00314717868
v -0.00759147147 -0.07956555 -0.00318010321
v -0.00764791734 -0.0795560584 -0.00321171072
v -0.00770333647 -0.0795465695 -0.00324200121
v -0.00775978165 -0.0795354959 -0.00327097502
v -0.00796811725 -0.0799341188 -0.00303918593
v -0.00815387464 -0.0801286858 -0.00294172936
v -0.0117232856 -0.0780817856 -0.00405457969
v -0.0117232856 -0.0787588126 -0.00374377166
v -0.0116062896 -0.0797680266 -0.00322751465
v -0.0116658137 -0.0797569531 -0.0032103937
v -0.0117232856 -0.0793061291 -0.00345403564
v -0.00978463759 -0.0658415174 -0.0065871373
v -0.0118659394 -0.0720011958 -0.00566524939
v -0.00983389896 -0.0658415174 -0.00655816349
v -0.0118341239 -0.0743929386 -0.00517401478
v -0.0118341239 -0.0759099208 -0.00476575018
v -0.0117797315 -0.0780707121 -0.00402823992
v -0.0118341239 -0.0780580566 -0.00400058314
v -0.0118341239 -0.0771342643 -0.00436275367
v -0.00833860528 -0.0803311598 -0.0028205669
v -0.00844944421 -0.0803090154 -0.00286271024
v -0.00855925571 -0.0802837045 -0.00290221972
v -0.00870704049 -0.0799894838 -0.00313664285
v -0.00866906857 -0.0802552324 -0.00293777829
v -0.00877682794 -0.0802267603 -0.00296806878
v -0.008831221 -0.0800100462 -0.00312478999
v -0.0112994313 -0.0797949168 -0.00326965799
v -0.0112994313 -0.0794437492 -0.00348300911
v -0.0112994313 -0.0800021365 -0.00313137476
v -0.0113569032 -0.0799879019 -0.00313927655
v -0.0114215583 -0.079984738 -0.0031340088
v -0.0114841619 -0.0799784103 -0.00312610667
v -0.0115457388 -0.0801619037 -0.00297860462
v -0.0116062896 -0.0801524121 -0.00296411806
v -0.0102392814 -0.0658415174 0.00605194505
v -0.0102546751 -0.0658415174 0.00600585098
v -0.0122641366 -0.0720011958 0.00509449891
v -0.0122713205 -0.0742474088 0.00458219263
v -0.0122713205 -0.0757359189 0.0041805128
v -0.0122713205 -0.0769286265 0.00378936915
v -0.0122713205 -0.077817619 0.00343905147
v -0.0122713205 -0.078461428 0.00314404737
v -0.0122713205 -0.078973942 0.00287143213
v -0.0122713205 -0.0793804746 0.00262647334
v -0.0122713205 -0.0797253172 0.00238941651
v -0.0122713205 -0.0799894838 0.00218265016
v -0.0122713205 -0.0802077771 0.00199300477
v -0.0122713205 -0.0803928525 0.00180994414
v -0.0122538739 -0.080435562 0.00185340451
v -0.0122538739 -0.0805937472 0.00167956286
v -0.0122538739 -0.0807234549 0.00151889093
v -0.0122333486 -0.080770913 0.00155444951
v -0.0122333486 -0.0808832221 0.00139641153
v -0.0122333486 -0.0809812966 0.0012410076
v -0.0122097443 -0.0810319158 0.00126998124
v -0.0121810076 -0.081166372 0.00114223393
v -0.0121810076 -0.0812391355 0.000990780892
v -0.0121502195 -0.0812881727 0.00101185265
v -0.0121163525 -0.08133721 0.00103292432
v -0.0120783793 -0.0813815014 0.00105267906
v -0.0120373285 -0.0814242109 0.00107111686
v -0.0120373285 -0.0814969744 0.000894641171
v -0.0119942242 -0.0815381047 0.000909127989
v -0.0119942242 -0.0815982128 0.000727384384
v -0.0119490677 -0.0816377584 0.000739237243
v -0.0118998064 -0.0816757248 0.000751090101
v -0.0118495183 -0.0817089427 0.000761625938
v -0.011796152 -0.0817405787 0.000770844837
v -0.0117417589 -0.0817690508 0.000778746715
v -0.0116863398 -0.0817927798 0.00078533157
v -0.0116288678 -0.0818149241 0.000790599573
v -0.0115703698 -0.0818323254 0.000797184428
v -0.0115118711 -0.0818149241 0.00089990909
v -0.0115118711 -0.0817817062 0.000997365833
v -0.011451321 -0.0817927798 0.00100131673
v -0.0113302194 -0.0817643077 0.00110535841
v -0.0113907702 -0.0817991075 0.00100395069
v -0.0112994313 -0.0817231774 0.00120281507
v -0.00916373642 -0.0817848701 0.00105531302
v -0.00905905593 -0.0817215982 0.00120149813
v -0.00884661539 -0.0816504139 0.00132134357
v -0.00884045763 -0.0815839781 0.00145040782
v -0.00895642757 -0.0817247621 0.00118042637
v -0.00872859264 -0.0815254493 0.00152810974
v -0.00873577714 -0.0815855573 0.00142275121
v -0.00860851776 -0.081422629 0.00166375911
v -0.00850178445 -0.081422629 0.00162556649
v -0.00848639006 -0.0813308822 0.00175989883
v -0.00822160928 -0.0810983515 0.00197193292
v -0.0083632363 -0.0812486271 0.00183233283
v -0.00336421277 -0.0731274675 0.00424241114
v -0.00284901884 -0.0719727237 0.00451502654
v -0.00466040818 -0.0758102644 0.00361025924
v -0.00736876823 -0.0803786151 0.00226430315
v -0.00754734111 -0.0805921626 0.00216157849
v -0.00772694074 -0.0808215294 0.00201934436
v -0.00727127156 -0.0803675443 0.00218265016
v -0.00717480096 -0.0803533069 0.00209968032
v -0.00642971928 -0.0792191282 0.00253955243
v -0.00683715384 -0.0799467743 0.00220108796
v -0.00708243529 -0.0803343237 0.00201275942
v -0.00602639034 -0.0785152083 0.00277529241
v -0.00530593969 -0.0771532448 0.00319409285
v -0.00811487597 -0.0810936057 0.00192057059
v -0.00800916873 -0.081087278 0.00186525736
v -0.00790448756 -0.0810746253 0.00180862712
v -0.00199309926 -0.0704557415 0.00458350965
v -0.00181452604 -0.0700903365 0.00462828704
v -0.00181452604 -0.0699511344 0.00476130219
v -0.00181452604 -0.069936897 0.00477447207
v -0.00280386242 -0.0719727237 0.00444522641
v -0.00181452604 -0.0693816708 -0.00520693931
v -0.002300984 -0.0703829752 -0.00508050893
v -0.00306864355 -0.0719727237 -0.00480130876
v -0.00360538929 -0.0730831761 -0.00460639527
v -0.0049929236 -0.0757754646 -0.00407301731
v -0.00573492606 -0.0771342643 -0.00375035643
v -0.00647795458 -0.0785262819 -0.00328941264
v -0.00657853047 -0.0785167903 -0.00338291849
v -0.00700341121 -0.0792381087 -0.00310371797
v -0.00705575214 -0.0792333656 -0.00314454464
v -0.00747447547 -0.0799926477 -0.00275076677
v -0.00752784178 -0.0799894838 -0.00278764237
v -0.00748165929 -0.0795829512 -0.00311293713
v -0.00769102095 -0.0799752464 -0.00289036686
v -0.00780083313 -0.0799610117 -0.00295358222
v -0.00785625226 -0.0799530993 -0.00298255568
v -0.00791269813 -0.0799436104 -0.00301152949
v -0.00804303571 -0.0801460844 -0.00289036686
v -0.00822776703 -0.080350143 -0.00277315546
v -0.0117797315 -0.0787461571 -0.00371874892
v -0.0117232856 -0.0797427157 -0.00318932203
v -0.0116658137 -0.0801397566 -0.00294699711
v -0.0117232856 -0.080125522 -0.00292724246
v -0.0117797315 -0.0792918917 -0.0034290129
v -0.0117797315 -0.079728481 -0.00316561631
v -0.0118854381 -0.0720011958 -0.00565076249
v -0.00988213426 -0.0658415174 -0.00652523896
v -0.0118854381 -0.074383447 -0.00514109025
v -0.0118854381 -0.0759004292 -0.00473019161
v -0.0118854381 -0.0771216088 -0.0043298288
v -0.0118854381 -0.0780454039 -0.00396634159
v -0.0118341239 -0.0787319224 -0.00368977545
v -0.0118854381 -0.0787161031 -0.00365816794
v -0.00840941879 -0.0805684363 -0.00262697044
v -0.00851923097 -0.0805478739 -0.00266911378
v -0.00862904316 -0.0805273087 -0.0027073064
v -0.00873782927 -0.0805004158 -0.00274154796
v -0.00884456258 -0.0804735257 -0.00277183844
v -0.00893590149 -0.080381779 -0.00284954054
v -0.00888458799 -0.0801935397 -0.00299440854
v -0.0112994313 -0.0801808869 -0.00300362736
v -0.0113569032 -0.0801793023 -0.00300099331
v -0.0114215583 -0.0801777231 -0.00299704259
v -0.0114841619 -0.0801713953 -0.00299045747
v -0.0115457388 -0.0804640341 -0.00274418183
v -0.0116062896 -0.0804513786 -0.00273101212
v -0.0102700695 -0.0658415174 0.00595053742
v -0.012283636 -0.0720011958 0.00500231009
v -0.012283636 -0.0757185177 0.0041212485
v -0.012283636 -0.0742331714 0.00452161131
v -0.012283636 -0.0769064794 0.00373142187
v -0.012283636 -0.07779389 0.00338242122
v -0.012283636 -0.0784329532 0.00308741712
v -0.012283636 -0.078943888 0.00281743576
v -0.012283636 -0.0793472567 0.00257379399
v -0.012283636 -0.0796889354 0.00233805418
v -0.012283636 -0.0799499382 0.00213392188
v -0.012283636 -0.0801650676 0.00194691035
v -0.012283636 -0.0803485611 0.00176780062
v -0.0122713205 -0.0805478739 0.00164137024
v -0.0122713205 -0.0807835657 0.00132924545
v -0.0122538739 -0.0808341849 0.00136216998
v -0.0122713205 -0.0806744204 0.0014820155
v -0.0122538739 -0.0809306774 0.00121071703
v -0.0122538739 -0.0810113506 0.00106321498
v -0.0122333486 -0.0810635517 0.00108955457
v -0.0122097443 -0.0811157528 0.00111589425
v -0.0122097443 -0.0811869344 0.000967075175
v -0.0121810076 -0.081305574 0.000824841127
v -0.0121502195 -0.0813561905 0.000841961904
v -0.0121163525 -0.0814052277 0.000860399618
v -0.0120783793 -0.0814526857 0.000877520395
v -0.0120373285 -0.0815555033 0.000715531525
v -0.0120373285 -0.0816013766 0.000537738859
v -0.0119942242 -0.0816440861 0.000546957758
v -0.0119490677 -0.0816867956 0.000556176615
v -0.0118998064 -0.0817231774 0.000565395515
v -0.0118495183 -0.08175798 0.000573297392
v -0.011796152 -0.0817896159 0.000579882333
v -0.0117417589 -0.081818088 0.00058646723
v -0.0116863398 -0.0818433989 0.000591735148
v -0.0116288678 -0.0818639614 0.000597003109
v -0.0115703698 -0.0818829446 0.000600954048
v -0.0115118711 -0.0818465628 0.00080113541
v -0.011451321 -0.0818259977 0.000903860071
v -0.0113907702 -0.0818339073 0.000905177008
v -0.0113302194 -0.0818022714 0.00100526771
v -0.0112994313 -0.0817848701 0.00105531302
v -0.00916476317 -0.0818022714 0.00100921869
v -0.00906418762 -0.0818101811 0.000978928033
v -0.00874193422 -0.0816504139 0.00129500389
v -0.00885277315 -0.0817247621 0.00115803768
v -0.00896155926 -0.0818117603 0.00096049032
v -0.0086228854 -0.0815254493 0.00149386819
v -0.00863109597 -0.0815823934 0.00139114362
v -0.00839607722 -0.0814163012 0.00158737404
v -0.00837965676 -0.0813293003 0.00171907234
v -0.00851820491 -0.0815207034 0.00145962664
v -0.008256503 -0.0812438813 0.0017849214
v -0.00329545207 -0.0731353745 0.00411466373
v -0.00272997037 -0.0719727237 0.00431879604
v -0.00459164713 -0.0758118463 0.00348646291
v -0.00744676556 -0.0805810918 0.00208782746
v -0.00762328632 -0.0808088767 0.00195086125
v -0.0078018592 -0.0810603878 0.00174804597
v -0.00734824283 -0.0805652724 0.00201012554
v -0.00725382436 -0.0805478739 0.00192978958
v -0.00634864306 -0.0792048908 0.00243287688
v -0.00675094594 -0.0799277911 0.00210494824
v -0.00699520133 -0.0803121793 0.00192320464
v -0.00723945671 -0.0807234549 0.00165190625
v -0.00594941907 -0.0785057195 0.00266203192
v -0.00446849303 -0.0758039366 0.00323491917
v -0.00452801778 -0.0758086825 0.00336134955
v -0.00587860556 -0.0784914821 0.00254877142
v -0.00581189733 -0.0784740808 0.00243287688
v -0.00815079576 -0.0812359716 0.00173751013
v -0.00804611459 -0.0812248981 0.0016861478
v -0.00794246016 -0.0812106634 0.00163215143
v -0.00193152238 -0.0704652303 0.00445181118
v -0.00181452604 -0.0702279566 0.00448210201
v -0.00181452604 -0.0700998281 0.00461906823
v -0.0026642882 -0.0719727237 0.00419104863
v -0.00181452604 -0.0695825656 -0.00506470535
v -0.0022158025 -0.0704067042 -0.00496198069
v -0.00297319935 -0.0719727237 -0.00468673124
v -0.00352020779 -0.0731021566 -0.00448786703
v -0.00490363681 -0.0757912839 -0.00396239086
v -0.00564050792 -0.0771453378 -0.00364499806
v -0.00638148397 -0.0785326096 -0.00319195607
v -0.00680020765 -0.0792491822 -0.00292855948
v -0.00684946901 -0.0792476003 -0.00297333687
v -0.00690078354 -0.0792460183 -0.00301679724
v -0.00695107097 -0.0792412725 -0.0030602576
v -0.00731848011 -0.0799958115 -0.00263618925
v -0.00736979429 -0.0799958115 -0.0026743817
v -0.00742213454 -0.0799942296 -0.00271389134
v -0.00768281038 -0.0804007622 -0.00247815136
v -0.00758223484 -0.0799863199 -0.00282320077
v -0.00778954437 -0.0803975983 -0.00254531745
v -0.00763662789 -0.0799815741 -0.00285744233
v -0.0078983298 -0.0803896886 -0.00260853264
v -0.00800711592 -0.080380197 -0.00266647991
v -0.0081169281 -0.0803675443 -0.00272179313
v -0.00830063268 -0.0805842556 -0.002579559
v -0.0118341239 -0.0792760751 -0.00340135612
v -0.0116658137 -0.0804387259 -0.00271389134
v -0.0117232856 -0.0804229065 -0.00269413652
v -0.0117797315 -0.0804055052 -0.00267306485
v -0.0117797315 -0.0801081207 -0.00290353674
v -0.0118341239 -0.0797110797 -0.00313927655
v -0.0118341239 -0.0800891402 -0.002878514
v -0.0119347001 -0.0720011958 -0.00561125319
v -0.00992010686 -0.0658415174 -0.00649626516
v -0.0119347001 -0.0758893556 -0.00469463303
v -0.0119347001 -0.0743755373 -0.00510289763
v -0.0119347001 -0.0780295845 -0.00393210003
v -0.0119347001 -0.0771089561 -0.00429427056
v -0.0118854381 -0.0792586738 -0.00337106563
v -0.0119347001 -0.0787002837 -0.00362392639
v -0.00847920624 -0.0808199502 -0.0023938645
v -0.00858799236 -0.0808041309 -0.00243600785
v -0.00869677779 -0.0807851476 -0.00247288344
v -0.00880453784 -0.0807645852 -0.002507125
v -0.00891127115 -0.0807408562 -0.00253873251
v -0.008948217 -0.0804308162 -0.00281003106
v -0.00902005726 -0.0807297827 -0.00255190239
v -0.0112994313 -0.0804308162 -0.00281003106
v -0.0113569032 -0.0804830173 -0.00276657052
v -0.0114215583 -0.0804782715 -0.00276130261
v -0.0114841619 -0.0804719438 -0.00275471767
v -0.0114841619 -0.0807234549 -0.00253478161
v -0.0115457388 -0.0807123841 -0.00252424577
v -0.0116062896 -0.0807013106 -0.00251239292
v -0.0102834111 -0.0658415174 0.00588337167
v -0.0122949254 -0.0720011958 0.00491670603
v -0.0122928726 -0.074217352 0.00446103
v -0.0102936745 -0.0658415174 0.00581488857
v -0.0122928726 -0.0756995372 0.00406066753
v -0.0122928726 -0.0768859142 0.00367215758
v -0.0122928726 -0.0777685817 0.00332315727
v -0.0122928726 -0.0784060631 0.00303078687
v -0.0122928726 -0.078912252 0.00276212253
v -0.0122928726 -0.0793124569 0.0025211148
v -0.0122928726 -0.079650969 0.00228800887
v -0.0122928726 -0.0799103898 0.00208651044
v -0.0122928726 -0.0801223581 0.00190081594
v -0.0122928726 -0.0804513786 0.00155971743
v -0.012283636 -0.0805004158 0.0015992269
v -0.0122928726 -0.0803026877 0.00172434025
v -0.012283636 -0.0806253832 0.00144382288
v -0.012283636 -0.0807313673 0.00129500389
v -0.012283636 -0.0808246933 0.00114881878
v -0.0122713205 -0.0808768944 0.00117910944
v -0.0122713205 -0.0809559856 0.00103555828
v -0.0122713205 -0.0810240061 0.000894641171
v -0.0122538739 -0.0810793711 0.000920980848
v -0.0122333486 -0.0811331514 0.00094468648
v -0.0122097443 -0.081251791 0.000805086391
v -0.0122097443 -0.081305574 0.0006417805
v -0.0121810076 -0.0813593543 0.000657584297
v -0.0121502195 -0.0814115554 0.000673388094
v -0.0121163525 -0.0814621746 0.000687874912
v -0.0120783793 -0.0815096299 0.000701044707
v -0.0120783793 -0.0815555033 0.000525886043
v -0.0120783793 -0.0815903058 0.000352044315
v -0.0120373285 -0.0816361792 0.000358629234
v -0.0119942242 -0.0816804679 0.000366531133
v -0.0119490677 -0.0817215982 0.00037311603
v -0.0118998064 -0.0817595619 0.000379700971
v -0.0118495183 -0.0817943617 0.000384968889
v -0.011796152 -0.0818259977 0.000390236807
v -0.0117417589 -0.0818560544 0.000394187746
v -0.0116863398 -0.0818797807 0.000399455707
v -0.0116288678 -0.081903507 0.000402089666
v -0.0115703698 -0.0819209083 0.000404723625
v -0.0115118711 -0.081897182 0.000604904987
v -0.011451321 -0.0818845265 0.000706312668
v -0.011451321 -0.0818576336 0.000803769369
v -0.0113302194 -0.0818354893 0.00090649403
v -0.0113907702 -0.0818639614 0.000806403328
v -0.0113302194 -0.0818671252 0.000806403328
v -0.0112994313 -0.0818702891 0.00080113541
v -0.0091668153 -0.0818528906 0.000856448636
v -0.00906623975 -0.0818560544 0.000841961904
v -0.00863725373 -0.0816440861 0.00126603026
v -0.00874911804 -0.0817215982 0.00113301503
v -0.0086454643 -0.0817152705 0.00110799237
v -0.0088589309 -0.0818085964 0.000942052521
v -0.00896463814 -0.0818544697 0.000826158064
v -0.00886098303 -0.0818513086 0.000809037287
v -0.00853257255 -0.0816361792 0.00123573969
v -0.00829036998 -0.0814083916 0.00154523052
v -0.00841249767 -0.0815127938 0.00142275121
v -0.00323284879 -0.0731417022 0.00398691633
v -0.00752373683 -0.0807930573 0.0018797441
v -0.00770128365 -0.0810429893 0.0016861478
v -0.0078398318 -0.0811916802 0.00157552118
v -0.00742624017 -0.0807724922 0.00180731009
v -0.00733182169 -0.0807503478 0.00172960817
v -0.00627167179 -0.0791890714 0.00232620132
v -0.00666884332 -0.0799056467 0.00200617448
v -0.00690899342 -0.0802868684 0.00183364986
v -0.00715119599 -0.0806934009 0.00157157028
v -0.00740981971 -0.0809654772 0.00148333235
v -0.00731950686 -0.0809338413 0.00141089835
v -0.00575134651 -0.0784551003 0.00231566548
v -0.00441615279 -0.075796027 0.00310848914
v -0.00317537685 -0.0731448661 0.00385653523
v -0.00619983222 -0.079168509 0.00221557469
v -0.00818568949 -0.0813957388 0.00150045313
v -0.00808203438 -0.0813799195 0.00145435872
v -0.00797837995 -0.0813593543 0.00140431341
v -0.00187610291 -0.07047314 0.00432011306
v -0.00181452604 -0.0703529212 0.00433196592
v -0.00263760471 -0.0719727237 0.00413310136
v -0.00181452604 -0.069766059 -0.00492115402
v -0.00213677876 -0.0704272666 -0.00483818436
v -0.00288493897 -0.0719727237 -0.00456820265
v -0.00344015798 -0.0731179759 -0.0043667044
v -0.00481845566 -0.0758023547 -0.00384781334
v -0.00555019508 -0.0771532448 -0.00353700531
v -0.00628706618 -0.0785357735 -0.00309318214
v -0.00670271063 -0.0792491822 -0.00283373661
v -0.00711732902 -0.0799910657 -0.0024702494
v -0.00716659039 -0.0799942296 -0.00251239292
v -0.0072168785 -0.0799958115 -0.00255453643
v -0.00726716593 -0.0799958115 -0.00259536276
v -0.00747344872 -0.0803944344 -0.00233328336
v -0.00757710383 -0.0803991802 -0.00240835123
v -0.00775875559 -0.0806143097 -0.00229377388
v -0.00786548889 -0.0806143097 -0.0023569889
v -0.0079722222 -0.0806127277 -0.00241888707
v -0.00808100831 -0.0806064 -0.00247683434
v -0.00818979443 -0.0805969111 -0.00253083071
v -0.00837042013 -0.0808326029 -0.00234908711
v -0.0116658137 -0.0806870732 -0.00249658916
v -0.0117232856 -0.0806696746 -0.00247815136
v -0.0118341239 -0.0803849428 -0.00264804211
v -0.0117797315 -0.0806506914 -0.00245707969
v -0.0118854381 -0.0796920993 -0.00310898606
v -0.0118854381 -0.0800685751 -0.00284954054
v -0.0119819087 -0.0720011958 -0.00557042652
v -0.00993652732 -0.0658415174 -0.00648309562
v -0.0119819087 -0.0758767029 -0.00465512373
v -0.0119819087 -0.0743660457 -0.00506338833
v -0.0119819087 -0.0770963006 -0.00425607794
v -0.0119819087 -0.0780137679 -0.00389522478
v -0.0119347001 -0.0792396906 -0.0033381411
v -0.0119347001 -0.0796715341 -0.00307737855
v -0.0119819087 -0.0786813033 -0.00358836781
v -0.00851307322 -0.0809544064 -0.00225689828
v -0.00862185933 -0.080941751 -0.00229640776
v -0.00872961939 -0.0809259316 -0.00233460021
v -0.00883635269 -0.0809069484 -0.00236752491
v -0.00894308599 -0.0808848041 -0.00239913242
v -0.00902929321 -0.080770913 -0.00251239292
v -0.0112994313 -0.0804830173 -0.00276788755
v -0.0112994313 -0.080770913 -0.00251239292
v -0.0113569032 -0.0807345285 -0.00254531745
v -0.0114215583 -0.0807297827 -0.00254136655
v -0.0114215583 -0.0809433329 -0.00233064931
v -0.0114841619 -0.0809354232 -0.00232406437
v -0.0115457388 -0.0809259316 -0.00231484556
v -0.0116062896 -0.0809132761 -0.0023029927
v -0.0122980036 -0.0720011958 0.00487851375
v -0.0122980036 -0.0742046993 0.00440308307
v -0.0102946998 -0.0658415174 0.00580566975
v -0.0122980036 -0.0756821359 0.0040053543
v -0.0122980036 -0.0768653518 0.00361684435
v -0.0122980036 -0.0777464347 0.00327047775
v -0.0122980036 -0.0783791702 0.00297810769
v -0.0122980036 -0.0788837772 0.00271207722
v -0.0122980036 -0.0792808182 0.00247238635
v -0.0122980036 -0.0796161691 0.00224059743
v -0.0122980036 -0.0798724289 0.00204173305
v -0.0122980036 -0.0800828125 0.0018573554
v -0.0122980036 -0.0804070899 0.00152152498
v -0.0122928726 -0.080576346 0.00140563043
v -0.0122980036 -0.0802599782 0.00168351376
v -0.0122928726 -0.0806791662 0.00125944532
v -0.0122928726 -0.0807693283 0.00111589425
v -0.0122928726 -0.0808452584 0.000978928033
v -0.012283636 -0.0809022053 0.00100790167
v -0.012283636 -0.0809670592 0.000869618517
v -0.0122713205 -0.0810841141 0.000743188138
v -0.0122538739 -0.081141061 0.000764259897
v -0.0122333486 -0.081196426 0.000784014633
v -0.0122333486 -0.0812502091 0.000625976702
v -0.0122333486 -0.0812913366 0.000466621792
v -0.0122097443 -0.0813467016 0.00047979163
v -0.0121810076 -0.0814020638 0.000491644489
v -0.0121502195 -0.0814558496 0.000504814327
v -0.0121163525 -0.081506466 0.000516667143
v -0.0121163525 -0.0815634129 0.00017030072
v -0.0120783793 -0.0816124502 0.00017425167
v -0.0120373285 -0.0816599055 0.000179519598
v -0.0121163525 -0.0815396839 0.000344142416
v -0.0119942242 -0.0817041969 0.000183470548
v -0.0119490677 -0.0817453245 0.000188738466
v -0.0118998064 -0.0817848701 0.000191372447
v -0.0118495183 -0.0818196699 0.000195323385
v -0.011796152 -0.0818513086 0.000199274345
v -0.0117417589 -0.0818797807 0.000201908304
v -0.0116863398 -0.0819066709 0.000204542263
v -0.0116288678 -0.0819288179 0.000207176222
v -0.0115703698 -0.0819462165 0.000208493223
v -0.0115118711 -0.0819351457 0.000408674564
v -0.011451321 -0.0819082555 0.000606221966
v -0.0113907702 -0.0819161625 0.000608855925
v -0.0113907702 -0.0818908542 0.000707629648
v -0.0113302194 -0.0818956001 0.000708946628
v -0.00916784136 -0.0818702891 0.00080113541
v -0.00906829257 -0.0818987639 0.00069314283
v -0.00875630254 -0.0818022714 0.000920980848
v -0.00865162137 -0.0817927798 0.00089990909
v -0.00854078312 -0.0817041969 0.00108033576
v -0.00896566421 -0.0818956001 0.000678656012
v -0.00875732861 -0.0818433989 0.000790599573
v -0.00886303585 -0.0818908542 0.000665486174
v -0.00842891813 -0.0816251057 0.00120281507
v -0.00830781718 -0.0815017202 0.00138455867
v -0.00760173417 -0.0810208422 0.00162029857
v -0.00773925626 -0.0811695359 0.00151757391
v -0.0078778044 -0.081335628 0.0013542681
v -0.0075042375 -0.0809955313 0.00155313248
v -0.00659187205 -0.0798803358 0.00190608386
v -0.0068268908 -0.0802583963 0.00174014401
v -0.00706498878 -0.0806586011 0.0014899173
v -0.00723022008 -0.0808974595 0.00133714733
v -0.00754323617 -0.0811141709 0.00139246064
v -0.00744881838 -0.081080953 0.00132661149
v -0.00735850553 -0.0810445685 0.00126076234
v -0.00569490098 -0.0784329532 0.00219713707
v -0.00638558926 -0.0797838433 0.001595276
v -0.00436996996 -0.0757833742 0.00297942471
v -0.00308095906 -0.0731401203 0.00359313864
v -0.00312508908 -0.0731432841 0.00372483676
v -0.00564461321 -0.078407645 0.0020799255
v -0.00181452604 -0.0704573234 0.00418841459
v -0.0026047638 -0.0719727237 0.00406066753
v -0.00651900606 -0.0798518637 0.0018033592
v -0.00645024502 -0.0798186431 0.00170063454
v -0.00820313601 -0.0814859036 0.00134373227
v -0.00809948158 -0.0814669204 0.00130027181
v -0.00799787929 -0.0814431941 0.00125549442
v -0.00181452604 -0.0699194985 -0.00479077292
v -0.00206288637 -0.0704446679 -0.00471175398
v -0.00280386242 -0.0719727237 -0.00444572334
v -0.00336523918 -0.0731306286 -0.00424159104
v -0.00473840551 -0.0758086825 -0.00372928475
v -0.00546501392 -0.0771579906 -0.00342506184
v -0.00619675334 -0.0785357735 -0.0029891408
v -0.00661034532 -0.0792460183 -0.00273759689
v -0.00702188448 -0.0799815741 -0.00238201164
v -0.00727435044 -0.0803770332 -0.00217656232
v -0.00737287317 -0.0803865248 -0.00225689828
v -0.00755144674 -0.0806016542 -0.00215417362
v -0.0076540751 -0.0806095639 -0.00222529078
v -0.00783264798 -0.0808405126 -0.00207515468
v -0.00793835522 -0.0808452584 -0.00213705285
v -0.00804508852 -0.0808484223 -0.00219500012
v -0.00815284789 -0.0808452584 -0.00225031334
v -0.00826163401 -0.0808405126 -0.00230167567
v -0.00840531385 -0.0809638953 -0.00221343792
v -0.0116658137 -0.0808990415 -0.00228718894
v -0.0117232856 -0.0808800582 -0.00227006817
v -0.0117797315 -0.0808594958 -0.00225163037
v -0.0118854381 -0.0803612165 -0.0026203855
v -0.0118341239 -0.0806285471 -0.00243337397
v -0.0118854381 -0.0806048181 -0.00240835123
v -0.0118341239 -0.0808373488 -0.00222924167
v -0.0119347001 -0.080044846 -0.00281924988
v -0.0119347001 -0.0803374875 -0.00259272888
v -0.0120003819 -0.0720011958 -0.0055519889
v -0.0100217092 -0.0658415174 -0.00640407633
v -0.00997244711 -0.0658415174 -0.00645148777
v -0.0120260397 -0.0758640474 -0.00461298038
v -0.0120260397 -0.0743549721 -0.00502124498
v -0.0120260397 -0.0770804812 -0.0042139346
v -0.0120260397 -0.0779963666 -0.00385439811
v -0.0119819087 -0.0792207101 -0.00330258253
v -0.0119819087 -0.0800211198 -0.00278632535
v -0.0119819087 -0.079649387 -0.003043137
v -0.0120260397 -0.0786607381 -0.00354754115
v -0.00854694088 -0.0810983515 -0.00209754337
v -0.00865367418 -0.0810888627 -0.00213705285
v -0.00876143355 -0.0810746253 -0.00217261142
v -0.00886816754 -0.0810588059 -0.00220553595
v -0.00897387478 -0.0810398254 -0.00223450959
v -0.00906931863 -0.0809654772 -0.00231879645
v -0.0112994313 -0.0809480787 -0.00233591723
v -0.0113569032 -0.0809480787 -0.00233460021
v -0.0114215583 -0.0811268264 -0.00212783403
v -0.0114841619 -0.0811189167 -0.00212124909
v -0.0115457388 -0.0811094251 -0.00211203028
v -0.0116062896 -0.0810967696 -0.00210149427
v -0.0122990304 -0.0720011958 0.00482583423
v -0.0102988055 -0.0658415174 0.00574640511
v -0.0102998315 -0.0658415174 0.00571874867
v -0.0122990304 -0.0748564153 0.00418446386
v -0.0122990304 -0.0766929319 0.00362342912
v -0.0122990304 -0.0778571646 0.00316643607
v -0.0122990304 -0.0786813033 0.00276607343
v -0.0122990304 -0.0792665835 0.00241970699
v -0.0122990304 -0.079673116 0.00213392188
v -0.0122990304 -0.0799973935 0.00186657439
v -0.0122990304 -0.0802172687 0.00165454012
v -0.0122990304 -0.0803928525 0.00145962664
v -0.0122980036 -0.0805288907 0.00137007194
v -0.0122980036 -0.080630129 0.00122783781
v -0.0122980036 -0.0807187119 0.00108692061
v -0.0122980036 -0.08085475 0.000822207082
v -0.0122928726 -0.0809085331 0.000844595863
v -0.0122980036 -0.0807930573 0.000952588443
v -0.0122928726 -0.0809670592 0.000701044707
v -0.012283636 -0.081025588 0.000722116466
v -0.0122713205 -0.081134736 0.000591735148
v -0.0122538739 -0.0811916802 0.000608855925
v -0.0122538739 -0.0812328078 0.000454768976
v -0.0122538739 -0.0812628645 0.000298048025
v -0.0122333486 -0.0813213906 0.000308583904
v -0.0122097443 -0.0813783375 0.000317802782
v -0.0121810076 -0.0814352845 0.000327021661
v -0.0121502195 -0.0814890675 0.000334923538
v -0.0121060892 -0.0815903058 4.09956864e-07
v -0.0121502195 -0.0815112118 0.000165032791
v -0.0121502195 -0.0815238673 4.09956864e-07
v -0.0121337991 -0.0815491755 4.09956864e-07
v -0.0120670905 -0.0816393403 4.09956864e-07
v -0.0120321968 -0.0816788887 4.09956864e-07
v -0.0119942242 -0.0817168496 4.09956864e-07
v -0.0119808826 -0.0817295051 4.09956864e-07
v -0.0119347001 -0.0817706354 4.09956864e-07
v -0.0119172536 -0.0817848701 4.09956864e-07
v -0.0118495183 -0.0818339073 3.04392214e-06
v -0.0118248879 -0.0818497267 4.09956864e-07
v -0.011796152 -0.0818655433 4.36090469e-06
v -0.0117797315 -0.0818750349 4.09956864e-07
v -0.0117417589 -0.0818956001 5.67788725e-06
v -0.0117048124 -0.0819129986 4.09956864e-07
v -0.0116863398 -0.0819209083 5.67788725e-06
v -0.0116278418 -0.0819430526 4.09956864e-07
v -0.0115703698 -0.0819604539 6.99487014e-06
v -0.0115457388 -0.0819683636 -3.54099097e-06
v -0.0115118711 -0.0819762732 6.99487014e-06
v -0.0115118711 -0.0819604539 0.000209810203
v -0.011451321 -0.0819731094 0.000211127182
v -0.011451321 -0.0819462165 0.000409991543
v -0.0113907702 -0.0819541262 0.000411308523
v -0.0112994313 -0.0819351457 0.000539055838
v -0.0113302194 -0.0819193263 0.000608855925
v -0.0112994313 -0.0819193263 0.000608855925
v -0.00916989418 -0.0819351457 0.000539055838
v -0.00896669027 -0.0819288179 0.000531153961
v -0.00865470025 -0.0818323254 0.000772161774
v -0.00855104582 -0.081818088 0.000752407038
v -0.00854796694 -0.0817785424 0.000877520395
v -0.0084371287 -0.0816899595 0.00105136212
v -0.00876040748 -0.0818813626 0.000649682377
v -0.0087624603 -0.0819129986 0.000507448286
v -0.00832423764 -0.0816092863 0.00116857352
v -0.00763970677 -0.081142643 0.00145567574
v -0.00777722886 -0.0813087379 0.00130158884
v -0.00789627767 -0.0814163012 0.00120940001
v -0.00674991953 -0.0802267603 0.00164532131
v -0.00667602748 -0.0801935397 0.00154918159
v -0.00698391188 -0.0806222193 0.00140431341
v -0.00714503824 -0.080856332 0.00126207936
v -0.00727024481 -0.0810034437 0.00119227923
v -0.00718506366 -0.0809607314 0.00112247919
v -0.00767870544 -0.0812770992 0.00124627552
v -0.0075832609 -0.0812438813 0.00118964527
v -0.00748884311 -0.0812043357 0.001131698
v -0.0073975042 -0.0811632081 0.00107111686
v -0.00632709126 -0.0797474615 0.00149123432
v -0.00676018257 -0.0804925089 0.00114486788
v -0.00669450041 -0.0804450536 0.00105663004
v -0.00432789241 -0.0757707188 0.00285299433
v -0.00304196005 -0.0731337925 0.00346144017
v -0.00249392521 -0.0719727237 0.0037353726
v -0.00251034566 -0.0719727237 0.00379463689
v -0.00559843038 -0.0783791702 0.00196139709
v -0.00627167179 -0.0797079159 0.0013858757
v -0.00181452604 -0.0705443243 0.00404354658
v -0.00822058253 -0.0815903058 0.00113301503
v -0.00811795485 -0.0815665768 0.00109613951
v -0.00801635255 -0.0815396839 0.00105531302
v -0.00181452604 -0.0699353151 -0.00477628602
v -0.00199515173 -0.0704589026 -0.00458400658
v -0.00272997037 -0.0719727237 -0.00431929296
v -0.00329647814 -0.0731385383 -0.00411516066
v -0.00466348705 -0.0758134283 -0.00360943949
v -0.00538496377 -0.0771595725 -0.00331048432
v -0.00611157184 -0.0785310277 -0.00288114804
v -0.00652003247 -0.0792381087 -0.00263750627
v -0.00692849275 -0.0799689187 -0.00229113984
v -0.00717993196 -0.0803612165 -0.00209359248
v -0.00735234777 -0.080576346 -0.00200140365
v -0.00744984444 -0.0805905834 -0.00207910558
v -0.00762739126 -0.0808199502 -0.00194213936
v -0.00772899356 -0.080831021 -0.00200930562
v -0.00790756644 -0.0810841141 -0.00179858838
v -0.00797530107 -0.0809670592 -0.00200535455
v -0.00808203438 -0.080971805 -0.0020619848
v -0.00818876768 -0.080971805 -0.00211598117
v -0.0082975538 -0.080970223 -0.00216602648
v -0.00843918083 -0.0811046793 -0.00205539986
v -0.0116658137 -0.0810793711 -0.00208700754
v -0.0117232856 -0.0810603878 -0.00207120378
v -0.0117797315 -0.0810398254 -0.00205276598
v -0.0118854381 -0.0808120378 -0.00220421893
v -0.0119347001 -0.0805779279 -0.00238069462
v -0.0118341239 -0.0810145145 -0.00203169431
v -0.0118854381 -0.0809876243 -0.00200930562
v -0.0119819087 -0.0803121793 -0.00255980435
v -0.0120260397 -0.0720011958 -0.00552564913
v -0.0100576289 -0.0658415174 -0.00636325035
v -0.0120670905 -0.0758513919 -0.00456820265
v -0.0120670905 -0.0743439013 -0.00497646759
v -0.0120670905 -0.0770646619 -0.00417047423
v -0.0120670905 -0.0779773834 -0.00381093774
v -0.0120670905 -0.0786401757 -0.00350671483
v -0.0120260397 -0.0791969811 -0.00326307288
v -0.0120260397 -0.0796256607 -0.0030062614
v -0.0120260397 -0.0799958115 -0.00275076677
v -0.0120670905 -0.0791748368 -0.00322356358
v -0.00857875572 -0.0812533729 -0.00190394691
v -0.00868651509 -0.0812486271 -0.00194082251
v -0.00879119627 -0.0812391355 -0.00197638091
v -0.00900261006 -0.0812106634 -0.00203696223
v -0.00910421236 -0.0811679539 -0.00209095843
v -0.00908266021 -0.0810445685 -0.00223319257
v -0.0112994313 -0.0810445685 -0.00223319257
v -0.0113569032 -0.0811315722 -0.00213178493
v -0.0114215583 -0.081281845 -0.00193423757
v -0.0114841619 -0.0812739353 -0.00192896965
v -0.0115457388 -0.0812628645 -0.00192106769
v -0.0116062896 -0.0812486271 -0.00190921483
v -0.0116658137 -0.0812328078 -0.00189736197
v -0.0122990304 -0.0720011958 -0.00484608615
v -0.0102998315 -0.0658415174 -0.00570870976
v -0.0122990304 -0.0805368003 0.0012726152
v -0.0122990304 -0.0806554372 0.00109482249
v -0.0122990304 -0.0807519298 0.000920980848
v -0.0122990304 -0.0808294391 0.000748456057
v -0.0122980036 -0.0809116969 0.000679972992
v -0.0122980036 -0.0809575703 0.000540372818
v -0.0122928726 -0.0810145145 0.000556176615
v -0.012283636 -0.0810746253 0.000574614372
v -0.0122713205 -0.0811742817 0.000440282158
v -0.0122538739 -0.0812834269 0.000141327095
v -0.0122713205 -0.0812027538 0.000288829147
v -0.0122713205 -0.0812233189 0.000136059167
v -0.0122333486 -0.0813419558 0.000147912015
v -0.0122097443 -0.0814004846 0.000153179943
v -0.0121810076 -0.0814574288 0.000158447872
v -0.0121409829 -0.0815270312 -0.000162895886
v -0.0121060892 -0.0815776504 -0.000168163825
v -0.0120670905 -0.0816266876 -0.000172114764
v -0.0121727977 -0.0814859036 4.09956864e-07
v -0.0120260397 -0.081672561 -0.000176065713
v -0.0119819087 -0.0817168496 -0.000181333642
v -0.0119347001 -0.081756398 -0.000185284602
v -0.0118854381 -0.0817943617 -0.000189235541
v -0.0118495183 -0.0818339073 4.09956864e-07
v -0.0117797315 -0.0818623822 -0.00019582046
v -0.0117797315 -0.0818750349 -9.07025858e-07
v -0.0118341239 -0.0818307435 -0.000193186501
v -0.0117417589 -0.0818956001 4.09956864e-07
v -0.0117232856 -0.0818908542 -0.000198454419
v -0.0116658137 -0.0819145805 -0.000201088378
v -0.0116658137 -0.0819288179 -9.07025858e-07
v -0.0116062896 -0.0819367276 -0.000202405379
v -0.0115118711 -0.0819762732 4.09956864e-07
v -0.0115457388 -0.0819541262 -0.000205039338
v -0.0114677415 -0.0819841829 4.09956864e-07
v -0.0114215583 -0.0819920898 4.09956864e-07
v -0.0113907702 -0.0819794371 0.000211127182
v -0.0113302194 -0.0819841829 0.000212444162
v -0.0113302194 -0.08195729 0.000411308523
v -0.00916989418 -0.0819398915 0.000515350164
v -0.0090703447 -0.08195729 0.000402089666
v -0.00896874308 -0.0819541262 0.000392870766
v -0.00886714079 -0.0819462165 0.000383651909
v -0.00865777912 -0.0818687072 0.000632561643
v -0.00844841746 -0.0817991075 0.000730018343
v -0.00844431252 -0.081762723 0.000851180718
v -0.0085541247 -0.0818528906 0.000615440866
v -0.00833347359 -0.081672561 0.00102107146
v -0.00865983194 -0.0818987639 0.000494278448
v -0.00876451243 -0.0819351457 0.00037443301
v -0.00866188407 -0.0819209083 0.000362580194
v -0.00779672819 -0.0813862472 0.0011593547
v -0.00769820477 -0.0813530293 0.00110930931
v -0.00791577701 -0.0815096299 0.00101580355
v -0.00690591454 -0.0805826737 0.00131870961
v -0.00683099609 -0.0805399642 0.00123310573
v -0.00706293596 -0.0808136225 0.00118437736
v -0.00730924348 -0.0811189167 0.00100921869
v -0.00722406232 -0.0810698795 0.000947320439
v -0.00714195936 -0.0810192603 0.000884105335
v -0.00760378698 -0.0813150656 0.00105794698
v -0.00750936919 -0.0812739353 0.00100395069
v -0.0074180296 -0.0812296466 0.000948637461
v -0.00663087106 -0.0803944344 0.000967075175
v -0.00683817991 -0.0806680927 0.000947320439
v -0.00676941921 -0.0806127277 0.000868301495
v -0.00429197228 -0.0757533175 0.00272393008
v -0.00300809273 -0.0731243037 0.00332974204
v -0.00246108395 -0.0719727237 0.00360235745
v -0.00181452604 -0.0706249975 0.00388682572
v -0.00555840565 -0.0783491162 0.00184418569
v -0.00622241043 -0.0796652064 0.00127920014
v -0.00657339912 -0.0803406514 0.000877520395
v -0.00822981916 -0.0816504139 0.000989463956
v -0.00812821755 -0.0816251057 0.000955222402
v -0.00802558919 -0.0815950489 0.000919663826
v -0.00181452604 -0.0700903365 -0.00462878397
v -0.00181452604 -0.0702279566 -0.00448259894
v -0.00193254844 -0.0704683942 -0.00445230845
v -0.0026642882 -0.0719727237 -0.0041915459
v -0.00323490126 -0.0731448661 -0.00398609658
v -0.0045936996 -0.0758150102 -0.00348696018
v -0.00530901857 -0.0771579906 -0.00319195607
v -0.00603152169 -0.0785246999 -0.00277183844
v -0.00643485097 -0.0792286198 -0.00253346459
v -0.00683920631 -0.079954684 -0.00219763399
v -0.00708654024 -0.0803438153 -0.00200535455
v -0.0072579293 -0.0805573627 -0.00192106769
v -0.00743034511 -0.0807835657 -0.00179727135
v -0.00752784178 -0.0808025489 -0.00187102238
v -0.00770333647 -0.0810508962 -0.00167610889
v -0.00780493808 -0.0810698795 -0.00173800706
v -0.00784188462 -0.0811995899 -0.00156548244
v -0.00794451298 -0.0812169912 -0.00162079567
v -0.0080481674 -0.0812328078 -0.00167479204
v -0.00801224761 -0.0810967696 -0.00185521862
v -0.00811795485 -0.0811030973 -0.00190921483
v -0.00822468815 -0.0811062612 -0.00196057716
v -0.00833142146 -0.0811078431 -0.00200930562
v -0.00847202174 -0.0812565368 -0.00186443744
v -0.0117232856 -0.0812122454 -0.00188155822
v -0.0117797315 -0.0811885163 -0.00186443744
v -0.0118341239 -0.0811632081 -0.00184599964
v -0.0119347001 -0.0807835657 -0.00217787934
v -0.0119347001 -0.0809591495 -0.0019855999
v -0.0119819087 -0.0807550936 -0.00215022273
v -0.0119819087 -0.0805510378 -0.00234908711
v -0.0118854381 -0.0811363152 -0.00182492797
v -0.0120260397 -0.080520981 -0.00231747943
v -0.0120260397 -0.0802837045 -0.0025255628
v -0.0120588806 -0.0720011958 -0.00548745686
v -0.0100668656 -0.0658415174 -0.00635271417
v -0.0121060892 -0.0758371573 -0.00452210858
v -0.0121060892 -0.0743328278 -0.00492773914
v -0.0121060892 -0.0720011958 -0.00542819256
v -0.0121060892 -0.0779584029 -0.00376616035
v -0.0121060892 -0.0770488453 -0.00412437982
v -0.0121060892 -0.0786196106 -0.00346325446
v -0.0120670905 -0.0799673367 -0.00271389134
v -0.0120670905 -0.0796003498 -0.00296675176
v -0.0120670905 -0.0802536505 -0.00249000422
v -0.0121060892 -0.0791511077 -0.00318142024
v -0.00859517618 -0.0813387919 -0.00178673552
v -0.00870088273 -0.081335628 -0.00182229409
v -0.00880761672 -0.0813277184 -0.00185653565
v -0.00891229721 -0.0813166448 -0.00188814316
v -0.00901697839 -0.0813024102 -0.00191579977
v -0.00911755393 -0.0812644437 -0.00196979614
v -0.0112994313 -0.0812644437 -0.00196979614
v -0.0112994313 -0.0811315722 -0.00213310195
v -0.0113569032 -0.0812865908 -0.00193818846
v -0.0114215583 -0.0814147193 -0.00174722605
v -0.0114841619 -0.0814068124 -0.00174195813
v -0.0115457388 -0.0813957388 -0.00173405616
v -0.0116062896 -0.0813815014 -0.00172352033
v -0.0116658137 -0.0813641029 -0.00171298449
v -0.0122949254 -0.0720011958 -0.00491588628
v -0.0122959515 -0.074211027 -0.00443123678
v -0.0122990304 -0.0741967896 -0.00437197248
v -0.0102957266 -0.0658415174 -0.00579167977
v -0.0122990304 -0.0808942957 0.000574614372
v -0.0122980036 -0.0809939521 0.000400772686
v -0.0122928726 -0.0810524782 0.000412625502
v -0.0122990304 -0.0809433329 0.000394187746
v -0.012283636 -0.081112589 0.00042711232
v -0.012283636 -0.081141061 0.000279610269
v -0.0122538739 -0.0812945005 4.09956864e-07
v -0.0122446373 -0.0813261364 4.09956864e-07
v -0.012279531 -0.0811995899 4.09956864e-07
v -0.0122672155 -0.0812454632 4.09956864e-07
v -0.012226164 -0.0813751737 4.09956864e-07
v -0.0122128232 -0.0814036485 4.09956864e-07
v -0.0121727977 -0.0814732481 -0.000157627957
v -0.0121727977 -0.0814526857 -0.000326201735
v -0.0121409829 -0.0815048841 -0.000334103633
v -0.0120670905 -0.0816029586 -0.00035122441
v -0.0121060892 -0.0815539213 -0.000343322511
v -0.0120260397 -0.0816488319 -0.000357809329
v -0.0122005076 -0.0814194651 -0.000151043048
v -0.0119347001 -0.081732669 -0.000370979168
v -0.0119819087 -0.0816915414 -0.000364394227
v -0.0118854381 -0.0817706354 -0.000377564065
v -0.0117797315 -0.0818370712 -0.000388099902
v -0.0118341239 -0.0818054353 -0.000382831983
v -0.0117232856 -0.0818639614 -0.000393367863
v -0.0116658137 -0.0818892723 -0.000396001822
v -0.0116062896 -0.0819114167 -0.00039995276
v -0.0114841619 -0.0819667816 -0.000206356318
v -0.0114841619 -0.081981019 -3.54099097e-06
v -0.0115457388 -0.081927236 -0.000403903699
v -0.0114841619 -0.0819414734 -0.000405220678
v -0.0114215583 -0.0819920898 -4.85797386e-06
v -0.0113856385 -0.0819952537 4.09956864e-07
v -0.0112994313 -0.0819778552 0.000265123472
v -0.0113302194 -0.0819984176 8.31185236e-06
v -0.0112994313 -0.0819999995 4.09956864e-07
v -0.00917297306 -0.081988926 0.00016898373
v -0.00917194699 -0.0819778552 0.00027170837
v -0.0112994313 -0.08195729 0.000411308523
v -0.00917092024 -0.08195729 0.000409991543
v -0.0089707959 -0.081982601 0.000159764852
v -0.00886816754 -0.0819731094 0.000155813913
v -0.00876656524 -0.0819620358 0.000149228994
v -0.00845149634 -0.0818323254 0.000597003109
v -0.00834476303 -0.0817769604 0.000707629648
v -0.00834065809 -0.0817421606 0.000826158064
v -0.00855720358 -0.0818813626 0.00047979163
v -0.00845457522 -0.0818607975 0.000465304812
v -0.00855925571 -0.081903507 0.000352044315
v -0.00866393688 -0.0819462165 0.000143961065
v -0.00781622753 -0.0814748301 0.000973660115
v -0.00771873086 -0.0814384483 0.000928882725
v -0.00792603971 -0.081561831 0.000884105335
v -0.00698391188 -0.0807677491 0.00110667535
v -0.00690899342 -0.0807187119 0.00102765641
v -0.00733079563 -0.0811821886 0.000893324149
v -0.00726613987 -0.081196426 0.000691825851
v -0.00706293596 -0.0809654772 0.000818256187
v -0.00718403759 -0.0811378999 0.00064046352
v -0.00710296069 -0.0810777891 0.000589101189
v -0.00762328632 -0.0813957388 0.000884105335
v -0.00753092066 -0.0813514474 0.0008366939
v -0.00743958174 -0.0813024102 0.000789282551
v -0.00678070797 -0.0807202938 0.000552225676
v -0.00698699075 -0.0809069484 0.000753724061
v -0.00691412511 -0.0808484223 0.000686557932
v -0.00684536407 -0.0807851476 0.000620708784
v -0.00426221025 -0.075734337 0.0025974997
v -0.00298140958 -0.0731116482 0.00319804392
v -0.00242311169 -0.0719727237 0.0033929574
v -0.00181452604 -0.0706819444 0.00374722546
v -0.00181452604 -0.0706771986 0.00375907832
v -0.00552351192 -0.0783158983 0.00172565728
v -0.006177254 -0.0796209149 0.00117384152
v -0.00613722893 -0.0795750416 0.00106979984
v -0.00652003247 -0.0802852864 0.000789282551
v -0.00671913109 -0.0806538553 0.000485059548
v -0.00823802973 -0.0817168496 0.000798501451
v -0.00813642744 -0.0816883776 0.000772161774
v -0.00803585189 -0.0816567416 0.000741871202
v -0.00181452604 -0.0703465934 -0.00433904795
v -0.00187712932 -0.0704763039 -0.00432060998
v -0.00317742932 -0.0731480299 -0.00385703216
v -0.00453006991 -0.0758118463 -0.0033605298
v -0.00447157191 -0.0758071005 -0.00323541644
v -0.00581702868 -0.0784835724 -0.00242942308
v -0.00588373725 -0.0785009737 -0.00254531745
v -0.00595455076 -0.0785136264 -0.00265989497
v -0.00635274835 -0.0792143824 -0.00242810605
v -0.00675402481 -0.0799341188 -0.00210149427
v -0.0069982802 -0.0803216709 -0.00191711679
v -0.00724356166 -0.0807313673 -0.00164450138
v -0.00733592732 -0.0807598394 -0.00172220331
v -0.00750731638 -0.0810034437 -0.00154309374
v -0.00760481305 -0.0810287519 -0.00161025983
v -0.00774130907 -0.0811758609 -0.00150621815
v -0.00777928099 -0.0813166448 -0.00128891605
v -0.00787985722 -0.0813435377 -0.00134159532
v -0.00798145883 -0.081367264 -0.00139164071
v -0.00808408719 -0.0813878292 -0.00144168611
v -0.00815284789 -0.0812438813 -0.0017261542
v -0.00818774162 -0.0814036485 -0.0014864635
v -0.00825855513 -0.081251791 -0.00177488266
v -0.00836528843 -0.0812565368 -0.00182097707
v -0.00848844288 -0.0813403739 -0.00174854307
v -0.0117232856 -0.0813419558 -0.00169849759
v -0.0117797315 -0.0813182295 -0.00168269383
v -0.0118341239 -0.0812929185 -0.00166425603
v -0.0119347001 -0.0811062612 -0.00180253927
v -0.0119819087 -0.0809275136 -0.00195794329
v -0.0120260397 -0.0807234549 -0.00211993207
v -0.0120260397 -0.0808942957 -0.00193028667
v -0.0118854381 -0.0812644437 -0.00164450138
v -0.0120670905 -0.080489345 -0.0022845549
v -0.0101089431 -0.0658415174 -0.00629871797
v -0.0121409829 -0.0758229199 -0.00447338012
v -0.0121409829 -0.0743201723 -0.00487901068
v -0.0121409829 -0.077031444 -0.00407696838
v -0.0121604822 -0.0720011958 -0.00534258851
v -0.010140758 -0.0658415174 -0.00625130653
v -0.0101346002 -0.0658415174 -0.00626052535
v -0.0121409829 -0.0779394197 -0.00372006594
v -0.0121409829 -0.0785958843 -0.00341716005
v -0.0121409829 -0.0791257995 -0.00313664285
v -0.0121060892 -0.0799388646 -0.00267306485
v -0.0121060892 -0.0795734596 -0.00292592543
v -0.0121060892 -0.0802220145 -0.00245312862
v -0.0121409829 -0.0795465695 -0.00288378209
v -0.00860954382 -0.0814321206 -0.00164845228
v -0.00871627713 -0.0814305386 -0.00168401086
v -0.0088209583 -0.0814257928 -0.00171561836
v -0.00892666554 -0.0814163012 -0.001744592
v -0.00903031996 -0.0814052277 -0.00177224861
v -0.00912679057 -0.0813387919 -0.00187102238
v -0.0112994313 -0.0812881727 -0.00193950549
v -0.0113569032 -0.0814194651 -0.00174985992
v -0.0113569032 -0.0815381047 -0.0015628484
v -0.0114215583 -0.0815333589 -0.0015588975
v -0.0114841619 -0.0815238673 -0.0015549466
v -0.0115457388 -0.0815127938 -0.00154836166
v -0.0116062896 -0.0814969744 -0.00153914268
v -0.0116658137 -0.0814795759 -0.00152860684
v -0.0117232856 -0.0814574288 -0.00151543713
v -0.0122887677 -0.0720011958 -0.00496856546
v -0.0122887677 -0.0742252617 -0.00449050073
v -0.0102946998 -0.0658415174 -0.00580353263
v -0.0102895688 -0.0658415174 -0.0058496267
v -0.0122959515 -0.0756916275 -0.00403219099
v -0.0122990304 -0.0756742262 -0.00397424372
v -0.0122980036 -0.0810208422 0.000259855533
v -0.0122928726 -0.0810793711 0.000269074411
v -0.0122990304 -0.0810176783 4.09956864e-07
v -0.0122928726 -0.0810983515 0.000122889339
v -0.012283636 -0.0811600443 0.000129474258
v -0.0122641366 -0.0812486271 -0.000133922272
v -0.0122466901 -0.081305574 -0.00014182417
v -0.012226164 -0.0813641029 -0.00014577512
v -0.0122846627 -0.081166372 4.09956864e-07
v -0.0122887677 -0.0811299875 -0.000123386414
v -0.012279531 -0.0811885163 -0.000128654343
v -0.0122005076 -0.0813989027 -0.000316982856
v -0.0122005076 -0.081367264 -0.000481605706
v -0.0121727977 -0.0814194651 -0.000493458522
v -0.0121409829 -0.0814716662 -0.000505311381
v -0.0121060892 -0.0815207034 -0.000517164239
v -0.0120670905 -0.0815697407 -0.000527700076
v -0.0120260397 -0.0816140321 -0.000536918975
v -0.0119819087 -0.0816583235 -0.000546137832
v -0.0119347001 -0.0816962872 -0.000555356732
v -0.0118854381 -0.0817342509 -0.000564575589
v -0.0118341239 -0.0817690508 -0.000572477509
v -0.0117797315 -0.0818006895 -0.000579062406
v -0.0117232856 -0.0818275796 -0.000585647304
v -0.0116658137 -0.0818513086 -0.000590915265
v -0.0116062896 -0.081871871 -0.000596183183
v -0.0115457388 -0.0819114167 -0.000501360442
v -0.0114215583 -0.0819651997 -0.000307763978
v -0.0114215583 -0.0819762732 -0.000207673297
v -0.0114215583 -0.081950965 -0.000406537658
v -0.0114841619 -0.0819240721 -0.000503994401
v -0.0113722969 -0.0819952537 -1.40768521e-05
v -0.0113569032 -0.081982601 -0.000207673297
v -0.00916989418 -0.0819999995 4.09956864e-07
v -0.0112994313 -0.0819905107 -0.000147092099
v -0.00907137144 -0.0819857649 0.000165032791
v -0.0089707959 -0.0819920898 4.09956864e-07
v -0.00891948172 -0.081988926 4.09956864e-07
v -0.00876759131 -0.0819715274 4.09956864e-07
v -0.008660858 -0.0819557081 4.09956864e-07
v -0.00834886798 -0.0818085964 0.000578565353
v -0.00824623962 -0.0817817062 0.000558810574
v -0.00824316074 -0.0817500703 0.000683923931
v -0.00835399967 -0.0818560544 0.00032833864
v -0.00835194686 -0.0818354893 0.000449501015
v -0.00845662803 -0.0818813626 0.000341508457
v -0.00845868016 -0.0819050917 0.000130791238
v -0.00856130852 -0.081927236 0.000138693136
v -0.00782751629 -0.0815254493 0.000844595863
v -0.00763457508 -0.0814431941 0.000765576834
v -0.00772899356 -0.0814859036 0.000806403328
v -0.00793630241 -0.0816219418 0.000710263607
v -0.00783675292 -0.0815823934 0.000679972992
v -0.00735132102 -0.081251791 0.000740554179
v -0.00728871808 -0.0812723561 0.000471889753
v -0.00720558905 -0.0812090815 0.000433697261
v -0.0071255389 -0.0811442249 0.000395504768
v -0.00704856763 -0.0810746253 0.000358629234
v -0.00702804224 -0.0810129325 0.000536421879
v -0.00744984444 -0.0813451197 0.000682606951
v -0.00754118335 -0.0813941569 0.000724750425
v -0.00681765451 -0.0808088767 0.000378383991
v -0.00695414984 -0.0809480787 0.000485059548
v -0.00688436274 -0.0808784763 0.000432380281
v -0.00423757956 -0.0757137718 0.00247106932
v -0.00295985743 -0.0730989927 0.00306766247
v -0.00240874371 -0.0719727237 0.00325994191
v -0.00181452604 -0.0707562899 0.00346670826
v -0.00181452604 -0.0707262359 0.00360630852
v -0.00549374955 -0.0782810984 0.00160844571
v -0.00647077076 -0.0802267603 0.000699727728
v -0.0061013088 -0.0795260043 0.000965758238
v -0.00638456285 -0.0801065388 0.000521935061
v -0.0066616595 -0.0805858348 0.000417893463
v -0.0066082925 -0.0805162352 0.000350727335
v -0.00675505122 -0.0807361104 0.00032570466
v -0.00814566407 -0.0817500703 0.000537738859
v -0.00804406246 -0.0817152705 0.000516667143
v -0.00181452604 -0.0704557415 -0.00419022888
v -0.00255447602 -0.0719727237 -0.00392946633
v -0.00312714155 -0.073146448 -0.00372533403
v -0.00441820526 -0.0757991908 -0.00310766904
v -0.00575647786 -0.0784645892 -0.00231352853
v -0.00620496356 -0.0791780006 -0.00221212089
v -0.00627680349 -0.079198563 -0.0023214305
v -0.0066729486 -0.0799119745 -0.00200272068
v -0.00691309836 -0.08029636 -0.00182756201
v -0.00715427487 -0.0807013106 -0.0015628484
v -0.00732258574 -0.080940169 -0.00140217655
v -0.00741289859 -0.0809733869 -0.00147461064
v -0.00754631505 -0.0811204986 -0.00138242181
v -0.00764278565 -0.0811505526 -0.001445637
v -0.00768075825 -0.0812850089 -0.00123491976
v -0.00779775426 -0.0813941569 -0.00114668192
v -0.0078983298 -0.0814242109 -0.00119541029
v -0.00799890604 -0.0814511011 -0.0012415047
v -0.00810153371 -0.0814748301 -0.00128496507
v -0.00820518882 -0.0814938106 -0.00132842552
v -0.00829242279 -0.0814163012 -0.00153124089
v -0.00830884325 -0.0815096299 -0.00136925202
v -0.00838170889 -0.08133721 -0.00170639955
v -0.00850383727 -0.0814305386 -0.00161157685
v -0.0117797315 -0.0814321206 -0.00150095023
v -0.0118341239 -0.0814052277 -0.00148514647
v -0.0118854381 -0.0813751737 -0.0014680257
v -0.0119347001 -0.0812312258 -0.00162474656
v -0.0119819087 -0.081196426 -0.00160104102
v -0.0119819087 -0.0810730433 -0.00177619968
v -0.0120670905 -0.0806886551 -0.00208700754
v -0.0120670905 -0.0808579112 -0.00189999601
v -0.0120260397 -0.0810382408 -0.00174985992
v -0.0120670905 -0.0810002798 -0.00172352033
v -0.0121060892 -0.0804561271 -0.00224767947
v -0.0121060892 -0.0806538553 -0.00205408301
v -0.0121727977 -0.0758071005 -0.00442333464
v -0.0121727977 -0.0743075168 -0.00482764852
v -0.0121727977 -0.0720011958 -0.00532283386
v -0.0121727977 -0.0779188573 -0.00367133748
v -0.0121727977 -0.0770124635 -0.0040269229
v -0.01017052 -0.0658415174 -0.00620257842
v -0.0121727977 -0.0785737372 -0.00336974861
v -0.0121727977 -0.0790989094 -0.00309054843
v -0.0121727977 -0.0795180947 -0.00283900453
v -0.0121409829 -0.0799088106 -0.00263223835
v -0.0121409829 -0.0801903758 -0.00241361915
v -0.0121727977 -0.0798771719 -0.00259009484
v -0.00862493821 -0.0815349409 -0.00147724451
v -0.00872961939 -0.0815365201 -0.00151016921
v -0.00883532594 -0.0815333589 -0.00153914268
v -0.00893898037 -0.0815286131 -0.00156811631
v -0.00904263548 -0.0815191215 -0.00159313905
v -0.00914321102 -0.0814827398 -0.00165635424
v -0.00914013215 -0.0814447761 -0.00171561836
v -0.0112994313 -0.0814447761 -0.00171561836
v -0.0112994313 -0.0815396839 -0.0015628484
v -0.0112994313 -0.081593467 -0.00146934272
v -0.0113569032 -0.0816377584 -0.00137978785
v -0.0114215583 -0.0816330153 -0.00137583687
v -0.0114841619 -0.0816235237 -0.00137188598
v -0.0115457388 -0.0816124502 -0.00136530104
v -0.0116062896 -0.0815966308 -0.00135739916
v -0.0116658137 -0.0815776504 -0.00134818026
v -0.0117232856 -0.0815555033 -0.0013363274
v -0.0117797315 -0.0815301951 -0.0013231576
v -0.012279531 -0.0720011958 -0.0050304638
v -0.012279531 -0.0742394991 -0.004548448
v -0.012279531 -0.0757264273 -0.00414808519
v -0.0122887677 -0.075709026 -0.00408882124
v -0.0102782801 -0.0658415174 -0.00591020836
v -0.0122887677 -0.0768969878 -0.00370031129
v -0.0122959515 -0.0768748434 -0.00364368104
v -0.0122990304 -0.0768542783 -0.00358705079
v -0.0122980036 -0.0810398254 0.00011762141
v -0.0122959515 -0.0810825349 4.09956864e-07
v -0.0122990304 -0.0810081867 -0.000111533566
v -0.0122928726 -0.0811078431 4.09956864e-07
v -0.0122887677 -0.0811378999 4.09956864e-07
v -0.012279531 -0.0811695359 -0.000281424323
v -0.0122641366 -0.081228062 -0.000290643201
v -0.0122466901 -0.0812850089 -0.000299862079
v -0.012226164 -0.0813419558 -0.000307763978
v -0.0122959515 -0.0810682975 -0.000116801495
v -0.0122959515 -0.081049317 -0.000261669587
v -0.0122887677 -0.0811094251 -0.000272205445
v -0.012226164 -0.0813119018 -0.000468435868
v -0.0121727977 -0.0813767556 -0.00065939833
v -0.012226164 -0.0812707715 -0.000629107758
v -0.0122005076 -0.0813245545 -0.000644911555
v -0.0121060892 -0.081476412 -0.000689688945
v -0.0121409829 -0.0814273748 -0.000675202127
v -0.0120260397 -0.0815681587 -0.000716028622
v -0.0120670905 -0.0815238673 -0.000704175763
v -0.0119347001 -0.0816504139 -0.000739734253
v -0.0119819087 -0.0816108682 -0.000729198417
v -0.0118854381 -0.0816867956 -0.000750270175
v -0.0118341239 -0.0817200135 -0.000760806012
v -0.0117797315 -0.0817500703 -0.000770024911
v -0.0117232856 -0.0817785424 -0.000777926789
v -0.0116658137 -0.0818022714 -0.000784511729
v -0.0116062896 -0.0818497267 -0.000693639884
v -0.0115457388 -0.0818908542 -0.000598817142
v -0.0114841619 -0.081903507 -0.000602768081
v -0.0113569032 -0.08195729 -0.00040785468
v -0.0113569032 -0.0819715274 -0.000307763978
v -0.0114215583 -0.0819335637 -0.000505311381
v -0.0114215583 -0.0819129986 -0.00060540204
v -0.0112994313 -0.0819841829 -0.000207673297
v -0.00917297306 -0.081988926 -0.000164212876
v -0.00907137144 -0.0819873468 -0.000160261927
v -0.0089707959 -0.081982601 -0.000156310977
v -0.0088691936 -0.0819746913 -0.000149726069
v -0.00876656524 -0.0819636178 -0.000144458129
v -0.00866393688 -0.0819478012 -0.000140507191
v -0.00856130852 -0.081927236 -0.000132605292
v -0.00856233458 -0.0819351457 4.09956864e-07
v -0.00825137131 -0.0818259977 0.000315168802
v -0.00825445019 -0.0818481448 0.00011762141
v -0.00835605248 -0.0818781988 0.000124206329
v -0.00841968149 -0.081903507 4.09956864e-07
v -0.00774130907 -0.0815381047 0.000647048418
v -0.00764586453 -0.0814922314 0.000614123886
v -0.00794451298 -0.081677304 0.000494278448
v -0.00784701562 -0.0816345945 0.000470572773
v -0.00775054502 -0.0815887212 0.000446867056
v -0.00737389992 -0.0813308822 0.000507448286
v -0.00738416262 -0.0813720098 0.000344142416
v -0.00729898078 -0.0813087379 0.000316485781
v -0.00721585175 -0.0812438813 0.000288829147
v -0.00713580229 -0.0811758609 0.000262489492
v -0.00706498878 -0.0811252444 0.000108402532
v -0.00697570199 -0.0810050229 0.000319119762
v -0.0075524728 -0.0814416122 0.000578565353
v -0.00746215996 -0.0813878292 0.00054300682
v -0.00690488848 -0.0809306774 0.000279610269
v -0.00683817991 -0.080856332 0.000241417776
v -0.00516123378 -0.0776198881 0.00163741935
v -0.00441512638 -0.0760965781 0.00213128783
v -0.00310764222 -0.0734232701 0.00276739045
v -0.00181452604 -0.070778437 0.00320199464
v -0.00558200992 -0.0784819905 0.00128446806
v -0.00655800473 -0.0804434717 0.000283561229
v -0.0062829609 -0.0799167176 0.000432380281
v -0.00605512631 -0.079450077 0.000772161774
v -0.00651182224 -0.0803707082 0.000217712102
v -0.00669552681 -0.080661765 0.00027170837
v -0.00664010735 -0.0805842556 0.000219029081
v -0.00677352415 -0.0807788199 0.000201908304
v -0.00815079576 -0.0817927798 0.000301998985
v -0.00805021953 -0.081756398 0.000288829147
v -0.00181452604 -0.0705459063 -0.00404140981
v -0.00251034566 -0.0719727237 -0.00379513416
v -0.00308198513 -0.0731432841 -0.00359363556
v -0.00437202243 -0.07578812 -0.00298123866
v -0.00570003233 -0.0784408629 -0.00219500012
v -0.00638969455 -0.0797917529 -0.00159182203
v -0.0064543503 -0.0798265555 -0.00169718074
v -0.00652208494 -0.0798581914 -0.00179990523
v -0.00659495092 -0.0798866635 -0.00190131304
v -0.00683099609 -0.0802678879 -0.00173405616
v -0.00706909372 -0.0806680927 -0.00148119558
v -0.00723329896 -0.0809037845 -0.00132842552
v -0.00736055766 -0.0810508962 -0.00125204054
v -0.00745189726 -0.081087278 -0.00131920662
v -0.00758531371 -0.0812502091 -0.00117828951
v -0.00770128365 -0.0813593543 -0.00109663661
v -0.00772078299 -0.0814447761 -0.000913575981
v -0.00781827965 -0.0814827398 -0.000957036435
v -0.00791782914 -0.0815175396 -0.000999179866
v -0.00801840537 -0.0815475936 -0.00103868934
v -0.00812000698 -0.0815744865 -0.00107819881
v -0.00822263534 -0.0815982128 -0.00111507432
v -0.0083252637 -0.081617196 -0.0011506329
v -0.00839813003 -0.0814242109 -0.00157338423
v -0.00841455048 -0.0815222854 -0.00140744447
v -0.00842994419 -0.0816345945 -0.00118487445
v -0.00851923097 -0.0815301951 -0.00144300296
v -0.0118341239 -0.0815017202 -0.00130998781
v -0.0118854381 -0.0814700843 -0.00129286703
v -0.0119347001 -0.0814368664 -0.00127574626
v -0.0119347001 -0.0813419558 -0.00144827087
v -0.0119819087 -0.081307156 -0.0014271992
v -0.0120260397 -0.0811600443 -0.0015773353
v -0.0121060892 -0.0808215294 -0.00186838833
v -0.0121060892 -0.0809623134 -0.00169322967
v -0.0120670905 -0.0811220806 -0.00155099554
v -0.0121060892 -0.0810825349 -0.00152333892
v -0.0121409829 -0.0804213246 -0.00221080387
v -0.0121409829 -0.0806174735 -0.00201852443
v -0.0122005076 -0.0757912839 -0.00437065546
v -0.0122005076 -0.0742948641 -0.004774969
v -0.0122025598 -0.0720011958 -0.00526356956
v -0.0101920715 -0.0658415174 -0.00616043507
v -0.0122005076 -0.0778967102 -0.00362129235
v -0.0122005076 -0.0769950622 -0.00397424372
v -0.0122005076 -0.078548429 -0.00332102015
v -0.0122005076 -0.0790720165 -0.003043137
v -0.0122005076 -0.079845536 -0.00254663447
v -0.0122005076 -0.0794864587 -0.00279291029
v -0.0121727977 -0.0801571579 -0.00237279283
v -0.00863212203 -0.081591885 -0.00137320291
v -0.00873680321 -0.0815950489 -0.00140349357
v -0.0088414837 -0.0815950489 -0.00143246712
v -0.00894616487 -0.0815903058 -0.00145880688
v -0.00904879323 -0.0815823934 -0.00148251243
v -0.00915347372 -0.0816045405 -0.00144827087
v -0.0112994313 -0.0816393403 -0.00137978785
v -0.0112994313 -0.0817200135 -0.00121121404
v -0.0113569032 -0.0817231774 -0.00119804425
v -0.0114215583 -0.0817184343 -0.00119672723
v -0.0114841619 -0.0817089427 -0.00119277633
v -0.0115457388 -0.0816962872 -0.00118750841
v -0.0116062896 -0.0816804679 -0.00117960645
v -0.0116658137 -0.0816614874 -0.00117038763
v -0.0117232856 -0.0816377584 -0.00116116873
v -0.0117797315 -0.0816124502 -0.0011506329
v -0.0122641366 -0.0720011958 -0.00509367882
v -0.0102752012 -0.0658415174 -0.00592469526
v -0.0102649378 -0.0658415174 -0.00597078933
v -0.0122641366 -0.0742537365 -0.00460639527
v -0.0122641366 -0.0757422467 -0.00420471544
v -0.0122641366 -0.0769365334 -0.00381357179
v -0.012279531 -0.0769175529 -0.00375694154
v -0.012279531 -0.0778049635 -0.00340794123
v -0.0122887677 -0.0777812372 -0.00335131098
v -0.0122959515 -0.0777575082 -0.00329731444
v -0.0122990304 -0.0777337819 -0.00324068419
v -0.0122990304 -0.0809907882 -0.000252450709
v -0.0122641366 -0.0811980079 -0.000443413171
v -0.0122887677 -0.081080953 -0.000417073537
v -0.012279531 -0.0811394791 -0.000431560355
v -0.0122466901 -0.0812565368 -0.000456583009
v -0.0122959515 -0.0810224242 -0.000405220678
v -0.0122005076 -0.0812707715 -0.000808217361
v -0.0121727977 -0.0813213906 -0.00082665516
v -0.0121409829 -0.0813720098 -0.000845092874
v -0.0122466901 -0.0812154092 -0.00061330396
v -0.0122466901 -0.0811632081 -0.000770024911
v -0.012226164 -0.0812169912 -0.000789779647
v -0.0121060892 -0.0814194651 -0.000862213651
v -0.0120670905 -0.0814669204 -0.000879334428
v -0.0120260397 -0.0815096299 -0.000895138268
v -0.0119347001 -0.0815903058 -0.000924111818
v -0.0119819087 -0.0815507575 -0.000909625085
v -0.0118854381 -0.0816251057 -0.000937281699
v -0.0118341239 -0.0816583235 -0.000949134557
v -0.0117797315 -0.0816883776 -0.000959670394
v -0.0117232856 -0.0817152705 -0.000968889293
v -0.0116062896 -0.0818228338 -0.000791096584
v -0.0116658137 -0.0817374148 -0.000978108107
v -0.0116062896 -0.0817927798 -0.000888553327
v -0.0115457388 -0.0818655433 -0.000697590822
v -0.0114841619 -0.0818797807 -0.000701541804
v -0.0112994313 -0.08195729 -0.000418390517
v -0.0113569032 -0.0819398915 -0.00050662836
v -0.00917194699 -0.0819746913 -0.000291960181
v -0.0113569032 -0.0819193263 -0.00060671902
v -0.0114215583 -0.0818892723 -0.000704175763
v -0.0090703447 -0.0819604539 -0.000389416924
v -0.00896874308 -0.0819557081 -0.000381515004
v -0.00886714079 -0.0819478012 -0.000372296147
v -0.00876451243 -0.0819367276 -0.000361760268
v -0.00866188407 -0.0819224902 -0.00035254139
v -0.00855925571 -0.0819050917 -0.000342005532
v -0.00845970691 -0.0819050917 -0.000127337363
v -0.00835707855 -0.0818861084 4.09956864e-07
v -0.0081754261 -0.0818275796 4.09956864e-07
v -0.00815387464 -0.0818133449 0.000111036502
v -0.00835605248 -0.0818781988 -0.000120752444
v -0.00765612723 -0.0815396839 0.000421844402
v -0.0075627355 -0.0814874856 0.000395504768
v -0.0079516968 -0.0817152705 0.00027434235
v -0.00785317338 -0.081670979 0.000259855533
v -0.00766228498 -0.0815729046 0.00022693098
v -0.00775772952 -0.0816235237 0.000244051735
v -0.00747242265 -0.0814305386 0.000370482071
v -0.00747960648 -0.0814605927 0.000195323385
v -0.00739134644 -0.0813989027 0.000178202608
v -0.00730719135 -0.0813340461 0.000161081842
v -0.00722303626 -0.0812676076 0.000143961065
v -0.00714298611 -0.0811980079 0.000126840288
v -0.00700956897 -0.0810746253 4.09956864e-07
v -0.00699212245 -0.081049317 8.99647754e-05
v -0.00716556432 -0.0812264828 4.09956864e-07
v -0.00692028287 -0.0809733869 7.28440039e-05
v -0.00685254789 -0.0808942957 5.44062475e-05
v -0.00181452604 -0.070778437 -0.00318142024
v -0.00657545159 -0.0804956728 4.09956864e-07
v -0.00661137138 -0.0805557808 4.09956864e-07
v -0.00642356186 -0.0802030313 0.000141327095
v -0.00646256053 -0.0802837045 1.75307306e-05
v -0.00666679085 -0.0806459456 4.09956864e-07
v -0.00672528885 -0.0807297827 1.75307306e-05
v -0.00678686573 -0.0808120378 3.59684883e-05
v -0.00805329841 -0.0817769604 0.000103134603
v -0.00795374961 -0.0817358329 9.52327043e-05
v -0.00181452604 -0.0706218336 -0.00389390775
v -0.00304298646 -0.0731369564 -0.00346062041
v -0.00432994488 -0.0757738826 -0.00285217441
v -0.00564974456 -0.0784155547 -0.0020764717
v -0.00633017014 -0.0797537892 -0.0014864635
v -0.00669757928 -0.0804513786 -0.00104922517
v -0.00676428751 -0.0805004158 -0.00113746302
v -0.00668013242 -0.0802014494 -0.00154309374
v -0.00675299841 -0.0802346672 -0.00163923347
v -0.0069880175 -0.080630129 -0.00139822557
v -0.00706498878 -0.0808199502 -0.00117828951
v -0.00714811712 -0.0808626597 -0.0012546745
v -0.00718608972 -0.0809670592 -0.00111375739
v -0.00727332369 -0.0810097687 -0.00118355743
v -0.00731232236 -0.0811252444 -0.00100049689
v -0.00739955633 -0.0811695359 -0.00106107803
v -0.00749089592 -0.0812122454 -0.00112034224
v -0.00760481305 -0.0813213906 -0.00104527428
v -0.00762533913 -0.0814020638 -0.000868798591
v -0.00773104568 -0.0814922314 -0.000789779647
v -0.00782854304 -0.0815333589 -0.000827972097
v -0.00792706577 -0.0815697407 -0.00086484761
v -0.00802661525 -0.0816029586 -0.000901723123
v -0.00812821755 -0.0816314307 -0.000935964676
v -0.00823187198 -0.0816583235 -0.000968889293
v -0.00833450034 -0.0816804679 -0.00100181382
v -0.00852744154 -0.0815855573 -0.00134159532
v -0.00853462537 -0.0816456681 -0.00121648196
v -0.00843815476 -0.0816994511 -0.00103078746
v -0.00854180919 -0.0817121066 -0.0010597611
v -0.0118341239 -0.0815823934 -0.00113746302
v -0.0118854381 -0.0815507575 -0.0011229762
v -0.0119819087 -0.0813989027 -0.00125730846
v -0.0119347001 -0.0815159576 -0.00110848938
v -0.0119819087 -0.081477994 -0.00109136869
v -0.0120260397 -0.0812691923 -0.00140481051
v -0.0121409829 -0.0807819838 -0.0018354638
v -0.0121409829 -0.0809211858 -0.00166293918
v -0.0121409829 -0.0810398254 -0.00149568231
v -0.0120670905 -0.081228062 -0.00138110479
v -0.0121060892 -0.0811869344 -0.00135608214
v -0.0121409829 -0.081142643 -0.00133105948
v -0.0121727977 -0.0803849428 -0.00217261142
v -0.0121727977 -0.0807408562 -0.00180122225
v -0.0121727977 -0.0805779279 -0.00198164883
v -0.012226164 -0.0757754646 -0.00431665926
v -0.012226164 -0.076976079 -0.0039215642
v -0.012226164 -0.0742822086 -0.00471965577
v -0.012226164 -0.0720011958 -0.00520957336
v -0.0102208081 -0.0658415174 -0.00609853673
v -0.0102013081 -0.0658415174 -0.00614199676
v -0.012226164 -0.0778745659 -0.00356992984
v -0.012226164 -0.0785246999 -0.00327097502
v -0.012226164 -0.0790435444 -0.00299440854
v -0.012226164 -0.0798123181 -0.00250054006
v -0.0122005076 -0.0801207762 -0.00233064931
v -0.012226164 -0.0800843944 -0.00228718894
v -0.012226164 -0.0794564047 -0.00274418183
v -0.0122005076 -0.0803485611 -0.00213178493
v -0.00863930654 -0.0816551597 -0.00124677262
v -0.00874296096 -0.0816599055 -0.00127574626
v -0.00884764145 -0.0816599055 -0.00130208585
v -0.00895129588 -0.0816583235 -0.00132579156
v -0.00905392424 -0.0816535777 -0.00134818026
v -0.0091565526 -0.0816440861 -0.00136925202
v -0.00915963148 -0.0817105247 -0.00123096878
v -0.00916065823 -0.0817200135 -0.00121121404
v -0.00906213481 -0.0817753785 -0.00107424791
v -0.0112994313 -0.0818038533 -0.00100313085
v -0.0113569032 -0.0817643077 -0.0011005875
v -0.0114215583 -0.08175798 -0.00109927057
v -0.0114841619 -0.0817500703 -0.00109531959
v -0.0115457388 -0.0817374148 -0.00109005167
v -0.0116062896 -0.0817215982 -0.00108346673
v -0.0122466901 -0.0720011958 -0.00515162609
v -0.0122466901 -0.0742679712 -0.00466302552
v -0.0102474913 -0.0658415174 -0.00602873626
v -0.0122466901 -0.0757596452 -0.00426134569
v -0.0122466901 -0.0769555166 -0.00386888501
v -0.0122466901 -0.0778508369 -0.00351593364
v -0.0122641366 -0.0778271106 -0.00346193744
v -0.0122641366 -0.0784724988 -0.00316561631
v -0.012279531 -0.0784456087 -0.00311293713
v -0.0122887677 -0.0784187158 -0.00305894058
v -0.0122959515 -0.0783918257 -0.00300494438
v -0.0122990304 -0.0783649355 -0.00294963115
v -0.0122990304 -0.0809638953 -0.000390733903
v -0.012279531 -0.0811015154 -0.000580379386
v -0.0122641366 -0.0811584623 -0.000597500163
v -0.0122887677 -0.0810445685 -0.000563258609
v -0.0122959515 -0.0809860424 -0.000546137832
v -0.012226164 -0.0811537165 -0.000950451494
v -0.0122005076 -0.0812043357 -0.000971523253
v -0.0121727977 -0.0812549549 -0.000993911948
v -0.0121409829 -0.0813039921 -0.00101498362
v -0.0122641366 -0.0811094251 -0.000748953153
v -0.0122466901 -0.0811015154 -0.00092542884
v -0.0121060892 -0.0813498655 -0.00103605538
v -0.0120670905 -0.0813957388 -0.00105581011
v -0.0120260397 -0.0814384483 -0.00107293089
v -0.0115457388 -0.0818085964 -0.000895138268
v -0.0115457388 -0.0818386531 -0.000795047565
v -0.0116062896 -0.08175798 -0.000984693048
v -0.0115457388 -0.0817753785 -0.000991277988
v -0.0114841619 -0.0818513086 -0.000800315484
v -0.0114215583 -0.0818623822 -0.000801632506
v -0.00916989418 -0.0819383096 -0.000521115178
v -0.00917092024 -0.08195729 -0.000418390517
v -0.00916989418 -0.0819351457 -0.000536918975
v -0.0113569032 -0.0818940181 -0.000705492742
v -0.0112994313 -0.0819019278 -0.000683104047
v -0.0112994313 -0.0819193263 -0.00060671902
v -0.0113569032 -0.0818671252 -0.000804266465
v -0.00896771702 -0.0819319818 -0.000515847217
v -0.00886508866 -0.0819256541 -0.000503994401
v -0.0087624603 -0.0819161625 -0.000493458522
v -0.00865983194 -0.0819019278 -0.000478971704
v -0.00855720358 -0.0818845265 -0.000465801909
v -0.00845662803 -0.0818829446 -0.000330152695
v -0.00835399967 -0.0818576336 -0.000318299836
v -0.00825445019 -0.0818481448 -0.000114167536
v -0.00815387464 -0.0818149241 -0.000106265637
v -0.00805432516 -0.0817769604 -9.83637382e-05
v -0.00795477568 -0.0817405787 4.09956864e-07
v -0.00756991932 -0.0815175396 0.000211127182
v -0.00785625226 -0.0816899595 8.60138261e-05
v -0.0077608084 -0.0816409223 7.81119328e-05
v -0.00766638993 -0.0815887212 6.88930545e-05
v -0.0075350256 -0.0815127938 4.09956864e-07
v -0.00739545138 -0.0814147193 4.09956864e-07
v -0.00734721608 -0.0813783375 4.09956864e-07
v -0.0072271412 -0.0812802631 4.09956864e-07
v -0.00706601484 -0.0811268264 -0.000103631667
v -0.00699314851 -0.0810508962 -8.65108956e-05
v -0.00692130893 -0.0809749689 -6.80731391e-05
v -0.00692336175 -0.0809797147 4.09956864e-07
v -0.00714401217 -0.0811995899 -0.000120752444
v -0.00722303626 -0.0812691923 -0.000137873221
v -0.00686794228 -0.0809148581 4.09956864e-07
v -0.00678891854 -0.0808167863 4.09956864e-07
v -0.00181452604 -0.0707594537 -0.00344349981
v -0.00569387492 -0.0787113573 -0.00117828951
v -0.0032071917 -0.0736257468 -0.00272706105
v -0.00655903113 -0.0804466355 -0.000280107343
v -0.00651387471 -0.0803738693 -0.000212941237
v -0.00645948165 -0.0802773767 -3.25146085e-05
v -0.00646769188 -0.0802931961 4.09956864e-07
v -0.00672631525 -0.0807313673 -1.53938343e-05
v -0.00669757928 -0.0806633469 -0.000266937527
v -0.00664215982 -0.0805874195 -0.000214258216
v -0.00181452604 -0.0706803625 -0.00374903975
v -0.00245800542 -0.0719727237 -0.00358705079
v -0.00301014555 -0.0731274675 -0.00332892229
v -0.00429505116 -0.0757580633 -0.00272442718
v -0.00560356207 -0.0783886618 -0.00195926014
v -0.00627577708 -0.0797142436 -0.00138110479
v -0.006634976 -0.0804007622 -0.000959670394
v -0.00677249774 -0.0806190555 -0.000862213651
v -0.00684023272 -0.0806744204 -0.000941232595
v -0.00683510103 -0.0805478739 -0.00122438392
v -0.00690899342 -0.0805905834 -0.00131130475
v -0.00698699075 -0.0807740768 -0.00109927057
v -0.00714401217 -0.081025588 -0.000874066509
v -0.00722611514 -0.0810762072 -0.000938598635
v -0.00733284844 -0.0811869344 -0.000881968387
v -0.00742008241 -0.0812359716 -0.000938598635
v -0.00751142132 -0.0812802631 -0.000992594925
v -0.00763662789 -0.0814479372 -0.000750270175
v -0.00753297347 -0.0813577751 -0.000822704179
v -0.00774233513 -0.0815444325 -0.000630424737
v -0.00783880574 -0.081587142 -0.000662032289
v -0.00793630241 -0.0816266876 -0.000693639884
v -0.00803687795 -0.0816630694 -0.000722613476
v -0.00813745418 -0.0816947053 -0.000751587112
v -0.0082390558 -0.0817231774 -0.000779243725
v -0.00834168416 -0.0817484883 -0.000805583402
v -0.00844533858 -0.0817690508 -0.000830606056
v -0.00864649036 -0.0817247621 -0.00108610069
v -0.00854899369 -0.081786452 -0.000854311773
v -0.00865162137 -0.0818006895 -0.000878017491
v -0.0120260397 -0.0813593543 -0.00123755372
v -0.0120670905 -0.0813182295 -0.00121648196
v -0.0121727977 -0.0809955313 -0.00146670867
v -0.0121727977 -0.0808784763 -0.00163001448
v -0.0121060892 -0.0812755173 -0.00119409327
v -0.0121409829 -0.0812312258 -0.00117038763
v -0.0121727977 -0.0810967696 -0.00130340287
v -0.0121727977 -0.0811837733 -0.00114668192
v -0.0122005076 -0.0805399642 -0.00194345638
v -0.0122005076 -0.0806997287 -0.00176566384
v -0.010229018 -0.0658415174 -0.00607878174
v -0.0122466901 -0.0784978098 -0.00321829549
v -0.0122466901 -0.0790150696 -0.00294436306
v -0.0122466901 -0.079424766 -0.00269677057
v -0.0122466901 -0.0797775183 -0.00245312862
v -0.0122466901 -0.0800480099 -0.00224241155
v -0.012226164 -0.0803090154 -0.00209095843
v -0.0122466901 -0.080271049 -0.00204881509
v -0.012226164 -0.0804988366 -0.00190526393
v -0.00875014479 -0.0817310871 -0.00111244036
v -0.00885379921 -0.0817358329 -0.00113482906
v -0.00895745364 -0.0817358329 -0.00115853478
v -0.00905905593 -0.081732669 -0.00117828951
v -0.00896258533 -0.0818196699 -0.000937281699
v -0.00906418762 -0.081818088 -0.000955719412
v -0.00916476317 -0.0818006895 -0.00101103272
v -0.0113569032 -0.0818022714 -0.00100181382
v -0.00916578924 -0.0818149241 -0.000971523253
v -0.0112994313 -0.0818228338 -0.000946500598
v -0.0113569032 -0.0818354893 -0.000903040145
v -0.0114215583 -0.0817975256 -0.000999179866
v -0.0114841619 -0.081788034 -0.000996545907
v -0.0122641366 -0.0789865975 -0.0028930009
v -0.012279531 -0.0789581254 -0.00284032155
v -0.0122887677 -0.0789280686 -0.00278895922
v -0.0122959515 -0.0788980146 -0.00273628004
v -0.0122990304 -0.0788679606 -0.00268360068
v -0.0122990304 -0.0809275136 -0.000527700076
v -0.012279531 -0.0810524782 -0.000729198417
v -0.0122959515 -0.0809385871 -0.000687054986
v -0.0122887677 -0.0809955313 -0.000708126701
v -0.0122990304 -0.0808816402 -0.00066730025
v -0.0122466901 -0.0810334977 -0.00107029693
v -0.012226164 -0.0810841141 -0.00109663661
v -0.0122005076 -0.081134736 -0.00112165926
v -0.012279531 -0.0809923701 -0.000879334428
v -0.0122641366 -0.0810461532 -0.000903040145
v -0.0114841619 -0.0818212519 -0.000897772227
v -0.0114215583 -0.0818307435 -0.000901723123
v -0.00916886811 -0.0819019278 -0.000683104047
v -0.00896566421 -0.0819003431 -0.00065939833
v -0.0112994313 -0.0818687072 -0.000804266465
v -0.00916784136 -0.0818797807 -0.000767390952
v -0.00886303585 -0.0818956001 -0.000644911555
v -0.00876040748 -0.0818861084 -0.000630424737
v -0.00865777912 -0.081873453 -0.00061462094
v -0.00855515076 -0.0818576336 -0.000598817142
v -0.00845149634 -0.0818370712 -0.000580379386
v -0.00845457522 -0.0818623822 -0.000451315091
v -0.00834989473 -0.0818133449 -0.00056194163
v -0.00824726637 -0.0817848701 -0.000542186894
v -0.00825137131 -0.0818275796 -0.000306446999
v -0.00815079576 -0.0817943617 -0.000291960181
v -0.00805124628 -0.08175798 -0.000280107343
v -0.00795374961 -0.0817358329 -9.04618503e-05
v -0.00785727901 -0.0816899595 -8.25599516e-05
v -0.00776183447 -0.0816456681 4.09956864e-07
v -0.00772796681 -0.0816282668 4.09956864e-07
v -0.00766741668 -0.081593467 4.09956864e-07
v -0.00756991932 -0.0815191215 -0.000203722359
v -0.00748063322 -0.0814605927 -0.000187918561
v -0.00739237251 -0.0814004846 -0.000172114764
v -0.00730719135 -0.081335628 -0.000154993998
v -0.00705062045 -0.0810777891 -0.00034727345
v -0.00697775412 -0.0810081867 -0.000309080958
v -0.00713682835 -0.0811774455 -0.000252450709
v -0.00690694061 -0.0809338413 -0.000272205445
v -0.00683817991 -0.0808579112 -0.000234012952
v -0.0068535743 -0.0808942957 -5.09523676e-05
v -0.00730000753 -0.0813119018 -0.000306446999
v -0.00721790457 -0.0812454632 -0.000280107343
v -0.00678789213 -0.0808136225 -3.25146085e-05
v -0.00181452604 -0.0707562899 -0.00346852221
v -0.00296088384 -0.0731021566 -0.00306947642
v -0.00240874371 -0.0719727237 -0.0032617562
v -0.00615878073 -0.0796620425 -0.000629107758
v -0.00610438768 -0.079533914 -0.000962304353
v -0.00549682842 -0.0782905873 -0.00160630893
v -0.00524231034 -0.077787565 -0.00157470125
v -0.004497229 -0.0762626703 -0.00208437349
v -0.00423963203 -0.0757169357 -0.00247156642
v -0.00647282323 -0.0802346672 -0.000693639884
v -0.00638661567 -0.0801128665 -0.000517164239
v -0.00661034532 -0.0805193991 -0.000345956471
v -0.00640098365 -0.0801571579 -0.000198454419
v -0.00677455056 -0.0807819838 -0.00019450348
v -0.00666371197 -0.0805889987 -0.000413122599
v -0.00675607729 -0.0807392743 -0.000318299836
v -0.00181452604 -0.0707262359 -0.00360680544
v -0.00242311169 -0.0719727237 -0.00339477135
v -0.00244568991 -0.0719727237 -0.0035277865
v -0.00298243564 -0.073114812 -0.00319854084
v -0.00426426306 -0.0757390828 -0.0025979968
v -0.00556353665 -0.0783586078 -0.00183941487
v -0.00622651537 -0.079673116 -0.00127574626
v -0.006576478 -0.0803485611 -0.00087143255
v -0.00678276078 -0.0807266188 -0.000546137832
v -0.00684844295 -0.0807914754 -0.00061330396
v -0.00691720399 -0.0808531681 -0.000679153066
v -0.0069120723 -0.0807250396 -0.00102025162
v -0.00699006963 -0.0809132761 -0.000745002257
v -0.00706396203 -0.080970223 -0.000809534383
v -0.00710501351 -0.0810825349 -0.000579062406
v -0.00718608972 -0.081142643 -0.000629107758
v -0.00726819268 -0.0812011718 -0.000679153066
v -0.00735337384 -0.0812565368 -0.00072788148
v -0.00744163387 -0.0813087379 -0.000775292829
v -0.00754323617 -0.0814004846 -0.000709443681
v -0.00764689059 -0.0814969744 -0.000598817142
v -0.00745189726 -0.0813498655 -0.000668617229
v -0.00775157177 -0.081593467 -0.000431560355
v -0.00784804237 -0.0816377584 -0.000456583009
v -0.00794553904 -0.0816804679 -0.000478971704
v -0.00804508852 -0.0817200135 -0.000501360442
v -0.00814566407 -0.0817548161 -0.000521115178
v -0.0083457891 -0.0817817062 -0.000687054986
v -0.00844841746 -0.0818054353 -0.000709443681
v -0.00875630254 -0.0818101811 -0.000899089163
v -0.00855207257 -0.0818228338 -0.000730515439
v -0.00865470025 -0.0818386531 -0.000750270175
v -0.00875835467 -0.0818497267 -0.000768707889
v -0.0122005076 -0.081049317 -0.00127574626
v -0.0122005076 -0.0809496579 -0.00143510117
v -0.0122005076 -0.0808341849 -0.00159708995
v -0.012226164 -0.0807914754 -0.00156416542
v -0.012226164 -0.0806570192 -0.00172878825
v -0.0122641366 -0.0797427157 -0.00240703438
v -0.0122641366 -0.07939313 -0.00264672509
v -0.0122641366 -0.0800116282 -0.00219895101
v -0.0122641366 -0.0802315034 -0.00200535455
v -0.0122466901 -0.0804577063 -0.00186443744
v -0.0122641366 -0.0804149968 -0.00182492797
v -0.0122466901 -0.0806143097 -0.00169191282
v -0.00885995697 -0.0818165088 -0.000918843899
v -0.00896463814 -0.0818623822 -0.000802949443
v -0.0091668153 -0.0818607975 -0.000833240015
v -0.012279531 -0.0793614941 -0.00259667978
v -0.0122887677 -0.0793282735 -0.00254663447
v -0.0122959515 -0.0792966375 -0.00249658916
v -0.0122990304 -0.0792634196 -0.00244522683
v -0.0122887677 -0.0809385871 -0.000854311773
v -0.0122990304 -0.0808262752 -0.000806900424
v -0.0122959515 -0.0808816402 -0.000830606056
v -0.0122641366 -0.0809797147 -0.00104395726
v -0.0122641366 -0.0809006234 -0.00118882535
v -0.0122466901 -0.0809512426 -0.00121911601
v -0.012226164 -0.0810002798 -0.00124808956
v -0.012279531 -0.0809275136 -0.00101761766
v -0.00886098303 -0.0818576336 -0.000787145688
v -0.0079516968 -0.0817168496 -0.000264303546
v -0.00785317338 -0.081672561 -0.000251133729
v -0.00776183447 -0.0816425042 -7.46580529e-05
v -0.00766331105 -0.0815744865 -0.000220843136
v -0.00756376157 -0.0814890675 -0.000384148963
v -0.00747344872 -0.0814337025 -0.000359126309
v -0.00738518868 -0.0813735917 -0.000332786654
v -0.00712759172 -0.0811473888 -0.000385465942
v -0.00703009505 -0.0810192603 -0.000527700076
v -0.00695620266 -0.0809512426 -0.000475020766
v -0.00688641521 -0.0808832221 -0.000423658435
v -0.0072066158 -0.0812122454 -0.000422341455
v -0.00681970698 -0.0808120378 -0.000370979168
v -0.00729077089 -0.0812755173 -0.000457899989
v -0.00737492599 -0.081335628 -0.000493458522
v -0.00627680349 -0.0799024829 -0.000444730193
v -0.00614030781 -0.0795813693 -0.00106502901
v -0.00552864327 -0.0783253899 -0.00172352033
v -0.006523111 -0.0802916142 -0.000783194707
v -0.00618033288 -0.0796272427 -0.00117038763
v -0.0067211839 -0.0806586011 -0.000478971704
v -0.00755349887 -0.081446358 -0.000563258609
v -0.00765715329 -0.0815428478 -0.00040785468
v -0.00746318602 -0.081392575 -0.000529017055
v -0.00775772952 -0.0816251057 -0.000236646911
v -0.012226164 -0.0809022053 -0.00140481051
v -0.0122466901 -0.0807440201 -0.00152860684
v -0.0122466901 -0.08085475 -0.00137188598
v -0.012279531 -0.0797079159 -0.00235830592
v -0.012279531 -0.0799736645 -0.0021528566
v -0.012279531 -0.0803722873 -0.00178410147
v -0.012279531 -0.0801903758 -0.00196189418
v -0.0122641366 -0.0805684363 -0.0016537202
v -0.012279531 -0.0805241449 -0.00161552775
v -0.0122641366 -0.0806981467 -0.00149436529
v -0.0122887677 -0.079673116 -0.00231089449
v -0.0122959515 -0.0796367343 -0.00226084918
v -0.0122990304 -0.0796003498 -0.00221343792
v -0.0122959515 -0.0808199502 -0.000962304353
v -0.0122887677 -0.0808737305 -0.000989960966
v -0.0122990304 -0.0807661672 -0.00093464774
v -0.012279531 -0.0808500042 -0.00115985171
v -0.0122641366 -0.0808057128 -0.00134027838
v -0.0122887677 -0.0799341188 -0.00210544534
v -0.0122887677 -0.0801492483 -0.00191711679
v -0.0122887677 -0.0804782715 -0.00157601828
v -0.0122887677 -0.0803279959 -0.00174195813
v -0.012279531 -0.0806506914 -0.00145748986
v -0.012279531 -0.0807566756 -0.00130735376
v -0.0122959515 -0.0798961551 -0.00205935092
v -0.0122990304 -0.0798566095 -0.00201325651
v -0.0122959515 -0.080745602 -0.00109927057
v -0.0122887677 -0.0807978031 -0.0011282442
v -0.0122990304 -0.0806934009 -0.00106766297
v -0.0122887677 -0.0807076383 -0.00127442923
v -0.0122959515 -0.0801081207 -0.00187365625
v -0.0122959515 -0.0804308162 -0.0015365088
v -0.0122959515 -0.0802837045 -0.00169981461
v -0.0122887677 -0.0806016542 -0.00142193128
v -0.0122959515 -0.0805541989 -0.00138505577
v -0.0122990304 -0.0800669931 -0.00182887886
v -0.0122990304 -0.0806064 -0.00120594613
v -0.0122959515 -0.0806554372 -0.00124018768
v -0.0122990304 -0.0803849428 -0.00149699933
v -0.0122990304 -0.0802394131 -0.00165767126
v -0.0122990304 -0.0805051644 -0.00134818026
f 1 2 7
f 1 7 19
f 1 19 34
f 1 34 48
f 1 48 72
f 1 72 98
f 1 98 128
f 1 128 165
f 1 165 203
f 1 203 249
f 1 249 301
f 1 301 362
f 1 362 367
f 1 367 433
f 1 433 509
f 1 509 587
f 1 587 671
f 1 671 755
f 1 755 850
f 1 850 944
f 1 944 1054
f 1 1054 1056
f 1 1056 1180
f 1 1180 1307
f 1 1307 1437
f 1 1437 1570
f 1 1570 1569
f 1 1569 1711
f 1 1711 1847
f 1 1847 1990
f 1 1990 1996
f 1 1996 1995
f 1 1995 2144
f 1 2144 2296
f 1 2296 2450
f 1 2450 2449
f 1 2449 2590
f 1 2590 2476
f 1 2476 2322
f 1 2322 2321
f 1 2321 2173
f 1 2173 2022
f 1 2022 2021
f 1 2021 1875
f 1 1875 1735
f 1 1735 1593
f 1 1593 1592
f 1 1592 1461
f 1 1461 1331
f 1 1331 1328
f 1 1328 1200
f 1 1200 1078
f 1 1078 1077
f 1 1077 964
f 1 964 963
f 1 963 865
f 1 865 770
f 1 770 684
f 1 684 683
f 1 683 599
f 1 599 521
f 1 521 444
f 1 444 377
f 1 377 312
f 1 312 257
f 1 257 210
f 1 210 170
f 1 170 133
f 1 133 132
f 1 132 101
f 1 101 76
f 1 76 54
f 1 54 53
f 1 53 36
f 1 36 35
f 1 35 20
f 1 20 8
f 1 8 3
f 1 3 4
f 1 4 5
f 1 5 6
f 1 6 2
f 2 6 7
f 3 8 9
f 3 9 10
f 3 10 11
f 3 11 4
f 4 11 12
f 4 12 13
f 4 13 5
f 5 14 6
f 5 13 14
f 6 15 16
f 6 16 7
f 6 14 17
f 6 17 18
f 6 18 15
f 7 16 19
f 8 20 21
f 8 21 22
f 8 22 9
f 9 22 23
f 9 23 24
f 9 24 10
f 10 24 11
f 11 24 25
f 11 25 12
f 12 25 13
f 13 26 27
f 13 27 28
f 13 28 14
f 13 25 26
f 14 28 17
f 15 18 29
f 15 29 16
f 16 30 19
f 16 29 31
f 16 31 32
f 16 32 30
f 17 28 18
f 18 28 27
f 18 27 33
f 18 33 29
f 19 30 34
f 20 35 21
f 21 35 36
f 21 36 37
f 21 37 38
f 21 38 23
f 21 23 22
f 23 38 39
f 23 39 24
f 24 39 40
f 24 40 41
f 24 41 42
f 24 42 25
f 25 42 43
f 25 43 26
f 26 43 44
f 26 44 33
f 26 33 27
f 29 33 31
f 30 45 46
f 30 46 47
f 30 47 48
f 30 48 34
f 30 32 49
f 30 49 45
f 31 33 44
f 31 44 50
f 31 50 32
f 32 50 51
f 32 51 52
f 32 52 45
f 32 45 49
f 36 53 37
f 37 53 54
f 37 54 55
f 37 55 56
f 37 56 38
f 38 56 57
f 38 57 58
f 38 58 39
f 39 58 59
f 39 59 60
f 39 60 40
f 40 61 41
f 40 60 61
f 41 62 63
f 41 63 42
f 41 61 64
f 41 64 65
f 41 65 62
f 42 63 43
f 43 63 44
f 44 63 66
f 44 66 50
f 45 52 46
f 46 52 67
f 46 67 68
f 46 68 47
f 47 69 70
f 47 70 71
f 47 71 72
f 47 72 48
f 47 68 69
f 50 66 73
f 50 73 51
f 51 74 52
f 51 73 75
f 51 75 74
f 52 74 67
f 54 76 55
f 55 76 77
f 55 77 78
f 55 78 56
f 56 78 79
f 56 79 57
f 57 79 80
f 57 80 81
f 57 81 82
f 57 82 58
f 58 82 59
f 59 82 83
f 59 83 84
f 59 84 60
f 60 84 85
f 60 85 86
f 60 86 87
f 60 87 61
f 61 87 88
f 61 88 89
f 61 89 64
f 62 66 63
f 62 65 90
f 62 90 66
f 64 91 92
f 64 92 65
f 64 89 91
f 65 92 90
f 66 90 73
f 67 93 94
f 67 94 68
f 67 74 95
f 67 95 93
f 68 94 69
f 69 96 97
f 69 97 70
f 69 94 96
f 70 97 125
f 70 125 124
f 70 124 162
f 70 162 200
f 70 200 199
f 70 199 245
f 70 245 244
f 70 244 243
f 70 243 295
f 70 295 355
f 70 355 354
f 70 354 353
f 70 353 421
f 70 421 495
f 70 495 494
f 70 494 574
f 70 574 573
f 70 573 572
f 70 572 654
f 70 654 736
f 70 736 830
f 70 830 923
f 70 923 1030
f 70 1030 1152
f 70 1152 1151
f 70 1151 1150
f 70 1150 1275
f 70 1275 1274
f 70 1274 1408
f 70 1408 1533
f 70 1533 1678
f 70 1678 1805
f 70 1805 1947
f 70 1947 1946
f 70 1946 2093
f 70 2093 2092
f 70 2092 2243
f 70 2243 2390
f 70 2390 2540
f 70 2540 2662
f 70 2662 2678
f 70 2678 2550
f 70 2550 2400
f 70 2400 2254
f 70 2254 2103
f 70 2103 1956
f 70 1956 1813
f 70 1813 1812
f 70 1812 1682
f 70 1682 1540
f 70 1540 1410
f 70 1410 1277
f 70 1277 1154
f 70 1154 1031
f 70 1031 924
f 70 924 831
f 70 831 739
f 70 739 657
f 70 657 656
f 70 656 576
f 70 576 498
f 70 498 497
f 70 497 423
f 70 423 422
f 70 422 357
f 70 357 297
f 70 297 296
f 70 296 246
f 70 246 201
f 70 201 164
f 70 164 127
f 70 127 98
f 70 98 72
f 70 72 71
f 73 90 99
f 73 99 75
f 74 75 100
f 74 100 95
f 75 99 100
f 76 101 102
f 76 102 77
f 77 102 103
f 77 103 78
f 78 103 79
f 79 103 104
f 79 104 105
f 79 105 80
f 80 105 106
f 80 106 107
f 80 107 108
f 80 108 81
f 81 108 83
f 81 83 82
f 83 108 142
f 83 142 109
f 83 109 84
f 84 109 110
f 84 110 111
f 84 111 85
f 85 111 86
f 86 111 112
f 86 112 113
f 86 113 114
f 86 114 115
f 86 115 116
f 86 116 88
f 86 88 87
f 88 116 89
f 89 116 117
f 89 117 91
f 90 92 91
f 90 91 118
f 90 118 99
f 91 117 118
f 93 95 119
f 93 119 120
f 93 120 121
f 93 121 94
f 94 121 96
f 95 100 122
f 95 122 119
f 96 123 124
f 96 124 125
f 96 125 97
f 96 121 126
f 96 126 123
f 98 127 128
f 99 118 129
f 99 129 130
f 99 130 131
f 99 131 100
f 100 131 122
f 101 132 102
f 102 132 133
f 102 133 134
f 102 134 103
f 103 135 136
f 103 136 104
f 103 134 135
f 104 136 105
f 105 137 106
f 105 136 137
f 106 137 138
f 106 138 139
f 106 139 140
f 106 140 141
f 106 141 107
f 107 141 108
f 108 141 142
f 109 142 143
f 109 143 144
f 109 144 110
f 110 144 111
f 111 144 145
f 111 145 112
f 112 145 146
f 112 146 147
f 112 147 113
f 113 147 148
f 113 148 149
f 113 149 150
f 113 150 151
f 113 151 114
f 114 152 153
f 114 153 115
f 114 151 152
f 115 153 116
f 116 154 155
f 116 155 117
f 116 153 156
f 116 156 154
f 117 155 118
f 118 155 129
f 119 157 120
f 119 122 158
f 119 158 157
f 120 157 159
f 120 159 126
f 120 126 121
f 122 131 160
f 122 160 158
f 123 161 162
f 123 162 124
f 123 126 163
f 123 163 161
f 126 159 163
f 127 164 128
f 128 164 166
f 128 166 167
f 128 167 165
f 129 155 154
f 129 154 130
f 130 154 168
f 130 168 131
f 131 168 169
f 131 169 160
f 133 170 134
f 134 170 171
f 134 171 172
f 134 172 135
f 135 172 136
f 136 172 173
f 136 173 137
f 137 174 175
f 137 175 138
f 137 173 174
f 138 175 176
f 138 176 139
f 139 176 177
f 139 177 140
f 140 177 178
f 140 178 179
f 140 179 141
f 141 179 180
f 141 180 142
f 142 180 143
f 143 180 181
f 143 181 182
f 143 182 183
f 143 183 144
f 144 183 184
f 144 184 145
f 145 184 146
f 146 184 185
f 146 185 227
f 146 227 186
f 146 186 147
f 147 186 148
f 148 186 187
f 148 187 188
f 148 188 189
f 148 189 149
f 149 189 151
f 149 151 150
f 151 190 152
f 151 189 190
f 152 156 153
f 152 190 156
f 154 156 191
f 154 191 168
f 156 190 191
f 157 192 159
f 157 158 193
f 157 193 192
f 158 160 194
f 158 194 193
f 159 192 195
f 159 195 196
f 159 196 163
f 160 169 197
f 160 197 194
f 161 198 199
f 161 199 200
f 161 200 162
f 161 163 196
f 161 196 198
f 164 201 202
f 164 202 166
f 165 167 204
f 165 204 203
f 166 202 205
f 166 205 206
f 166 206 167
f 167 206 207
f 167 207 204
f 168 191 208
f 168 208 169
f 169 208 209
f 169 209 197
f 170 210 171
f 171 210 211
f 171 211 172
f 172 212 213
f 172 213 173
f 172 211 212
f 173 213 214
f 173 214 174
f 174 214 215
f 174 215 175
f 175 215 176
f 176 216 217
f 176 217 218
f 176 218 177
f 176 215 216
f 177 218 267
f 177 267 219
f 177 219 220
f 177 220 178
f 178 220 221
f 178 221 179
f 179 221 180
f 180 221 181
f 181 221 222
f 181 222 223
f 181 223 182
f 182 223 224
f 182 224 183
f 183 224 225
f 183 225 226
f 183 226 184
f 184 226 228
f 184 228 185
f 185 228 227
f 186 227 229
f 186 229 230
f 186 230 187
f 187 230 188
f 188 231 189
f 188 230 232
f 188 232 231
f 189 231 233
f 189 233 190
f 190 233 191
f 191 233 208
f 192 234 195
f 192 193 235
f 192 235 236
f 192 236 234
f 193 194 237
f 193 237 235
f 194 197 238
f 194 238 237
f 195 234 239
f 195 239 240
f 195 240 196
f 196 240 198
f 197 209 241
f 197 241 238
f 198 242 243
f 198 243 244
f 198 244 245
f 198 245 199
f 198 240 242
f 201 246 202
f 202 246 247
f 202 247 248
f 202 248 205
f 203 204 250
f 203 250 249
f 204 251 250
f 204 207 252
f 204 252 251
f 205 248 253
f 205 253 254
f 205 254 206
f 206 254 255
f 206 255 207
f 207 255 252
f 208 233 256
f 208 256 209
f 209 256 241
f 210 257 258
f 210 258 211
f 211 258 212
f 212 258 259
f 212 259 260
f 212 260 213
f 213 260 214
f 214 261 262
f 214 262 215
f 214 260 261
f 215 262 263
f 215 263 216
f 216 263 217
f 217 263 264
f 217 264 265
f 217 265 266
f 217 266 267
f 217 267 218
f 219 267 268
f 219 268 269
f 219 269 220
f 220 269 221
f 221 269 222
f 222 269 326
f 222 326 270
f 222 270 223
f 223 270 271
f 223 271 272
f 223 272 224
f 224 272 225
f 225 272 273
f 225 273 226
f 226 273 274
f 226 274 275
f 226 275 228
f 227 276 277
f 227 277 230
f 227 230 229
f 227 228 278
f 227 278 279
f 227 279 276
f 228 275 280
f 228 280 281
f 228 281 278
f 230 277 282
f 230 282 232
f 231 283 256
f 231 256 233
f 231 232 283
f 232 282 284
f 232 284 283
f 234 285 239
f 234 236 285
f 235 237 286
f 235 286 236
f 236 286 287
f 236 287 288
f 236 288 285
f 237 238 289
f 237 289 286
f 238 241 290
f 238 290 289
f 239 291 240
f 239 285 291
f 240 291 242
f 241 256 292
f 241 292 293
f 241 293 290
f 242 294 295
f 242 295 243
f 242 291 294
f 246 296 247
f 247 296 297
f 247 297 298
f 247 298 299
f 247 299 248
f 248 299 300
f 248 300 253
f 249 250 301
f 250 251 302
f 250 302 303
f 250 303 304
f 250 304 301
f 251 252 305
f 251 305 302
f 252 255 306
f 252 306 307
f 252 307 305
f 253 300 308
f 253 308 309
f 253 309 254
f 254 309 310
f 254 310 255
f 255 310 311
f 255 311 306
f 256 283 292
f 257 312 313
f 257 313 258
f 258 313 259
f 259 314 260
f 259 313 314
f 260 314 315
f 260 315 316
f 260 316 261
f 261 316 262
f 262 316 317
f 262 317 263
f 263 318 319
f 263 319 264
f 263 317 318
f 264 319 265
f 265 320 321
f 265 321 322
f 265 322 323
f 265 323 266
f 265 319 320
f 266 323 324
f 266 324 267
f 267 324 268
f 268 324 391
f 268 391 325
f 268 325 269
f 269 325 326
f 270 326 327
f 270 327 328
f 270 328 271
f 271 328 272
f 272 328 329
f 272 329 330
f 272 330 273
f 273 330 331
f 273 331 274
f 274 331 332
f 274 332 275
f 275 332 280
f 276 333 334
f 276 334 282
f 276 282 277
f 276 279 335
f 276 335 333
f 278 281 279
f 279 281 336
f 279 336 335
f 280 337 338
f 280 338 340
f 280 340 281
f 280 332 339
f 280 339 337
f 281 340 336
f 282 334 284
f 283 284 292
f 284 341 292
f 284 334 342
f 284 342 341
f 285 343 291
f 285 288 344
f 285 344 345
f 285 345 343
f 286 289 346
f 286 346 287
f 287 346 347
f 287 347 348
f 287 348 288
f 288 348 344
f 289 290 349
f 289 349 346
f 290 293 350
f 290 350 349
f 291 343 294
f 292 341 293
f 293 341 351
f 293 351 350
f 294 352 353
f 294 353 354
f 294 354 355
f 294 355 295
f 294 343 356
f 294 356 352
f 297 357 298
f 298 357 358
f 298 358 359
f 298 359 299
f 299 359 360
f 299 360 300
f 300 360 361
f 300 361 308
f 301 304 362
f 302 305 303
f 303 363 304
f 303 305 364
f 303 364 365
f 303 365 366
f 303 366 363
f 304 363 367
f 304 367 362
f 305 307 368
f 305 368 364
f 306 311 369
f 306 369 370
f 306 370 371
f 306 371 307
f 307 371 368
f 308 361 372
f 308 372 373
f 308 373 309
f 309 373 374
f 309 374 310
f 310 374 375
f 310 375 311
f 311 375 376
f 311 376 369
f 312 377 378
f 312 378 313
f 313 378 314
f 314 378 379
f 314 379 380
f 314 380 315
f 315 380 316
f 316 381 382
f 316 382 317
f 316 380 381
f 317 382 383
f 317 383 318
f 318 383 384
f 318 384 319
f 319 384 385
f 319 385 320
f 320 385 321
f 321 385 386
f 321 386 387
f 321 387 388
f 321 388 389
f 321 389 322
f 322 389 323
f 323 389 390
f 323 390 324
f 324 390 391
f 325 391 392
f 325 392 393
f 325 393 327
f 325 327 326
f 327 393 394
f 327 394 395
f 327 395 328
f 328 395 396
f 328 396 397
f 328 397 329
f 329 397 330
f 330 397 398
f 330 398 399
f 330 399 331
f 331 399 332
f 332 400 339
f 332 399 401
f 332 401 402
f 332 402 403
f 332 403 400
f 333 342 334
f 333 335 404
f 333 404 405
f 333 405 342
f 335 336 340
f 335 340 406
f 335 406 404
f 337 406 340
f 337 340 338
f 337 339 407
f 337 407 406
f 339 400 471
f 339 471 407
f 341 342 408
f 341 408 351
f 342 405 408
f 343 345 409
f 343 409 410
f 343 410 356
f 344 348 411
f 344 411 345
f 345 411 412
f 345 412 413
f 345 413 409
f 346 349 414
f 346 414 347
f 347 415 348
f 347 414 416
f 347 416 415
f 348 415 411
f 349 350 417
f 349 417 414
f 350 351 418
f 350 418 417
f 351 408 419
f 351 419 418
f 352 420 421
f 352 421 353
f 352 356 410
f 352 410 420
f 357 422 358
f 358 422 423
f 358 423 424
f 358 424 425
f 358 425 426
f 358 426 359
f 359 426 360
f 360 426 427
f 360 427 361
f 361 427 428
f 361 428 372
f 363 429 367
f 363 366 429
f 364 368 430
f 364 430 365
f 365 430 370
f 365 370 431
f 365 431 366
f 366 431 432
f 366 432 429
f 367 429 432
f 367 432 434
f 367 434 433
f 368 371 430
f 369 376 435
f 369 435 436
f 369 436 370
f 370 430 371
f 370 436 431
f 372 428 437
f 372 437 438
f 372 438 373
f 373 438 439
f 373 439 374
f 374 439 440
f 374 440 375
f 375 440 441
f 375 441 442
f 375 442 376
f 376 442 443
f 376 443 435
f 377 444 445
f 377 445 446
f 377 446 378
f 378 446 379
f 379 447 380
f 379 446 445
f 379 445 447
f 380 447 448
f 380 448 381
f 381 448 449
f 381 449 450
f 381 450 382
f 382 450 451
f 382 451 383
f 383 451 384
f 384 451 452
f 384 452 453
f 384 453 385
f 385 453 454
f 385 454 386
f 386 454 387
f 387 455 456
f 387 456 388
f 387 454 455
f 388 456 457
f 388 457 458
f 388 458 389
f 389 458 459
f 389 459 390
f 390 459 392
f 390 392 391
f 392 459 460
f 392 460 393
f 393 460 461
f 393 461 394
f 394 461 462
f 394 462 463
f 394 463 464
f 394 464 395
f 395 464 396
f 396 464 465
f 396 465 466
f 396 466 397
f 397 466 398
f 398 466 467
f 398 467 468
f 398 468 399
f 399 468 469
f 399 469 401
f 400 470 471
f 400 403 472
f 400 472 470
f 401 469 402
f 402 473 474
f 402 474 403
f 402 469 475
f 402 475 473
f 403 474 472
f 404 476 405
f 404 406 477
f 404 477 476
f 405 476 478
f 405 478 408
f 406 407 477
f 407 471 470
f 407 470 479
f 407 479 480
f 407 480 477
f 408 478 419
f 409 481 410
f 409 413 481
f 410 481 482
f 410 482 420
f 411 415 483
f 411 483 412
f 412 483 484
f 412 484 485
f 412 485 413
f 413 485 486
f 413 486 481
f 414 417 487
f 414 487 416
f 415 416 488
f 415 488 483
f 416 487 489
f 416 489 488
f 417 418 490
f 417 490 487
f 418 419 491
f 418 491 490
f 419 478 492
f 419 492 491
f 420 493 494
f 420 494 495
f 420 495 421
f 420 482 496
f 420 496 493
f 423 497 424
f 424 497 498
f 424 498 499
f 424 499 500
f 424 500 501
f 424 501 502
f 424 502 425
f 425 502 501
f 425 501 503
f 425 503 504
f 425 504 426
f 426 504 427
f 427 504 505
f 427 505 428
f 428 505 506
f 428 506 437
f 431 434 432
f 431 436 435
f 431 435 443
f 431 443 507
f 431 507 508
f 431 508 434
f 433 434 510
f 433 510 509
f 434 508 511
f 434 511 510
f 437 506 512
f 437 512 513
f 437 513 438
f 438 513 514
f 438 514 439
f 439 514 515
f 439 515 440
f 440 516 441
f 440 515 517
f 440 517 518
f 440 518 516
f 441 516 519
f 441 519 520
f 441 520 442
f 442 520 443
f 443 520 507
f 444 521 445
f 445 521 522
f 445 522 523
f 445 523 447
f 447 523 524
f 447 524 448
f 448 524 525
f 448 525 449
f 449 525 450
f 450 525 526
f 450 526 527
f 450 527 451
f 451 527 452
f 452 527 528
f 452 528 529
f 452 529 453
f 453 529 454
f 454 529 530
f 454 530 531
f 454 531 455
f 455 531 532
f 455 532 456
f 456 533 534
f 456 534 457
f 456 532 533
f 457 534 535
f 457 535 458
f 458 535 459
f 459 535 536
f 459 536 460
f 460 537 538
f 460 538 462
f 460 462 461
f 460 536 537
f 462 538 539
f 462 539 540
f 462 540 541
f 462 541 463
f 463 541 542
f 463 542 464
f 464 542 543
f 464 543 465
f 465 543 466
f 466 543 544
f 466 544 545
f 466 545 467
f 467 545 468
f 468 545 546
f 468 546 547
f 468 547 469
f 469 547 548
f 469 548 475
f 470 472 549
f 470 549 479
f 472 474 549
f 473 550 549
f 473 549 474
f 473 475 551
f 473 551 550
f 475 548 552
f 475 552 551
f 476 553 478
f 476 477 553
f 477 480 554
f 477 554 553
f 478 553 492
f 479 549 480
f 480 555 554
f 480 549 556
f 480 556 555
f 481 557 496
f 481 496 482
f 481 486 557
f 483 488 558
f 483 558 484
f 484 558 559
f 484 559 560
f 484 560 485
f 485 560 561
f 485 561 486
f 486 561 562
f 486 562 563
f 486 563 557
f 487 490 564
f 487 564 489
f 488 489 565
f 488 565 558
f 489 564 566
f 489 566 567
f 489 567 565
f 490 491 568
f 490 568 564
f 491 492 569
f 491 569 568
f 492 553 570
f 492 570 569
f 493 571 572
f 493 572 573
f 493 573 574
f 493 574 494
f 493 496 557
f 493 557 575
f 493 575 571
f 498 576 499
f 499 576 577
f 499 577 500
f 500 578 579
f 500 579 501
f 500 577 578
f 501 579 580
f 501 580 503
f 503 580 581
f 503 581 582
f 503 582 504
f 504 582 505
f 505 582 583
f 505 583 506
f 506 583 584
f 506 584 512
f 507 520 508
f 508 520 585
f 508 585 586
f 508 586 511
f 509 510 588
f 509 588 587
f 510 511 589
f 510 589 588
f 511 586 589
f 512 584 590
f 512 590 591
f 512 591 513
f 513 591 592
f 513 592 514
f 514 592 593
f 514 593 515
f 515 593 594
f 515 594 595
f 515 595 517
f 516 518 596
f 516 596 519
f 517 595 596
f 517 596 518
f 519 585 520
f 519 596 597
f 519 597 598
f 519 598 585
f 521 599 522
f 522 599 600
f 522 600 523
f 523 601 524
f 523 600 601
f 524 601 602
f 524 602 525
f 525 602 603
f 525 603 604
f 525 604 526
f 526 604 527
f 527 605 528
f 527 604 605
f 528 605 606
f 528 606 607
f 528 607 529
f 529 607 530
f 530 607 608
f 530 608 609
f 530 609 531
f 531 609 610
f 531 610 532
f 532 610 611
f 532 611 612
f 532 612 533
f 533 612 613
f 533 613 614
f 533 614 615
f 533 615 534
f 534 615 535
f 535 615 616
f 535 616 537
f 535 537 536
f 537 616 617
f 537 617 618
f 537 618 539
f 537 539 538
f 539 618 619
f 539 619 620
f 539 620 621
f 539 621 540
f 540 621 541
f 541 621 622
f 541 622 623
f 541 623 542
f 542 623 543
f 543 623 624
f 543 624 625
f 543 625 544
f 544 625 545
f 545 625 626
f 545 626 627
f 545 627 546
f 546 627 547
f 547 627 628
f 547 628 629
f 547 629 548
f 548 629 630
f 548 630 631
f 548 631 552
f 549 550 556
f 550 551 632
f 550 632 633
f 550 633 556
f 551 552 632
f 552 631 634
f 552 634 632
f 553 554 635
f 553 635 570
f 554 555 635
f 555 636 635
f 555 556 637
f 555 637 636
f 556 633 637
f 557 638 639
f 557 639 575
f 557 563 638
f 558 565 640
f 558 640 559
f 559 640 641
f 559 641 642
f 559 642 560
f 560 643 561
f 560 642 643
f 561 643 562
f 562 643 644
f 562 644 645
f 562 645 563
f 563 645 638
f 564 568 646
f 564 646 566
f 565 567 640
f 566 646 647
f 566 647 567
f 567 648 640
f 567 647 649
f 567 649 648
f 568 569 650
f 568 650 646
f 569 570 651
f 569 651 650
f 570 635 652
f 570 652 651
f 571 653 654
f 571 654 572
f 571 575 639
f 571 639 655
f 571 655 653
f 576 656 577
f 577 656 657
f 577 657 658
f 577 658 578
f 578 659 660
f 578 660 579
f 578 658 659
f 579 660 580
f 580 660 661
f 580 661 662
f 580 662 663
f 580 663 664
f 580 664 581
f 581 664 665
f 581 665 666
f 581 666 582
f 582 666 583
f 583 666 667
f 583 667 584
f 584 667 668
f 584 668 590
f 585 598 670
f 585 670 586
f 586 669 589
f 586 670 669
f 587 588 671
f 588 672 671
f 588 589 673
f 588 673 672
f 589 669 751
f 589 751 673
f 590 668 674
f 590 674 675
f 590 675 676
f 590 676 591
f 591 676 592
f 592 676 677
f 592 677 593
f 593 677 678
f 593 678 594
f 594 678 679
f 594 679 680
f 594 680 595
f 595 681 596
f 595 680 681
f 596 681 597
f 597 681 598
f 598 681 682
f 598 682 670
f 599 683 600
f 600 683 684
f 600 684 685
f 600 685 601
f 601 685 686
f 601 686 687
f 601 687 602
f 602 687 688
f 602 688 603
f 603 688 604
f 604 688 689
f 604 689 690
f 604 690 605
f 605 690 606
f 606 690 691
f 606 691 607
f 607 692 693
f 607 693 608
f 607 691 692
f 608 693 609
f 609 694 695
f 609 695 610
f 609 693 694
f 610 695 611
f 611 696 697
f 611 697 612
f 611 695 696
f 612 697 613
f 613 698 699
f 613 699 614
f 613 697 698
f 614 699 615
f 615 699 700
f 615 700 617
f 615 617 616
f 617 701 618
f 617 700 701
f 618 701 619
f 619 701 702
f 619 702 620
f 620 702 703
f 620 703 704
f 620 704 621
f 621 704 705
f 621 705 622
f 622 705 623
f 623 705 706
f 623 706 707
f 623 707 624
f 624 707 708
f 624 708 625
f 625 708 626
f 626 708 709
f 626 709 710
f 626 710 627
f 627 710 628
f 628 710 711
f 628 711 712
f 628 712 629
f 629 713 630
f 629 712 713
f 630 713 631
f 631 713 714
f 631 714 715
f 631 715 634
f 632 716 633
f 632 634 718
f 632 718 716
f 633 716 717
f 633 717 637
f 634 715 718
f 635 636 652
f 636 719 652
f 636 637 720
f 636 720 719
f 637 717 720
f 638 721 655
f 638 655 639
f 638 645 721
f 640 648 641
f 641 722 642
f 641 648 723
f 641 723 722
f 642 724 643
f 642 722 724
f 643 724 725
f 643 725 726
f 643 726 644
f 644 727 728
f 644 728 645
f 644 726 727
f 645 728 721
f 646 650 729
f 646 729 647
f 647 729 730
f 647 730 649
f 648 649 731
f 648 731 723
f 649 730 732
f 649 732 731
f 650 651 733
f 650 733 734
f 650 734 729
f 651 652 733
f 652 719 733
f 653 735 736
f 653 736 654
f 653 655 737
f 653 737 738
f 653 738 735
f 655 721 737
f 657 739 740
f 657 740 658
f 658 740 659
f 659 741 661
f 659 661 660
f 659 740 741
f 661 742 743
f 661 743 662
f 661 741 742
f 662 743 744
f 662 744 745
f 662 745 663
f 663 745 746
f 663 746 664
f 664 746 665
f 665 746 747
f 665 747 748
f 665 748 666
f 666 748 667
f 667 748 749
f 667 749 668
f 668 749 750
f 668 750 674
f 669 670 752
f 669 752 751
f 670 682 753
f 670 753 754
f 670 754 752
f 671 672 755
f 672 756 755
f 672 673 757
f 672 757 756
f 673 751 757
f 674 750 758
f 674 758 759
f 674 759 675
f 675 760 676
f 675 759 761
f 675 761 760
f 676 760 762
f 676 762 677
f 677 762 763
f 677 763 678
f 678 763 764
f 678 764 765
f 678 765 679
f 679 766 680
f 679 765 766
f 680 766 681
f 681 766 767
f 681 767 682
f 682 767 768
f 682 768 769
f 682 769 753
f 684 770 771
f 684 771 685
f 685 771 686
f 686 772 773
f 686 773 687
f 686 771 772
f 687 773 688
f 688 773 774
f 688 774 775
f 688 775 689
f 689 775 690
f 690 776 777
f 690 777 691
f 690 775 776
f 691 777 778
f 691 778 692
f 692 778 693
f 693 778 779
f 693 779 780
f 693 780 694
f 694 780 781
f 694 781 695
f 695 781 782
f 695 782 696
f 696 782 783
f 696 783 697
f 697 783 784
f 697 784 785
f 697 785 698
f 698 785 786
f 698 786 787
f 698 787 699
f 699 787 788
f 699 788 789
f 699 789 700
f 700 789 701
f 701 789 790
f 701 790 791
f 701 791 702
f 702 792 793
f 702 793 794
f 702 794 703
f 702 791 792
f 703 794 795
f 703 795 704
f 704 795 705
f 705 795 796
f 705 796 706
f 706 796 797
f 706 797 798
f 706 798 707
f 707 798 799
f 707 799 708
f 708 799 800
f 708 800 709
f 709 800 710
f 710 800 801
f 710 801 802
f 710 802 711
f 711 803 712
f 711 802 803
f 712 803 804
f 712 804 805
f 712 805 714
f 712 714 713
f 714 805 806
f 714 806 715
f 715 806 807
f 715 807 718
f 716 808 717
f 716 718 808
f 717 808 809
f 717 809 720
f 718 810 808
f 718 807 810
f 719 811 733
f 719 720 812
f 719 812 813
f 719 813 811
f 720 809 812
f 721 814 738
f 721 738 737
f 721 728 814
f 722 815 724
f 722 723 816
f 722 816 815
f 723 731 817
f 723 817 816
f 724 815 725
f 725 815 818
f 725 818 726
f 726 818 819
f 726 819 820
f 726 820 727
f 727 821 822
f 727 822 728
f 727 820 821
f 728 822 814
f 729 734 823
f 729 823 730
f 730 823 824
f 730 824 732
f 731 732 825
f 731 825 817
f 732 824 826
f 732 826 825
f 733 811 734
f 734 811 827
f 734 827 823
f 735 828 736
f 735 738 814
f 735 814 829
f 735 829 828
f 736 828 830
f 739 831 740
f 740 831 832
f 740 832 741
f 741 833 742
f 741 832 833
f 742 833 834
f 742 834 835
f 742 835 743
f 743 835 836
f 743 836 744
f 744 836 837
f 744 837 838
f 744 838 745
f 745 838 839
f 745 839 746
f 746 839 747
f 747 839 840
f 747 840 841
f 747 841 748
f 748 841 749
f 749 841 842
f 749 842 750
f 750 842 843
f 750 843 758
f 751 844 757
f 751 752 845
f 751 845 846
f 751 846 844
f 752 754 847
f 752 847 845
f 753 769 754
f 754 769 848
f 754 848 849
f 754 849 847
f 755 756 850
f 756 851 850
f 756 757 851
f 757 844 852
f 757 852 853
f 757 853 851
f 758 843 854
f 758 854 855
f 758 855 759
f 759 855 856
f 759 856 761
f 760 761 857
f 760 857 762
f 761 856 857
f 762 857 858
f 762 858 763
f 763 858 859
f 763 859 764
f 764 859 860
f 764 860 765
f 765 860 861
f 765 861 768
f 765 768 767
f 765 767 766
f 768 861 958
f 768 958 862
f 768 862 769
f 769 862 863
f 769 863 864
f 769 864 848
f 770 865 771
f 771 865 963
f 771 963 866
f 771 866 772
f 772 867 773
f 772 866 867
f 773 867 868
f 773 868 869
f 773 869 774
f 774 869 870
f 774 870 775
f 775 870 776
f 776 871 872
f 776 872 777
f 776 870 871
f 777 872 778
f 778 873 874
f 778 874 779
f 778 872 873
f 779 874 780
f 780 875 876
f 780 876 877
f 780 877 781
f 780 874 875
f 781 877 782
f 782 878 879
f 782 879 880
f 782 880 783
f 782 877 878
f 783 880 881
f 783 881 784
f 784 881 882
f 784 882 785
f 785 882 786
f 786 883 884
f 786 884 787
f 786 882 883
f 787 884 885
f 787 885 788
f 788 885 789
f 789 885 790
f 790 886 791
f 790 885 886
f 791 886 792
f 792 886 887
f 792 887 793
f 793 887 888
f 793 888 889
f 793 889 794
f 794 889 795
f 795 889 890
f 795 890 891
f 795 891 796
f 796 891 797
f 797 891 892
f 797 892 893
f 797 893 798
f 798 893 799
f 799 893 894
f 799 894 895
f 799 895 800
f 800 895 896
f 800 896 801
f 801 896 802
f 802 897 803
f 802 896 898
f 802 898 1001
f 802 1001 897
f 803 897 804
f 804 897 899
f 804 899 900
f 804 900 806
f 804 806 805
f 806 900 901
f 806 901 807
f 807 902 810
f 807 901 902
f 808 903 809
f 808 810 903
f 809 903 904
f 809 904 812
f 810 902 905
f 810 905 903
f 811 813 827
f 812 904 813
f 813 906 827
f 813 904 907
f 813 907 906
f 814 908 909
f 814 909 829
f 814 822 908
f 815 816 910
f 815 910 818
f 816 817 911
f 816 911 910
f 817 825 912
f 817 912 911
f 818 910 913
f 818 913 819
f 819 914 820
f 819 913 914
f 820 914 915
f 820 915 821
f 821 916 917
f 821 917 822
f 821 915 916
f 822 917 908
f 823 827 918
f 823 918 919
f 823 919 824
f 824 919 826
f 825 826 920
f 825 920 912
f 826 919 921
f 826 921 920
f 827 906 918
f 828 922 923
f 828 923 830
f 828 829 909
f 828 909 922
f 831 924 832
f 832 924 925
f 832 925 833
f 833 926 834
f 833 925 926
f 834 926 927
f 834 927 928
f 834 928 835
f 835 928 929
f 835 929 836
f 836 929 930
f 836 930 837
f 837 930 931
f 837 931 932
f 837 932 838
f 838 932 933
f 838 933 839
f 839 933 840
f 840 933 934
f 840 934 935
f 840 935 841
f 841 935 936
f 841 936 842
f 842 936 937
f 842 937 843
f 843 937 938
f 843 938 854
f 844 846 852
f 845 847 846
f 846 847 939
f 846 939 940
f 846 940 852
f 847 849 943
f 847 943 939
f 848 864 849
f 849 864 941
f 849 941 942
f 849 942 943
f 850 851 945
f 850 945 944
f 851 853 945
f 852 946 947
f 852 947 853
f 852 940 948
f 852 948 946
f 853 947 945
f 854 938 1048
f 854 1048 949
f 854 949 950
f 854 950 855
f 855 950 856
f 856 951 857
f 856 950 952
f 856 952 953
f 856 953 951
f 857 951 954
f 857 954 955
f 857 955 858
f 858 955 956
f 858 956 957
f 858 957 859
f 859 957 860
f 860 957 958
f 860 958 861
f 862 958 959
f 862 959 960
f 862 960 863
f 863 960 961
f 863 961 962
f 863 962 864
f 864 962 941
f 866 963 964
f 866 964 965
f 866 965 867
f 867 965 966
f 867 966 967
f 867 967 968
f 867 968 868
f 868 969 869
f 868 968 969
f 869 969 870
f 870 969 970
f 870 970 871
f 871 970 971
f 871 971 872
f 872 971 972
f 872 972 973
f 872 973 873
f 873 973 874
f 874 974 875
f 874 973 975
f 874 975 974
f 875 974 876
f 876 974 976
f 876 976 977
f 876 977 877
f 877 977 878
f 878 977 879
f 879 977 978
f 879 978 979
f 879 979 880
f 880 979 881
f 881 980 981
f 881 981 882
f 881 979 980
f 882 981 982
f 882 982 983
f 882 983 883
f 883 984 985
f 883 985 884
f 883 983 984
f 884 985 986
f 884 986 885
f 885 986 987
f 885 987 886
f 886 987 988
f 886 988 887
f 887 988 989
f 887 989 990
f 887 990 888
f 888 990 889
f 889 990 991
f 889 991 992
f 889 992 890
f 890 992 891
f 891 992 993
f 891 993 994
f 891 994 892
f 892 994 893
f 893 994 995
f 893 995 996
f 893 996 894
f 894 996 997
f 894 997 895
f 895 997 896
f 896 997 998
f 896 998 999
f 896 999 898
f 897 1000 899
f 897 1001 1002
f 897 1002 1000
f 898 999 1118
f 898 1118 1001
f 899 1000 1003
f 899 1003 1004
f 899 1004 900
f 900 1004 1005
f 900 1005 1006
f 900 1006 901
f 901 1006 1007
f 901 1007 902
f 902 1008 905
f 902 1007 1008
f 903 1009 904
f 903 905 1009
f 904 1009 907
f 905 1010 1009
f 905 1008 1010
f 906 1011 918
f 906 907 1012
f 906 1012 1011
f 907 1009 1013
f 907 1013 1012
f 908 1014 909
f 908 917 1014
f 909 1014 1015
f 909 1015 922
f 910 911 1016
f 910 1016 913
f 911 912 1017
f 911 1017 1016
f 912 920 1018
f 912 1018 1017
f 913 1016 1019
f 913 1019 1020
f 913 1020 914
f 914 1021 915
f 914 1020 1022
f 914 1022 1021
f 915 1023 916
f 915 1021 1023
f 916 1024 1025
f 916 1025 917
f 916 1023 1024
f 917 1025 1014
f 918 1011 919
f 919 1011 1026
f 919 1026 1027
f 919 1027 921
f 920 921 1028
f 920 1028 1018
f 921 1027 1028
f 922 1029 1030
f 922 1030 923
f 922 1015 1029
f 924 1031 925
f 925 1031 1032
f 925 1032 926
f 926 1033 927
f 926 1032 1033
f 927 1033 1034
f 927 1034 1035
f 927 1035 928
f 928 1035 1036
f 928 1036 929
f 929 1036 1037
f 929 1037 930
f 930 1037 1038
f 930 1038 931
f 931 1038 1039
f 931 1039 932
f 932 1039 1040
f 932 1040 1041
f 932 1041 933
f 933 1041 934
f 934 1041 1042
f 934 1042 1043
f 934 1043 1044
f 934 1044 935
f 935 1044 1045
f 935 1045 936
f 936 1045 1046
f 936 1046 937
f 937 1046 1047
f 937 1047 938
f 938 1047 1048
f 939 1049 940
f 939 943 1050
f 939 1050 1049
f 940 1049 948
f 941 962 1051
f 941 1051 1052
f 941 1052 942
f 942 1053 943
f 942 1052 1053
f 943 1053 1050
f 944 945 1054
f 945 1055 1056
f 945 1056 1054
f 945 947 1057
f 945 1057 1055
f 946 1058 947
f 946 948 1058
f 947 1058 1057
f 948 1049 1059
f 948 1059 1060
f 948 1060 1061
f 948 1061 1058
f 949 1048 1062
f 949 1062 950
f 950 1062 1063
f 950 1063 1064
f 950 1064 952
f 951 953 1065
f 951 1065 954
f 952 1064 1066
f 952 1066 953
f 953 1066 1067
f 953 1067 1065
f 954 1065 1068
f 954 1068 1069
f 954 1069 955
f 955 1070 956
f 955 1069 1070
f 956 1070 957
f 957 1070 958
f 958 1070 959
f 959 1070 1069
f 959 1069 1071
f 959 1071 1072
f 959 1072 1073
f 959 1073 960
f 960 1073 1074
f 960 1074 961
f 961 1074 962
f 962 1074 1075
f 962 1075 1076
f 962 1076 1051
f 964 1077 965
f 965 1077 1078
f 965 1078 966
f 966 1078 1079
f 966 1079 967
f 967 1080 968
f 967 1079 1080
f 968 1080 1081
f 968 1081 969
f 969 1081 1082
f 969 1082 970
f 970 1083 1084
f 970 1084 971
f 970 1082 1083
f 971 1084 972
f 972 1084 1085
f 972 1085 1086
f 972 1086 973
f 973 1086 1087
f 973 1087 975
f 974 975 1087
f 974 1087 1088
f 974 1088 976
f 976 1089 1090
f 976 1090 1091
f 976 1091 977
f 976 1088 1089
f 977 1091 1092
f 977 1092 978
f 978 1092 1093
f 978 1093 1094
f 978 1094 979
f 979 1094 980
f 980 1094 1095
f 980 1095 1096
f 980 1096 1097
f 980 1097 982
f 980 982 981
f 982 1098 984
f 982 984 983
f 982 1097 1098
f 984 1098 1099
f 984 1099 1100
f 984 1100 1101
f 984 1101 985
f 985 1101 986
f 986 1101 1102
f 986 1102 987
f 987 1102 1103
f 987 1103 988
f 988 1104 1105
f 988 1105 989
f 988 1103 1104
f 989 1106 1107
f 989 1107 1108
f 989 1108 990
f 989 1105 1106
f 990 1108 991
f 991 1108 1109
f 991 1109 992
f 992 1109 1110
f 992 1110 1111
f 992 1111 993
f 993 1111 994
f 994 1111 1112
f 994 1112 1113
f 994 1113 995
f 995 1113 1114
f 995 1114 996
f 996 1114 1115
f 996 1115 1116
f 996 1116 997
f 997 1116 1117
f 997 1117 998
f 998 1117 999
f 999 1117 1119
f 999 1119 1240
f 999 1240 1118
f 1000 1002 1003
f 1001 1120 1003
f 1001 1003 1002
f 1001 1118 1120
f 1003 1120 1118
f 1003 1118 1121
f 1003 1121 1122
f 1003 1122 1004
f 1004 1122 1005
f 1005 1123 1124
f 1005 1124 1006
f 1005 1122 1125
f 1005 1125 1123
f 1006 1124 1007
f 1007 1126 1008
f 1007 1124 1127
f 1007 1127 1126
f 1008 1128 1010
f 1008 1126 1128
f 1009 1010 1013
f 1010 1128 1129
f 1010 1129 1130
f 1010 1130 1013
f 1011 1012 1131
f 1011 1131 1026
f 1012 1013 1132
f 1012 1132 1131
f 1013 1130 1132
f 1014 1133 1134
f 1014 1134 1015
f 1014 1025 1135
f 1014 1135 1133
f 1015 1134 1029
f 1016 1017 1136
f 1016 1136 1019
f 1017 1018 1137
f 1017 1137 1136
f 1018 1028 1138
f 1018 1138 1137
f 1019 1136 1139
f 1019 1139 1140
f 1019 1140 1020
f 1020 1140 1022
f 1021 1141 1023
f 1021 1022 1142
f 1021 1142 1141
f 1022 1140 1143
f 1022 1143 1142
f 1023 1141 1144
f 1023 1144 1024
f 1024 1145 1135
f 1024 1135 1025
f 1024 1144 1145
f 1026 1131 1146
f 1026 1146 1027
f 1027 1146 1147
f 1027 1147 1148
f 1027 1148 1138
f 1027 1138 1028
f 1029 1149 1150
f 1029 1150 1151
f 1029 1151 1152
f 1029 1152 1030
f 1029 1134 1153
f 1029 1153 1149
f 1031 1154 1032
f 1032 1154 1155
f 1032 1155 1033
f 1033 1156 1157
f 1033 1157 1034
f 1033 1155 1156
f 1034 1157 1158
f 1034 1158 1035
f 1035 1158 1159
f 1035 1159 1036
f 1036 1159 1037
f 1037 1159 1160
f 1037 1160 1161
f 1037 1161 1038
f 1038 1161 1162
f 1038 1162 1163
f 1038 1163 1039
f 1039 1163 1164
f 1039 1164 1165
f 1039 1165 1166
f 1039 1166 1040
f 1040 1166 1041
f 1041 1166 1042
f 1042 1166 1167
f 1042 1167 1168
f 1042 1168 1043
f 1043 1168 1044
f 1044 1168 1045
f 1045 1168 1169
f 1045 1169 1170
f 1045 1170 1047
f 1045 1047 1046
f 1047 1170 1171
f 1047 1171 1048
f 1048 1171 1297
f 1048 1297 1172
f 1048 1172 1062
f 1049 1050 1173
f 1049 1173 1059
f 1050 1053 1173
f 1051 1076 1052
f 1052 1174 1053
f 1052 1076 1175
f 1052 1175 1176
f 1052 1176 1174
f 1053 1177 1173
f 1053 1174 1178
f 1053 1178 1177
f 1055 1179 1180
f 1055 1180 1056
f 1055 1057 1181
f 1055 1181 1179
f 1057 1058 1181
f 1058 1182 1181
f 1058 1061 1183
f 1058 1183 1182
f 1059 1173 1060
f 1060 1184 1183
f 1060 1183 1061
f 1060 1173 1185
f 1060 1185 1186
f 1060 1186 1184
f 1062 1172 1187
f 1062 1187 1188
f 1062 1188 1063
f 1063 1188 1189
f 1063 1189 1064
f 1064 1189 1190
f 1064 1190 1066
f 1065 1067 1068
f 1066 1190 1191
f 1066 1191 1067
f 1067 1191 1192
f 1067 1192 1193
f 1067 1193 1068
f 1068 1071 1069
f 1068 1193 1071
f 1071 1193 1194
f 1071 1194 1072
f 1072 1194 1195
f 1072 1195 1196
f 1072 1196 1073
f 1073 1196 1197
f 1073 1197 1074
f 1074 1197 1075
f 1075 1197 1198
f 1075 1198 1076
f 1076 1198 1199
f 1076 1199 1300
f 1076 1300 1175
f 1078 1200 1079
f 1079 1200 1201
f 1079 1201 1080
f 1080 1202 1081
f 1080 1201 1203
f 1080 1203 1202
f 1081 1202 1082
f 1082 1202 1204
f 1082 1204 1205
f 1082 1205 1083
f 1083 1205 1084
f 1084 1205 1206
f 1084 1206 1207
f 1084 1207 1085
f 1085 1207 1086
f 1086 1207 1208
f 1086 1208 1087
f 1087 1208 1209
f 1087 1209 1210
f 1087 1210 1088
f 1088 1210 1089
f 1089 1211 1212
f 1089 1212 1090
f 1089 1210 1211
f 1090 1212 1213
f 1090 1213 1091
f 1091 1213 1092
f 1092 1213 1093
f 1093 1214 1215
f 1093 1215 1095
f 1093 1095 1094
f 1093 1213 1216
f 1093 1216 1214
f 1095 1215 1217
f 1095 1217 1096
f 1096 1218 1219
f 1096 1219 1220
f 1096 1220 1097
f 1096 1217 1218
f 1097 1220 1098
f 1098 1220 1099
f 1099 1220 1221
f 1099 1221 1352
f 1099 1352 1222
f 1099 1222 1223
f 1099 1223 1100
f 1100 1223 1101
f 1101 1223 1224
f 1101 1224 1225
f 1101 1225 1102
f 1102 1225 1104
f 1102 1104 1103
f 1104 1226 1106
f 1104 1106 1105
f 1104 1225 1226
f 1106 1226 1227
f 1106 1227 1228
f 1106 1228 1229
f 1106 1229 1107
f 1107 1229 1108
f 1108 1229 1230
f 1108 1230 1231
f 1108 1231 1109
f 1109 1231 1110
f 1110 1231 1232
f 1110 1232 1111
f 1111 1232 1233
f 1111 1233 1234
f 1111 1234 1112
f 1112 1234 1113
f 1113 1234 1235
f 1113 1235 1236
f 1113 1236 1114
f 1114 1236 1370
f 1114 1370 1237
f 1114 1237 1115
f 1115 1237 1238
f 1115 1238 1117
f 1115 1117 1116
f 1117 1238 1239
f 1117 1239 1119
f 1118 1240 1241
f 1118 1241 1121
f 1119 1239 1240
f 1121 1241 1242
f 1121 1242 1243
f 1121 1243 1122
f 1122 1243 1125
f 1123 1244 1127
f 1123 1127 1124
f 1123 1125 1245
f 1123 1245 1244
f 1125 1243 1246
f 1125 1246 1245
f 1126 1127 1247
f 1126 1247 1128
f 1127 1244 1248
f 1127 1248 1247
f 1128 1247 1129
f 1129 1249 1250
f 1129 1250 1130
f 1129 1247 1251
f 1129 1251 1249
f 1130 1250 1132
f 1131 1132 1252
f 1131 1252 1146
f 1132 1250 1252
f 1133 1253 1254
f 1133 1254 1153
f 1133 1153 1134
f 1133 1135 1253
f 1135 1145 1255
f 1135 1255 1253
f 1136 1137 1256
f 1136 1256 1139
f 1137 1138 1257
f 1137 1257 1256
f 1138 1148 1258
f 1138 1258 1257
f 1139 1256 1259
f 1139 1259 1140
f 1140 1259 1260
f 1140 1260 1143
f 1141 1261 1144
f 1141 1142 1262
f 1141 1262 1261
f 1142 1143 1263
f 1142 1263 1262
f 1143 1260 1264
f 1143 1264 1263
f 1144 1261 1265
f 1144 1265 1145
f 1145 1266 1267
f 1145 1267 1255
f 1145 1265 1268
f 1145 1268 1269
f 1145 1269 1266
f 1146 1252 1270
f 1146 1270 1147
f 1147 1270 1271
f 1147 1271 1148
f 1148 1271 1272
f 1148 1272 1258
f 1149 1273 1274
f 1149 1274 1275
f 1149 1275 1150
f 1149 1153 1254
f 1149 1254 1276
f 1149 1276 1273
f 1154 1277 1278
f 1154 1278 1155
f 1155 1278 1156
f 1156 1278 1157
f 1157 1278 1279
f 1157 1279 1280
f 1157 1280 1281
f 1157 1281 1158
f 1158 1281 1282
f 1158 1282 1159
f 1159 1282 1283
f 1159 1283 1160
f 1160 1283 1284
f 1160 1284 1285
f 1160 1285 1161
f 1161 1285 1286
f 1161 1286 1287
f 1161 1287 1162
f 1162 1287 1288
f 1162 1288 1289
f 1162 1289 1290
f 1162 1290 1163
f 1163 1290 1164
f 1164 1290 1291
f 1164 1291 1165
f 1165 1292 1166
f 1165 1291 1293
f 1165 1293 1292
f 1166 1292 1294
f 1166 1294 1167
f 1167 1294 1295
f 1167 1295 1168
f 1168 1295 1296
f 1168 1296 1171
f 1168 1171 1169
f 1169 1171 1170
f 1171 1296 1297
f 1172 1297 1298
f 1172 1298 1187
f 1173 1177 1299
f 1173 1299 1185
f 1174 1176 1178
f 1175 1300 1176
f 1176 1300 1301
f 1176 1301 1302
f 1176 1302 1303
f 1176 1303 1178
f 1177 1178 1304
f 1177 1304 1299
f 1178 1303 1305
f 1178 1305 1304
f 1179 1306 1437
f 1179 1437 1307
f 1179 1307 1180
f 1179 1181 1306
f 1181 1182 1308
f 1181 1308 1309
f 1181 1309 1306
f 1182 1183 1308
f 1183 1184 1310
f 1183 1310 1311
f 1183 1311 1308
f 1184 1186 1313
f 1184 1313 1310
f 1185 1299 1312
f 1185 1312 1186
f 1186 1312 1313
f 1187 1298 1314
f 1187 1314 1315
f 1187 1315 1188
f 1188 1315 1316
f 1188 1316 1189
f 1189 1316 1317
f 1189 1317 1318
f 1189 1318 1190
f 1190 1318 1191
f 1191 1319 1192
f 1191 1318 1320
f 1191 1320 1319
f 1192 1319 1321
f 1192 1321 1194
f 1192 1194 1193
f 1194 1321 1322
f 1194 1322 1195
f 1195 1322 1196
f 1196 1322 1323
f 1196 1323 1324
f 1196 1324 1197
f 1197 1324 1198
f 1198 1324 1325
f 1198 1325 1326
f 1198 1326 1327
f 1198 1327 1199
f 1199 1327 1300
f 1200 1328 1201
f 1201 1329 1330
f 1201 1330 1203
f 1201 1328 1331
f 1201 1331 1329
f 1202 1203 1330
f 1202 1330 1332
f 1202 1332 1333
f 1202 1333 1204
f 1204 1333 1205
f 1205 1334 1335
f 1205 1335 1206
f 1205 1333 1334
f 1206 1335 1207
f 1207 1336 1337
f 1207 1337 1208
f 1207 1335 1336
f 1208 1337 1338
f 1208 1338 1209
f 1209 1338 1339
f 1209 1339 1210
f 1210 1339 1211
f 1211 1340 1212
f 1211 1339 1340
f 1212 1341 1342
f 1212 1342 1213
f 1212 1340 1343
f 1212 1343 1341
f 1213 1344 1216
f 1213 1342 1344
f 1214 1216 1344
f 1214 1344 1345
f 1214 1345 1346
f 1214 1346 1347
f 1214 1347 1217
f 1214 1217 1215
f 1217 1347 1348
f 1217 1348 1218
f 1218 1348 1349
f 1218 1349 1350
f 1218 1350 1351
f 1218 1351 1219
f 1219 1351 1220
f 1220 1351 1221
f 1221 1351 1352
f 1222 1353 1354
f 1222 1354 1355
f 1222 1355 1223
f 1222 1352 1353
f 1223 1355 1356
f 1223 1356 1224
f 1224 1356 1225
f 1225 1356 1357
f 1225 1357 1226
f 1226 1357 1358
f 1226 1358 1227
f 1227 1359 1360
f 1227 1360 1361
f 1227 1361 1228
f 1227 1358 1359
f 1228 1361 1229
f 1229 1361 1362
f 1229 1362 1363
f 1229 1363 1230
f 1230 1363 1231
f 1231 1363 1364
f 1231 1364 1232
f 1232 1364 1365
f 1232 1365 1366
f 1232 1366 1233
f 1233 1366 1234
f 1234 1366 1367
f 1234 1367 1368
f 1234 1368 1235
f 1235 1368 1236
f 1236 1368 1369
f 1236 1369 1501
f 1236 1501 1370
f 1237 1370 1371
f 1237 1371 1372
f 1237 1372 1238
f 1238 1372 1239
f 1239 1373 1240
f 1239 1372 1374
f 1239 1374 1375
f 1239 1375 1376
f 1239 1376 1373
f 1240 1242 1241
f 1240 1373 1242
f 1242 1373 1377
f 1242 1377 1378
f 1242 1378 1243
f 1243 1378 1246
f 1244 1379 1248
f 1244 1245 1380
f 1244 1380 1381
f 1244 1381 1379
f 1245 1246 1382
f 1245 1382 1380
f 1246 1378 1383
f 1246 1383 1384
f 1246 1384 1382
f 1247 1248 1251
f 1248 1379 1385
f 1248 1385 1251
f 1249 1386 1250
f 1249 1251 1387
f 1249 1387 1386
f 1250 1386 1252
f 1251 1385 1387
f 1252 1386 1270
f 1253 1388 1254
f 1253 1255 1388
f 1254 1388 1276
f 1255 1267 1388
f 1256 1257 1389
f 1256 1389 1259
f 1257 1258 1390
f 1257 1390 1389
f 1258 1272 1391
f 1258 1391 1390
f 1259 1389 1392
f 1259 1392 1260
f 1260 1392 1393
f 1260 1393 1264
f 1261 1394 1265
f 1261 1262 1395
f 1261 1395 1394
f 1262 1263 1396
f 1262 1396 1395
f 1263 1264 1397
f 1263 1397 1396
f 1264 1393 1398
f 1264 1398 1399
f 1264 1399 1397
f 1265 1394 1268
f 1266 1269 1400
f 1266 1400 1401
f 1266 1401 1402
f 1266 1402 1267
f 1267 1402 1388
f 1268 1394 1403
f 1268 1403 1269
f 1269 1403 1400
f 1270 1386 1404
f 1270 1404 1271
f 1271 1404 1405
f 1271 1405 1272
f 1272 1405 1406
f 1272 1406 1391
f 1273 1407 1408
f 1273 1408 1274
f 1273 1276 1409
f 1273 1409 1407
f 1276 1388 1409
f 1277 1410 1278
f 1278 1410 1411
f 1278 1411 1412
f 1278 1412 1279
f 1279 1412 1280
f 1280 1412 1413
f 1280 1413 1414
f 1280 1414 1281
f 1281 1414 1415
f 1281 1415 1282
f 1282 1415 1416
f 1282 1416 1283
f 1283 1416 1417
f 1283 1417 1284
f 1284 1417 1418
f 1284 1418 1419
f 1284 1419 1285
f 1285 1419 1420
f 1285 1420 1286
f 1286 1420 1421
f 1286 1421 1288
f 1286 1288 1287
f 1288 1421 1422
f 1288 1422 1423
f 1288 1423 1289
f 1289 1423 1290
f 1290 1423 1291
f 1291 1423 1424
f 1291 1424 1293
f 1292 1293 1294
f 1293 1424 1425
f 1293 1425 1426
f 1293 1426 1295
f 1293 1295 1294
f 1295 1426 1427
f 1295 1427 1296
f 1296 1427 1428
f 1296 1428 1297
f 1297 1428 1298
f 1298 1428 1429
f 1298 1429 1314
f 1299 1304 1312
f 1300 1327 1430
f 1300 1430 1301
f 1301 1430 1431
f 1301 1431 1302
f 1302 1432 1305
f 1302 1305 1303
f 1302 1431 1433
f 1302 1433 1432
f 1304 1434 1312
f 1304 1305 1435
f 1304 1435 1434
f 1305 1432 1435
f 1306 1436 1437
f 1306 1309 1436
f 1308 1438 1439
f 1308 1439 1309
f 1308 1311 1440
f 1308 1440 1438
f 1309 1439 1436
f 1310 1441 1311
f 1310 1313 1441
f 1311 1441 1440
f 1312 1442 1313
f 1312 1434 1443
f 1312 1443 1442
f 1313 1444 1441
f 1313 1442 1575
f 1313 1575 1444
f 1314 1429 1445
f 1314 1445 1446
f 1314 1446 1315
f 1315 1446 1447
f 1315 1447 1316
f 1316 1447 1448
f 1316 1448 1317
f 1317 1448 1449
f 1317 1449 1318
f 1318 1449 1450
f 1318 1450 1320
f 1319 1320 1451
f 1319 1451 1321
f 1320 1450 1452
f 1320 1452 1453
f 1320 1453 1451
f 1321 1451 1322
f 1322 1451 1453
f 1322 1453 1454
f 1322 1454 1323
f 1323 1454 1325
f 1323 1325 1324
f 1325 1454 1455
f 1325 1455 1456
f 1325 1456 1457
f 1325 1457 1326
f 1326 1457 1327
f 1327 1457 1458
f 1327 1458 1559
f 1327 1559 1430
f 1329 1459 1460
f 1329 1460 1330
f 1329 1331 1461
f 1329 1461 1459
f 1330 1460 1462
f 1330 1462 1332
f 1332 1462 1333
f 1333 1462 1463
f 1333 1463 1464
f 1333 1464 1334
f 1334 1464 1335
f 1335 1464 1465
f 1335 1465 1466
f 1335 1466 1336
f 1336 1466 1337
f 1337 1466 1467
f 1337 1467 1338
f 1338 1468 1469
f 1338 1469 1339
f 1338 1467 1468
f 1339 1469 1340
f 1340 1470 1343
f 1340 1469 1470
f 1341 1343 1471
f 1341 1471 1472
f 1341 1472 1342
f 1342 1472 1344
f 1343 1470 1473
f 1343 1473 1471
f 1344 1472 1345
f 1345 1472 1474
f 1345 1474 1346
f 1346 1474 1475
f 1346 1475 1476
f 1346 1476 1477
f 1346 1477 1348
f 1346 1348 1347
f 1348 1477 1349
f 1349 1477 1478
f 1349 1478 1479
f 1349 1479 1350
f 1350 1479 1480
f 1350 1480 1481
f 1350 1481 1351
f 1351 1481 1352
f 1352 1481 1482
f 1352 1482 1353
f 1353 1483 1484
f 1353 1484 1485
f 1353 1485 1354
f 1353 1482 1483
f 1354 1485 1486
f 1354 1486 1355
f 1355 1486 1356
f 1356 1487 1358
f 1356 1358 1357
f 1356 1486 1487
f 1358 1487 1359
f 1359 1488 1489
f 1359 1489 1490
f 1359 1490 1360
f 1359 1487 1491
f 1359 1491 1488
f 1360 1490 1361
f 1361 1492 1362
f 1361 1490 1492
f 1362 1492 1493
f 1362 1493 1494
f 1362 1494 1363
f 1363 1494 1364
f 1364 1494 1495
f 1364 1495 1365
f 1365 1495 1496
f 1365 1496 1366
f 1366 1496 1497
f 1366 1497 1498
f 1366 1498 1367
f 1367 1498 1368
f 1368 1498 1499
f 1368 1499 1369
f 1369 1499 1500
f 1369 1500 1501
f 1370 1502 1371
f 1370 1501 1642
f 1370 1642 1502
f 1371 1502 1503
f 1371 1503 1504
f 1371 1504 1374
f 1371 1374 1372
f 1373 1376 1377
f 1374 1504 1505
f 1374 1505 1376
f 1374 1376 1375
f 1376 1506 1377
f 1376 1505 1506
f 1377 1506 1378
f 1378 1506 1507
f 1378 1507 1383
f 1379 1381 1385
f 1380 1382 1508
f 1380 1508 1381
f 1381 1508 1509
f 1381 1509 1510
f 1381 1510 1385
f 1382 1384 1508
f 1383 1507 1511
f 1383 1511 1384
f 1384 1512 1508
f 1384 1511 1513
f 1384 1513 1512
f 1385 1514 1387
f 1385 1510 1514
f 1386 1387 1515
f 1386 1515 1404
f 1387 1514 1515
f 1388 1402 1409
f 1389 1390 1516
f 1389 1516 1392
f 1390 1391 1517
f 1390 1517 1516
f 1391 1406 1518
f 1391 1518 1517
f 1392 1516 1519
f 1392 1519 1393
f 1393 1519 1398
f 1394 1395 1520
f 1394 1520 1403
f 1395 1396 1521
f 1395 1521 1520
f 1396 1397 1522
f 1396 1522 1521
f 1397 1399 1523
f 1397 1523 1522
f 1398 1519 1524
f 1398 1524 1525
f 1398 1525 1399
f 1399 1525 1526
f 1399 1526 1523
f 1400 1527 1401
f 1400 1403 1528
f 1400 1528 1527
f 1401 1529 1530
f 1401 1530 1531
f 1401 1531 1402
f 1401 1527 1532
f 1401 1532 1529
f 1402 1531 1533
f 1402 1533 1534
f 1402 1534 1409
f 1403 1520 1535
f 1403 1535 1536
f 1403 1536 1528
f 1404 1515 1537
f 1404 1537 1405
f 1405 1537 1538
f 1405 1538 1406
f 1406 1538 1539
f 1406 1539 1518
f 1407 1533 1408
f 1407 1409 1534
f 1407 1534 1533
f 1410 1540 1411
f 1411 1540 1541
f 1411 1541 1412
f 1412 1542 1413
f 1412 1541 1542
f 1413 1542 1543
f 1413 1543 1544
f 1413 1544 1414
f 1414 1544 1545
f 1414 1545 1415
f 1415 1545 1546
f 1415 1546 1416
f 1416 1546 1547
f 1416 1547 1417
f 1417 1547 1548
f 1417 1548 1418
f 1418 1548 1549
f 1418 1549 1419
f 1419 1549 1550
f 1419 1550 1420
f 1420 1550 1422
f 1420 1422 1421
f 1422 1550 1551
f 1422 1551 1552
f 1422 1552 1423
f 1423 1552 1424
f 1424 1552 1553
f 1424 1553 1554
f 1424 1554 1425
f 1425 1554 1555
f 1425 1555 1426
f 1426 1555 1556
f 1426 1556 1427
f 1427 1556 1557
f 1427 1557 1428
f 1428 1557 1429
f 1429 1557 1558
f 1429 1558 1445
f 1430 1559 1431
f 1431 1559 1560
f 1431 1560 1561
f 1431 1561 1433
f 1432 1562 1435
f 1432 1433 1563
f 1432 1563 1564
f 1432 1564 1562
f 1433 1561 1565
f 1433 1565 1563
f 1434 1435 1443
f 1435 1566 1443
f 1435 1562 1567
f 1435 1567 1566
f 1436 1568 1569
f 1436 1569 1570
f 1436 1570 1437
f 1436 1439 1568
f 1438 1571 1572
f 1438 1572 1439
f 1438 1440 1571
f 1439 1572 1568
f 1440 1573 1571
f 1440 1441 1574
f 1440 1574 1573
f 1441 1444 1574
f 1442 1443 1575
f 1443 1566 1576
f 1443 1576 1577
f 1443 1577 1575
f 1444 1575 1578
f 1444 1578 1574
f 1445 1558 1579
f 1445 1579 1580
f 1445 1580 1446
f 1446 1580 1447
f 1447 1580 1581
f 1447 1581 1582
f 1447 1582 1448
f 1448 1582 1583
f 1448 1583 1449
f 1449 1583 1584
f 1449 1584 1452
f 1449 1452 1450
f 1452 1584 1585
f 1452 1585 1586
f 1452 1586 1453
f 1453 1586 1455
f 1453 1455 1454
f 1455 1586 1728
f 1455 1728 1587
f 1455 1587 1588
f 1455 1588 1456
f 1456 1588 1589
f 1456 1589 1457
f 1457 1589 1590
f 1457 1590 1458
f 1458 1590 1559
f 1459 1591 1460
f 1459 1461 1592
f 1459 1592 1593
f 1459 1593 1591
f 1460 1591 1594
f 1460 1594 1462
f 1462 1594 1595
f 1462 1595 1463
f 1463 1595 1596
f 1463 1596 1464
f 1464 1596 1465
f 1465 1596 1597
f 1465 1597 1466
f 1466 1597 1598
f 1466 1598 1467
f 1467 1598 1468
f 1468 1599 1469
f 1468 1598 1599
f 1469 1600 1470
f 1469 1599 1600
f 1470 1601 1473
f 1470 1600 1601
f 1471 1473 1601
f 1471 1601 1602
f 1471 1602 1603
f 1471 1603 1472
f 1472 1603 1604
f 1472 1604 1474
f 1474 1604 1605
f 1474 1605 1475
f 1475 1605 1476
f 1476 1606 1607
f 1476 1607 1477
f 1476 1605 1608
f 1476 1608 1606
f 1477 1607 1478
f 1478 1609 1610
f 1478 1610 1479
f 1478 1607 1609
f 1479 1611 1480
f 1479 1610 1611
f 1480 1611 1612
f 1480 1612 1482
f 1480 1482 1481
f 1482 1612 1613
f 1482 1613 1483
f 1483 1613 1614
f 1483 1614 1615
f 1483 1615 1616
f 1483 1616 1484
f 1484 1616 1617
f 1484 1617 1485
f 1485 1617 1486
f 1486 1617 1618
f 1486 1618 1487
f 1487 1618 1491
f 1488 1619 1489
f 1488 1491 1618
f 1488 1618 1620
f 1488 1620 1621
f 1488 1621 1622
f 1488 1622 1619
f 1489 1619 1623
f 1489 1623 1490
f 1490 1624 1492
f 1490 1623 1624
f 1492 1624 1625
f 1492 1625 1626
f 1492 1626 1493
f 1493 1626 1627
f 1493 1627 1628
f 1493 1628 1494
f 1494 1628 1629
f 1494 1629 1495
f 1495 1629 1630
f 1495 1630 1496
f 1496 1630 1631
f 1496 1631 1632
f 1496 1632 1633
f 1496 1633 1497
f 1497 1633 1498
f 1498 1634 1635
f 1498 1635 1499
f 1498 1633 1634
f 1499 1635 1636
f 1499 1636 1637
f 1499 1637 1500
f 1500 1637 1638
f 1500 1638 1639
f 1500 1639 1640
f 1500 1640 1501
f 1501 1640 1641
f 1501 1641 1642
f 1502 1642 1503
f 1503 1642 1643
f 1503 1643 1644
f 1503 1644 1645
f 1503 1645 1505
f 1503 1505 1504
f 1505 1507 1506
f 1505 1645 1646
f 1505 1646 1507
f 1507 1646 1647
f 1507 1647 1648
f 1507 1648 1511
f 1508 1512 1509
f 1509 1512 1649
f 1509 1649 1650
f 1509 1650 1651
f 1509 1651 1510
f 1510 1651 1652
f 1510 1652 1514
f 1511 1648 1513
f 1512 1513 1653
f 1512 1653 1649
f 1513 1648 1654
f 1513 1654 1653
f 1514 1655 1515
f 1514 1652 1655
f 1515 1655 1537
f 1516 1517 1656
f 1516 1656 1519
f 1517 1518 1657
f 1517 1657 1656
f 1518 1539 1658
f 1518 1658 1657
f 1519 1656 1524
f 1520 1521 1659
f 1520 1659 1660
f 1520 1660 1535
f 1521 1522 1661
f 1521 1661 1659
f 1522 1523 1662
f 1522 1662 1661
f 1523 1526 1663
f 1523 1663 1664
f 1523 1664 1662
f 1524 1656 1665
f 1524 1665 1666
f 1524 1666 1525
f 1525 1666 1667
f 1525 1667 1526
f 1526 1667 1668
f 1526 1668 1663
f 1527 1528 1669
f 1527 1669 1532
f 1528 1536 1660
f 1528 1660 1670
f 1528 1670 1671
f 1528 1671 1669
f 1529 1532 1672
f 1529 1672 1530
f 1530 1673 1674
f 1530 1674 1675
f 1530 1675 1531
f 1530 1672 1673
f 1531 1675 1533
f 1532 1676 1672
f 1532 1669 1677
f 1532 1677 1676
f 1533 1675 1678
f 1535 1660 1536
f 1537 1655 1679
f 1537 1679 1538
f 1538 1679 1680
f 1538 1680 1539
f 1539 1680 1681
f 1539 1681 1658
f 1540 1682 1541
f 1541 1682 1683
f 1541 1683 1542
f 1542 1684 1543
f 1542 1683 1684
f 1543 1684 1685
f 1543 1685 1686
f 1543 1686 1544
f 1544 1686 1687
f 1544 1687 1545
f 1545 1687 1688
f 1545 1688 1546
f 1546 1688 1689
f 1546 1689 1547
f 1547 1689 1690
f 1547 1690 1548
f 1548 1690 1691
f 1548 1691 1549
f 1549 1691 1692
f 1549 1692 1693
f 1549 1693 1550
f 1550 1693 1551
f 1551 1693 1694
f 1551 1694 1695
f 1551 1695 1552
f 1552 1695 1553
f 1553 1695 1696
f 1553 1696 1697
f 1553 1697 1554
f 1554 1697 1698
f 1554 1698 1555
f 1555 1698 1699
f 1555 1699 1556
f 1556 1699 1700
f 1556 1700 1557
f 1557 1700 1558
f 1558 1700 1701
f 1558 1701 1579
f 1559 1590 1702
f 1559 1702 1703
f 1559 1703 1560
f 1560 1703 1704
f 1560 1704 1561
f 1561 1704 1565
f 1562 1564 1567
f 1563 1565 1564
f 1564 1565 1705
f 1564 1705 1706
f 1564 1706 1567
f 1565 1704 1707
f 1565 1707 1708
f 1565 1708 1705
f 1566 1567 1576
f 1567 1709 1576
f 1567 1706 1709
f 1568 1710 1569
f 1568 1572 1710
f 1569 1710 1711
f 1571 1712 1713
f 1571 1713 1572
f 1571 1573 1714
f 1571 1714 1712
f 1572 1713 1710
f 1573 1574 1714
f 1574 1715 1714
f 1574 1578 1716
f 1574 1716 1715
f 1575 1717 1578
f 1575 1577 1718
f 1575 1718 1717
f 1576 1719 1577
f 1576 1709 1719
f 1577 1719 1718
f 1578 1717 1720
f 1578 1720 1716
f 1579 1701 1721
f 1579 1721 1722
f 1579 1722 1580
f 1580 1722 1723
f 1580 1723 1581
f 1581 1723 1582
f 1582 1723 1724
f 1582 1724 1583
f 1583 1724 1725
f 1583 1725 1726
f 1583 1726 1584
f 1584 1726 1727
f 1584 1727 1585
f 1585 1727 1586
f 1586 1727 1728
f 1587 1728 1866
f 1587 1866 1729
f 1587 1729 1730
f 1587 1730 1588
f 1588 1730 1589
f 1589 1730 1731
f 1589 1731 1590
f 1590 1731 1732
f 1590 1732 1733
f 1590 1733 1702
f 1591 1593 1735
f 1591 1735 1734
f 1591 1734 1874
f 1591 1874 2024
f 1591 2024 2176
f 1591 2176 2330
f 1591 2330 2485
f 1591 2485 2616
f 1591 2616 2729
f 1591 2729 2776
f 1591 2776 2789
f 1591 2789 2799
f 1591 2799 2803
f 1591 2803 2802
f 1591 2802 2804
f 1591 2804 2800
f 1591 2800 2792
f 1591 2792 2779
f 1591 2779 2731
f 1591 2731 2621
f 1591 2621 2617
f 1591 2617 2486
f 1591 2486 2331
f 1591 2331 2179
f 1591 2179 2027
f 1591 2027 1879
f 1591 1879 1876
f 1591 1876 1739
f 1591 1739 1738
f 1591 1738 1737
f 1591 1737 1736
f 1591 1736 1602
f 1591 1602 1601
f 1591 1601 1600
f 1591 1600 1599
f 1591 1599 1598
f 1591 1598 1597
f 1591 1597 1596
f 1591 1596 1595
f 1591 1595 1594
f 1602 1736 1603
f 1603 1736 1604
f 1604 1737 1605
f 1604 1736 1737
f 1605 1738 1608
f 1605 1737 1738
f 1606 1608 1738
f 1606 1738 1739
f 1606 1739 1740
f 1606 1740 1609
f 1606 1609 1607
f 1609 1741 1742
f 1609 1742 1743
f 1609 1743 1610
f 1609 1740 1741
f 1610 1743 1611
f 1611 1743 1744
f 1611 1744 1613
f 1611 1613 1612
f 1613 1744 1614
f 1614 1745 1615
f 1614 1744 1746
f 1614 1746 1747
f 1614 1747 1745
f 1615 1745 1748
f 1615 1748 1749
f 1615 1749 1616
f 1616 1749 1617
f 1617 1749 1750
f 1617 1750 1618
f 1618 1750 1620
f 1619 1622 1751
f 1619 1751 1752
f 1619 1752 1753
f 1619 1753 1623
f 1620 1750 1754
f 1620 1754 1621
f 1621 1751 1622
f 1621 1754 1751
f 1623 1753 1624
f 1624 1753 1755
f 1624 1755 1756
f 1624 1756 1625
f 1625 1756 1626
f 1626 1756 1627
f 1627 1757 1628
f 1627 1756 1757
f 1628 1757 1758
f 1628 1758 1759
f 1628 1759 1629
f 1629 1759 1630
f 1630 1760 1761
f 1630 1761 1632
f 1630 1632 1631
f 1630 1759 1762
f 1630 1762 1760
f 1632 1761 1763
f 1632 1763 1633
f 1633 1763 1634
f 1634 1763 1764
f 1634 1764 1765
f 1634 1765 1766
f 1634 1766 1635
f 1635 1766 1636
f 1636 1766 1767
f 1636 1767 1638
f 1636 1638 1637
f 1638 1768 1639
f 1638 1767 1769
f 1638 1769 1768
f 1639 1641 1640
f 1639 1768 1770
f 1639 1770 1771
f 1639 1771 1641
f 1641 1771 1772
f 1641 1772 1643
f 1641 1643 1642
f 1643 1772 1773
f 1643 1773 1774
f 1643 1774 1644
f 1644 1775 1647
f 1644 1647 1646
f 1644 1646 1645
f 1644 1774 1775
f 1647 1775 1648
f 1648 1775 1776
f 1648 1776 1777
f 1648 1777 1778
f 1648 1778 1654
f 1649 1653 1779
f 1649 1779 1650
f 1650 1780 1781
f 1650 1781 1651
f 1650 1779 1782
f 1650 1782 1780
f 1651 1781 1652
f 1652 1781 1783
f 1652 1783 1655
f 1653 1654 1779
f 1654 1784 1779
f 1654 1778 1785
f 1654 1785 1786
f 1654 1786 1784
f 1655 1783 1679
f 1656 1657 1665
f 1657 1658 1787
f 1657 1787 1788
f 1657 1788 1665
f 1658 1681 1789
f 1658 1789 1787
f 1659 1661 1790
f 1659 1790 1660
f 1660 1790 1791
f 1660 1791 1670
f 1661 1662 1792
f 1661 1792 1790
f 1662 1664 1792
f 1663 1668 1793
f 1663 1793 1664
f 1664 1793 1794
f 1664 1794 1795
f 1664 1795 1792
f 1665 1788 1666
f 1666 1788 1796
f 1666 1796 1797
f 1666 1797 1667
f 1667 1797 1668
f 1668 1797 1798
f 1668 1798 1793
f 1669 1671 1799
f 1669 1799 1677
f 1670 1791 1800
f 1670 1800 1671
f 1671 1800 1801
f 1671 1801 1799
f 1672 1802 1803
f 1672 1803 1673
f 1672 1676 1802
f 1673 1803 1804
f 1673 1804 1805
f 1673 1805 1674
f 1674 1805 1678
f 1674 1678 1675
f 1676 1806 1802
f 1676 1677 1807
f 1676 1807 1806
f 1677 1799 1808
f 1677 1808 1807
f 1679 1783 1809
f 1679 1809 1680
f 1680 1809 1810
f 1680 1810 1681
f 1681 1810 1811
f 1681 1811 1789
f 1682 1812 1683
f 1683 1812 1813
f 1683 1813 1814
f 1683 1814 1684
f 1684 1815 1685
f 1684 1814 1815
f 1685 1815 1816
f 1685 1816 1817
f 1685 1817 1686
f 1686 1817 1818
f 1686 1818 1687
f 1687 1818 1819
f 1687 1819 1688
f 1688 1819 1820
f 1688 1820 1689
f 1689 1820 1821
f 1689 1821 1690
f 1690 1821 1822
f 1690 1822 1691
f 1691 1822 1823
f 1691 1823 1692
f 1692 1823 1824
f 1692 1824 1825
f 1692 1825 1693
f 1693 1825 1694
f 1694 1825 1826
f 1694 1826 1827
f 1694 1827 1695
f 1695 1827 1696
f 1696 1827 1828
f 1696 1828 1829
f 1696 1829 1830
f 1696 1830 1831
f 1696 1831 1697
f 1697 1831 1832
f 1697 1832 1698
f 1698 1832 1833
f 1698 1833 1699
f 1699 1833 1834
f 1699 1834 1700
f 1700 1834 1701
f 1701 1834 1835
f 1701 1835 1721
f 1702 1733 1703
f 1703 1733 1836
f 1703 1836 1704
f 1704 1836 1837
f 1704 1837 1838
f 1704 1838 1707
f 1705 1839 1706
f 1705 1708 1840
f 1705 1840 1839
f 1706 1839 1841
f 1706 1841 1842
f 1706 1842 1709
f 1707 1838 1843
f 1707 1843 1708
f 1708 1843 1840
f 1709 1842 1844
f 1709 1844 1845
f 1709 1845 1719
f 1710 1846 1847
f 1710 1847 1711
f 1710 1713 1846
f 1712 1848 1713
f 1712 1714 1848
f 1713 1848 1849
f 1713 1849 1850
f 1713 1850 1846
f 1714 1715 1851
f 1714 1851 1852
f 1714 1852 1848
f 1715 1716 1853
f 1715 1853 1851
f 1716 1720 1853
f 1717 1718 1720
f 1718 1719 1854
f 1718 1854 1855
f 1718 1855 1720
f 1719 1845 1856
f 1719 1856 1854
f 1720 1857 1853
f 1720 1855 1857
f 1721 1835 1858
f 1721 1858 1859
f 1721 1859 1722
f 1722 1859 1860
f 1722 1860 1723
f 1723 1860 1861
f 1723 1861 1724
f 1724 1861 1862
f 1724 1862 1863
f 1724 1863 1725
f 1725 1863 1864
f 1725 1864 1865
f 1725 1865 1726
f 1726 1865 1727
f 1727 1865 1728
f 1728 1865 1864
f 1728 1864 1866
f 1729 1866 1867
f 1729 1867 1868
f 1729 1868 1730
f 1730 1868 1869
f 1730 1869 1731
f 1731 1869 1870
f 1731 1870 1732
f 1732 1870 1733
f 1733 1870 1871
f 1733 1871 1836
f 1734 1872 1873
f 1734 1873 1874
f 1734 1735 1875
f 1734 1875 1872
f 1739 1876 1740
f 1740 1876 1741
f 1741 1877 1878
f 1741 1878 1742
f 1741 1876 1879
f 1741 1879 1877
f 1742 1878 1743
f 1743 1880 1744
f 1743 1878 1880
f 1744 1880 1881
f 1744 1881 1746
f 1745 1747 1882
f 1745 1882 1883
f 1745 1883 1748
f 1746 1881 1747
f 1747 1881 1884
f 1747 1884 1885
f 1747 1885 1882
f 1748 1883 1886
f 1748 1886 1749
f 1749 1886 1887
f 1749 1887 1754
f 1749 1754 1750
f 1751 1754 1888
f 1751 1888 1889
f 1751 1889 1890
f 1751 1890 1752
f 1752 1891 1753
f 1752 1890 1892
f 1752 1892 1891
f 1753 1893 1755
f 1753 1891 1893
f 1754 1887 1894
f 1754 1894 1888
f 1755 1893 1756
f 1756 1895 1757
f 1756 1893 1896
f 1756 1896 1895
f 1757 1897 1758
f 1757 1895 1897
f 1758 1897 1762
f 1758 1762 1759
f 1760 1898 1764
f 1760 1764 1763
f 1760 1763 1761
f 1760 1762 1898
f 1762 1897 1899
f 1762 1899 1898
f 1764 1898 1900
f 1764 1900 1901
f 1764 1901 1765
f 1765 1767 1766
f 1765 1901 1902
f 1765 1902 1767
f 1767 1902 1769
f 1768 1769 1903
f 1768 1903 1904
f 1768 1904 1770
f 1769 1902 1905
f 1769 1905 1906
f 1769 1906 1903
f 1770 1904 1907
f 1770 1907 1771
f 1771 1907 1908
f 1771 1908 1772
f 1772 1908 1773
f 1773 1909 1774
f 1773 1908 1910
f 1773 1910 1911
f 1773 1911 1912
f 1773 1912 1913
f 1773 1913 1909
f 1774 1909 1913
f 1774 1913 1914
f 1774 1914 1775
f 1775 1914 1915
f 1775 1915 1776
f 1776 1915 1913
f 1776 1913 1777
f 1777 1913 1916
f 1777 1916 1778
f 1778 1916 1917
f 1778 1917 1918
f 1778 1918 1785
f 1779 1784 1782
f 1780 1782 1919
f 1780 1919 1920
f 1780 1920 1921
f 1780 1921 1781
f 1781 1921 1783
f 1782 1784 1922
f 1782 1922 1923
f 1782 1923 1919
f 1783 1921 1809
f 1784 1786 1924
f 1784 1924 1922
f 1785 1918 1786
f 1786 1918 1925
f 1786 1925 1924
f 1787 1789 1926
f 1787 1926 1788
f 1788 1926 1927
f 1788 1927 1796
f 1789 1811 1928
f 1789 1928 1926
f 1790 1792 1929
f 1790 1929 1791
f 1791 1929 1930
f 1791 1930 1800
f 1792 1795 1929
f 1793 1798 1931
f 1793 1931 1794
f 1794 1931 1932
f 1794 1932 1795
f 1795 1933 1929
f 1795 1932 1934
f 1795 1934 1935
f 1795 1935 1933
f 1796 1927 1936
f 1796 1936 1797
f 1797 1936 1937
f 1797 1937 1798
f 1798 1937 1938
f 1798 1938 1931
f 1799 1801 1939
f 1799 1939 1808
f 1800 1930 1940
f 1800 1940 1941
f 1800 1941 1801
f 1801 1941 1942
f 1801 1942 1939
f 1802 1806 1943
f 1802 1943 1803
f 1803 1944 1945
f 1803 1945 1946
f 1803 1946 1804
f 1803 1943 1944
f 1804 1946 1947
f 1804 1947 1805
f 1806 1948 1943
f 1806 1807 1949
f 1806 1949 1950
f 1806 1950 1948
f 1807 1808 1951
f 1807 1951 1949
f 1808 1939 1952
f 1808 1952 1951
f 1809 1921 1953
f 1809 1953 1810
f 1810 1953 1954
f 1810 1954 1811
f 1811 1954 1955
f 1811 1955 1928
f 1813 1956 1957
f 1813 1957 1814
f 1814 1957 1815
f 1815 1958 1816
f 1815 1957 1958
f 1816 1958 1959
f 1816 1959 1817
f 1817 1959 1818
f 1818 1959 1960
f 1818 1960 1961
f 1818 1961 1962
f 1818 1962 1963
f 1818 1963 1819
f 1819 1963 1964
f 1819 1964 1820
f 1820 1964 1965
f 1820 1965 1821
f 1821 1965 1966
f 1821 1966 1822
f 1822 1966 1967
f 1822 1967 1823
f 1823 1967 1968
f 1823 1968 1824
f 1824 1968 1969
f 1824 1969 1970
f 1824 1970 1825
f 1825 1970 1826
f 1826 1970 1971
f 1826 1971 1828
f 1826 1828 1827
f 1828 1971 1972
f 1828 1972 1973
f 1828 1973 1974
f 1828 1974 1975
f 1828 1975 1829
f 1829 1975 1830
f 1830 1976 1831
f 1830 1975 1977
f 1830 1977 1976
f 1831 1976 1832
f 1832 1976 1978
f 1832 1978 1833
f 1833 1978 1979
f 1833 1979 1834
f 1834 1979 1835
f 1835 1979 1980
f 1835 1980 1858
f 1836 1871 1981
f 1836 1981 1982
f 1836 1982 1837
f 1837 1982 1983
f 1837 1983 1838
f 1838 1983 1843
f 1839 1840 1841
f 1840 1843 1984
f 1840 1984 1985
f 1840 1985 1841
f 1841 1986 1844
f 1841 1844 1842
f 1841 1985 1987
f 1841 1987 1986
f 1843 1983 1988
f 1843 1988 1984
f 1844 1986 1989
f 1844 1989 1845
f 1845 1989 1856
f 1846 1850 1847
f 1847 1850 1990
f 1848 1991 1992
f 1848 1992 1849
f 1848 1852 1993
f 1848 1993 1991
f 1849 1992 1850
f 1850 1994 1995
f 1850 1995 1996
f 1850 1996 1990
f 1850 1992 1994
f 1851 1997 1852
f 1851 1853 1997
f 1852 1997 1993
f 1853 1998 1997
f 1853 1857 1999
f 1853 1999 1998
f 1854 2000 2001
f 1854 2001 1855
f 1854 1856 2002
f 1854 2002 2000
f 1855 2001 1857
f 1856 1989 2002
f 1857 2001 2003
f 1857 2003 1999
f 1858 1980 2004
f 1858 2004 2005
f 1858 2005 1859
f 1859 2005 2006
f 1859 2006 1860
f 1860 2006 1861
f 1861 2006 2007
f 1861 2007 2008
f 1861 2008 1862
f 1862 2008 2009
f 1862 2009 1863
f 1863 2009 2010
f 1863 2010 1864
f 1864 2010 1866
f 1866 2010 2011
f 1866 2011 1867
f 1867 2011 2012
f 1867 2012 2013
f 1867 2013 1868
f 1868 2013 2014
f 1868 2014 2015
f 1868 2015 1869
f 1869 2015 1870
f 1870 2015 2016
f 1870 2016 2017
f 1870 2017 1871
f 1871 2017 2018
f 1871 2018 1981
f 1872 2019 2020
f 1872 2020 1873
f 1872 1875 2021
f 1872 2021 2022
f 1872 2022 2019
f 1873 2020 2023
f 1873 2023 2024
f 1873 2024 1874
f 1877 2025 1878
f 1877 1879 2025
f 1878 2025 2026
f 1878 2026 1881
f 1878 1881 1880
f 1879 2027 2025
f 1881 2026 2028
f 1881 2028 2029
f 1881 2029 1884
f 1882 1885 2030
f 1882 2030 1883
f 1883 2030 2031
f 1883 2031 2032
f 1883 2032 1886
f 1884 2033 2034
f 1884 2034 2035
f 1884 2035 2030
f 1884 2030 1885
f 1884 2029 2033
f 1886 2032 1894
f 1886 1894 1887
f 1888 1894 1889
f 1889 1894 2036
f 1889 2036 2037
f 1889 2037 2038
f 1889 2038 2039
f 1889 2039 1890
f 1890 2039 2040
f 1890 2040 1892
f 1891 1892 2041
f 1891 2041 1893
f 1892 2040 2041
f 1893 2041 2042
f 1893 2042 2043
f 1893 2043 1896
f 1894 2032 2036
f 1895 1896 2043
f 1895 2043 2044
f 1895 2044 2045
f 1895 2045 1897
f 1897 2045 2046
f 1897 2046 1899
f 1898 1899 2047
f 1898 2047 2048
f 1898 2048 1900
f 1899 2046 2047
f 1900 2048 1901
f 1901 2048 2049
f 1901 2049 1902
f 1902 2049 2050
f 1902 2050 2051
f 1902 2051 1905
f 1903 2052 2053
f 1903 2053 1907
f 1903 1907 1904
f 1903 1906 2052
f 1905 2051 1906
f 1906 2054 2052
f 1906 2051 2055
f 1906 2055 2209
f 1906 2209 2054
f 1907 2056 1908
f 1907 2053 2057
f 1907 2057 2056
f 1908 2056 1911
f 1908 1911 1910
f 1911 2058 1912
f 1911 2056 2059
f 1911 2059 2058
f 1912 2058 2060
f 1912 2060 1913
f 1913 1915 1914
f 1913 2060 1916
f 1916 2060 2058
f 1916 2058 2061
f 1916 2061 2062
f 1916 2062 1917
f 1917 2062 1918
f 1918 2062 2063
f 1918 2063 2064
f 1918 2064 1925
f 1919 2065 1920
f 1919 1923 2065
f 1920 2065 2066
f 1920 2066 2067
f 1920 2067 1953
f 1920 1953 1921
f 1922 1924 1923
f 1923 2068 2069
f 1923 2069 2065
f 1923 1924 2070
f 1923 2070 2068
f 1924 2071 2070
f 1924 1925 2072
f 1924 2072 2071
f 1925 2064 2072
f 1926 1928 2073
f 1926 2073 1927
f 1927 2074 1936
f 1927 2073 2075
f 1927 2075 2074
f 1928 1955 2076
f 1928 2076 2077
f 1928 2077 2073
f 1929 1933 1930
f 1930 1933 1940
f 1931 1938 2078
f 1931 2078 1932
f 1932 2078 2079
f 1932 2079 1934
f 1933 1935 1940
f 1934 2079 2080
f 1934 2080 1935
f 1935 2080 2081
f 1935 2081 2082
f 1935 2082 2083
f 1935 2083 1940
f 1936 2074 1937
f 1937 2084 1938
f 1937 2074 2085
f 1937 2085 2084
f 1938 2084 2078
f 1939 1942 2086
f 1939 2086 1952
f 1940 2083 1941
f 1941 2083 2087
f 1941 2087 1942
f 1942 2087 2088
f 1942 2088 2086
f 1943 1948 2089
f 1943 2089 2090
f 1943 2090 1944
f 1944 2090 1945
f 1945 2090 2091
f 1945 2091 2092
f 1945 2092 2093
f 1945 2093 1946
f 1948 2094 2089
f 1948 1950 2094
f 1949 1951 2095
f 1949 2095 1950
f 1950 2096 2094
f 1950 2095 2097
f 1950 2097 2096
f 1951 1952 2098
f 1951 2098 2099
f 1951 2099 2095
f 1952 2086 2100
f 1952 2100 2098
f 1953 2067 1954
f 1954 2067 2101
f 1954 2101 1955
f 1955 2101 2102
f 1955 2102 2076
f 1956 2103 1957
f 1957 2103 1958
f 1958 2103 2104
f 1958 2104 2105
f 1958 2105 2106
f 1958 2106 1960
f 1958 1960 1959
f 1960 2106 2107
f 1960 2107 1961
f 1961 2107 2108
f 1961 2108 1962
f 1962 2108 2109
f 1962 2109 1963
f 1963 2109 1964
f 1964 2109 2110
f 1964 2110 1965
f 1965 2110 2111
f 1965 2111 1966
f 1966 2111 2112
f 1966 2112 1967
f 1967 2112 2113
f 1967 2113 2114
f 1967 2114 1968
f 1968 2114 1969
f 1969 2114 2115
f 1969 2115 2116
f 1969 2116 1970
f 1970 2116 1971
f 1971 2116 1972
f 1972 2117 2118
f 1972 2118 2119
f 1972 2119 1973
f 1972 2116 2117
f 1973 2119 2120
f 1973 2120 1974
f 1974 2120 1975
f 1975 2120 2121
f 1975 2121 2122
f 1975 2122 1977
f 1976 1977 2123
f 1976 2123 1978
f 1977 2122 2124
f 1977 2124 2123
f 1978 2123 2125
f 1978 2125 1979
f 1979 2125 1980
f 1980 2125 2126
f 1980 2126 2004
f 1981 2018 1982
f 1982 2018 2127
f 1982 2127 2128
f 1982 2128 1983
f 1983 2128 2129
f 1983 2129 1988
f 1984 1988 2130
f 1984 2130 2131
f 1984 2131 2132
f 1984 2132 1985
f 1985 2132 1987
f 1986 2133 1989
f 1986 1987 2134
f 1986 2134 2133
f 1987 2132 2135
f 1987 2135 2136
f 1987 2136 2134
f 1988 2129 2284
f 1988 2284 2130
f 1989 2137 2002
f 1989 2133 2138
f 1989 2138 2137
f 1991 2139 1992
f 1991 1993 2139
f 1992 2139 2140
f 1992 2140 2141
f 1992 2141 1994
f 1993 1997 2142
f 1993 2142 2143
f 1993 2143 2139
f 1994 2141 1995
f 1995 2141 2144
f 1997 1998 2145
f 1997 2145 2142
f 1998 1999 2145
f 1999 2146 2145
f 1999 2003 2147
f 1999 2147 2146
f 2000 2148 2003
f 2000 2003 2001
f 2000 2002 2149
f 2000 2149 2148
f 2002 2137 2149
f 2003 2148 2150
f 2003 2150 2147
f 2004 2126 2151
f 2004 2151 2152
f 2004 2152 2005
f 2005 2152 2006
f 2006 2152 2153
f 2006 2153 2154
f 2006 2154 2007
f 2007 2154 2008
f 2008 2154 2155
f 2008 2155 2156
f 2008 2156 2157
f 2008 2157 2009
f 2009 2157 2158
f 2009 2158 2010
f 2010 2158 2011
f 2011 2158 2012
f 2012 2159 2160
f 2012 2160 2161
f 2012 2161 2162
f 2012 2162 2013
f 2012 2158 2159
f 2013 2162 2163
f 2013 2163 2014
f 2014 2163 2164
f 2014 2164 2015
f 2015 2164 2165
f 2015 2165 2016
f 2016 2165 2017
f 2017 2165 2166
f 2017 2166 2167
f 2017 2167 2018
f 2018 2167 2168
f 2018 2168 2127
f 2019 2169 2020
f 2019 2022 2169
f 2020 2169 2170
f 2020 2170 2171
f 2020 2171 2172
f 2020 2172 2023
f 2022 2173 2169
f 2023 2172 2174
f 2023 2174 2175
f 2023 2175 2176
f 2023 2176 2024
f 2025 2027 2177
f 2025 2177 2178
f 2025 2178 2026
f 2026 2178 2028
f 2027 2179 2178
f 2027 2178 2177
f 2028 2178 2180
f 2028 2180 2181
f 2028 2181 2033
f 2028 2033 2029
f 2030 2035 2182
f 2030 2182 2183
f 2030 2183 2184
f 2030 2184 2031
f 2031 2184 2032
f 2032 2184 2185
f 2032 2185 2036
f 2033 2181 2034
f 2034 2181 2180
f 2034 2180 2178
f 2034 2178 2186
f 2034 2186 2187
f 2034 2187 2188
f 2034 2188 2182
f 2034 2182 2035
f 2036 2185 2189
f 2036 2189 2037
f 2037 2190 2038
f 2037 2189 2191
f 2037 2191 2192
f 2037 2192 2190
f 2038 2190 2039
f 2039 2193 2040
f 2039 2190 2194
f 2039 2194 2193
f 2040 2193 2041
f 2041 2195 2042
f 2041 2193 2196
f 2041 2196 2195
f 2042 2195 2043
f 2043 2197 2044
f 2043 2195 2198
f 2043 2198 2197
f 2044 2197 2045
f 2045 2197 2199
f 2045 2199 2046
f 2046 2199 2200
f 2046 2200 2047
f 2047 2200 2201
f 2047 2201 2202
f 2047 2202 2048
f 2048 2202 2203
f 2048 2203 2049
f 2049 2204 2050
f 2049 2203 2204
f 2050 2204 2205
f 2050 2205 2051
f 2051 2205 2206
f 2051 2206 2055
f 2052 2207 2208
f 2052 2208 2057
f 2052 2057 2053
f 2052 2054 2207
f 2054 2209 2358
f 2054 2358 2207
f 2055 2210 2209
f 2055 2206 2210
f 2056 2057 2059
f 2057 2211 2059
f 2057 2208 2211
f 2058 2059 2212
f 2058 2212 2213
f 2058 2213 2061
f 2059 2211 2212
f 2061 2213 2214
f 2061 2214 2062
f 2062 2214 2215
f 2062 2215 2216
f 2062 2216 2063
f 2063 2216 2064
f 2064 2217 2218
f 2064 2218 2219
f 2064 2219 2072
f 2064 2216 2217
f 2065 2069 2066
f 2066 2101 2067
f 2066 2069 2220
f 2066 2220 2101
f 2068 2221 2220
f 2068 2220 2069
f 2068 2070 2071
f 2068 2071 2222
f 2068 2222 2221
f 2071 2223 2222
f 2071 2072 2219
f 2071 2219 2223
f 2073 2077 2075
f 2074 2075 2224
f 2074 2224 2225
f 2074 2225 2085
f 2075 2077 2224
f 2076 2102 2226
f 2076 2226 2077
f 2077 2226 2227
f 2077 2227 2228
f 2077 2228 2224
f 2078 2084 2229
f 2078 2229 2079
f 2079 2229 2230
f 2079 2230 2231
f 2079 2231 2232
f 2079 2232 2080
f 2080 2232 2081
f 2081 2232 2233
f 2081 2233 2082
f 2082 2233 2234
f 2082 2234 2235
f 2082 2235 2087
f 2082 2087 2083
f 2084 2085 2236
f 2084 2236 2237
f 2084 2237 2229
f 2085 2225 2236
f 2086 2088 2238
f 2086 2238 2239
f 2086 2239 2100
f 2087 2235 2088
f 2088 2235 2238
f 2089 2094 2240
f 2089 2240 2241
f 2089 2241 2242
f 2089 2242 2090
f 2090 2242 2091
f 2091 2242 2243
f 2091 2243 2092
f 2094 2096 2244
f 2094 2244 2240
f 2095 2099 2245
f 2095 2245 2097
f 2096 2097 2246
f 2096 2246 2247
f 2096 2247 2244
f 2097 2245 2248
f 2097 2248 2246
f 2098 2100 2249
f 2098 2249 2099
f 2099 2249 2250
f 2099 2250 2245
f 2100 2239 2251
f 2100 2251 2249
f 2101 2220 2252
f 2101 2252 2102
f 2102 2252 2253
f 2102 2253 2226
f 2103 2254 2104
f 2104 2255 2256
f 2104 2256 2105
f 2104 2254 2255
f 2105 2256 2106
f 2106 2257 2258
f 2106 2258 2107
f 2106 2256 2257
f 2107 2259 2108
f 2107 2258 2259
f 2108 2259 2260
f 2108 2260 2261
f 2108 2261 2262
f 2108 2262 2109
f 2109 2262 2110
f 2110 2262 2263
f 2110 2263 2111
f 2111 2263 2264
f 2111 2264 2112
f 2112 2264 2265
f 2112 2265 2113
f 2113 2265 2266
f 2113 2266 2114
f 2114 2266 2267
f 2114 2267 2115
f 2115 2267 2268
f 2115 2268 2117
f 2115 2117 2116
f 2117 2269 2118
f 2117 2268 2269
f 2118 2269 2270
f 2118 2270 2271
f 2118 2271 2272
f 2118 2272 2119
f 2119 2272 2273
f 2119 2273 2120
f 2120 2273 2274
f 2120 2274 2121
f 2121 2274 2275
f 2121 2275 2122
f 2122 2275 2276
f 2122 2276 2124
f 2123 2277 2125
f 2123 2124 2278
f 2123 2278 2277
f 2124 2276 2279
f 2124 2279 2278
f 2125 2277 2126
f 2126 2277 2280
f 2126 2280 2151
f 2127 2168 2128
f 2128 2168 2281
f 2128 2281 2129
f 2129 2281 2282
f 2129 2282 2283
f 2129 2283 2284
f 2130 2284 2285
f 2130 2285 2131
f 2131 2286 2132
f 2131 2285 2286
f 2132 2286 2135
f 2133 2134 2138
f 2134 2136 2287
f 2134 2287 2138
f 2135 2286 2289
f 2135 2289 2136
f 2136 2288 2287
f 2136 2289 2290
f 2136 2290 2288
f 2137 2291 2149
f 2137 2138 2291
f 2138 2287 2292
f 2138 2292 2291
f 2139 2293 2294
f 2139 2294 2140
f 2139 2143 2293
f 2140 2294 2295
f 2140 2295 2141
f 2141 2295 2296
f 2141 2296 2144
f 2142 2297 2143
f 2142 2145 2297
f 2143 2297 2298
f 2143 2298 2293
f 2145 2299 2297
f 2145 2146 2300
f 2145 2300 2299
f 2146 2147 2300
f 2147 2150 2301
f 2147 2301 2302
f 2147 2302 2300
f 2148 2149 2303
f 2148 2303 2150
f 2149 2291 2303
f 2150 2303 2301
f 2151 2280 2304
f 2151 2304 2305
f 2151 2305 2152
f 2152 2305 2306
f 2152 2306 2153
f 2153 2306 2154
f 2154 2306 2307
f 2154 2307 2308
f 2154 2308 2155
f 2155 2308 2309
f 2155 2309 2156
f 2156 2309 2159
f 2156 2159 2158
f 2156 2158 2157
f 2159 2309 2160
f 2160 2309 2310
f 2160 2310 2161
f 2161 2310 2311
f 2161 2311 2312
f 2161 2312 2313
f 2161 2313 2162
f 2162 2313 2314
f 2162 2314 2163
f 2163 2314 2164
f 2164 2314 2315
f 2164 2315 2316
f 2164 2316 2165
f 2165 2316 2317
f 2165 2317 2166
f 2166 2317 2167
f 2167 2317 2318
f 2167 2318 2319
f 2167 2319 2168
f 2168 2319 2281
f 2169 2320 2170
f 2169 2173 2321
f 2169 2321 2322
f 2169 2322 2320
f 2170 2323 2171
f 2170 2320 2323
f 2171 2323 2324
f 2171 2324 2325
f 2171 2325 2326
f 2171 2326 2174
f 2171 2174 2172
f 2174 2326 2327
f 2174 2327 2328
f 2174 2328 2329
f 2174 2329 2175
f 2175 2329 2176
f 2176 2329 2330
f 2178 2179 2186
f 2179 2331 2186
f 2182 2332 2183
f 2182 2188 2333
f 2182 2333 2334
f 2182 2334 2332
f 2183 2335 2184
f 2183 2332 2335
f 2184 2335 2185
f 2185 2335 2189
f 2186 2331 2187
f 2187 2331 2336
f 2187 2336 2188
f 2188 2336 2333
f 2189 2335 2191
f 2190 2192 2337
f 2190 2337 2338
f 2190 2338 2339
f 2190 2339 2194
f 2191 2337 2192
f 2191 2335 2340
f 2191 2340 2341
f 2191 2341 2342
f 2191 2342 2337
f 2193 2194 2339
f 2193 2339 2343
f 2193 2343 2344
f 2193 2344 2196
f 2195 2196 2344
f 2195 2344 2345
f 2195 2345 2198
f 2197 2198 2346
f 2197 2346 2199
f 2198 2345 2347
f 2198 2347 2346
f 2199 2346 2348
f 2199 2348 2349
f 2199 2349 2200
f 2200 2349 2350
f 2200 2350 2201
f 2201 2350 2202
f 2202 2350 2351
f 2202 2351 2203
f 2203 2352 2204
f 2203 2351 2353
f 2203 2353 2354
f 2203 2354 2352
f 2204 2355 2205
f 2204 2352 2501
f 2204 2501 2355
f 2205 2356 2206
f 2205 2355 2356
f 2206 2356 2361
f 2206 2361 2210
f 2207 2357 2208
f 2207 2358 2357
f 2208 2357 2359
f 2208 2359 2211
f 2209 2210 2360
f 2209 2360 2358
f 2210 2361 2360
f 2211 2359 2212
f 2212 2359 2213
f 2213 2359 2362
f 2213 2362 2214
f 2214 2362 2363
f 2214 2363 2215
f 2215 2363 2364
f 2215 2364 2216
f 2216 2364 2365
f 2216 2365 2366
f 2216 2366 2217
f 2217 2366 2367
f 2217 2367 2218
f 2218 2367 2368
f 2218 2368 2219
f 2219 2368 2223
f 2220 2221 2252
f 2221 2222 2369
f 2221 2369 2370
f 2221 2370 2371
f 2221 2371 2252
f 2222 2223 2369
f 2223 2368 2372
f 2223 2372 2369
f 2224 2228 2225
f 2225 2228 2373
f 2225 2373 2374
f 2225 2374 2236
f 2226 2253 2375
f 2226 2375 2376
f 2226 2376 2227
f 2227 2376 2228
f 2228 2377 2373
f 2228 2376 2378
f 2228 2378 2377
f 2229 2237 2230
f 2230 2237 2379
f 2230 2379 2380
f 2230 2380 2381
f 2230 2381 2231
f 2231 2382 2383
f 2231 2383 2232
f 2231 2381 2382
f 2232 2383 2233
f 2233 2383 2384
f 2233 2384 2234
f 2234 2385 2386
f 2234 2386 2235
f 2234 2384 2387
f 2234 2387 2385
f 2235 2386 2388
f 2235 2388 2238
f 2236 2374 2237
f 2237 2374 2379
f 2238 2388 2239
f 2239 2388 2389
f 2239 2389 2251
f 2240 2244 2241
f 2241 2244 2247
f 2241 2247 2246
f 2241 2246 2242
f 2242 2390 2243
f 2242 2246 2390
f 2245 2391 2248
f 2245 2250 2392
f 2245 2392 2391
f 2246 2248 2393
f 2246 2393 2394
f 2246 2394 2390
f 2248 2391 2394
f 2248 2394 2393
f 2249 2395 2250
f 2249 2251 2396
f 2249 2396 2395
f 2250 2395 2392
f 2251 2397 2396
f 2251 2389 2397
f 2252 2398 2253
f 2252 2371 2398
f 2253 2398 2399
f 2253 2399 2375
f 2254 2400 2255
f 2255 2400 2256
f 2256 2400 2401
f 2256 2401 2257
f 2257 2401 2402
f 2257 2402 2403
f 2257 2403 2258
f 2258 2403 2404
f 2258 2404 2259
f 2259 2404 2405
f 2259 2405 2406
f 2259 2406 2407
f 2259 2407 2260
f 2260 2407 2261
f 2261 2407 2408
f 2261 2408 2262
f 2262 2408 2263
f 2263 2408 2409
f 2263 2409 2264
f 2264 2409 2410
f 2264 2410 2411
f 2264 2411 2265
f 2265 2411 2412
f 2265 2412 2413
f 2265 2413 2266
f 2266 2413 2414
f 2266 2414 2415
f 2266 2415 2416
f 2266 2416 2267
f 2267 2416 2268
f 2268 2416 2417
f 2268 2417 2269
f 2269 2417 2270
f 2270 2417 2418
f 2270 2418 2419
f 2270 2419 2420
f 2270 2420 2271
f 2271 2420 2421
f 2271 2421 2272
f 2272 2421 2422
f 2272 2422 2273
f 2273 2422 2274
f 2274 2422 2423
f 2274 2423 2424
f 2274 2424 2275
f 2275 2424 2425
f 2275 2425 2276
f 2276 2425 2279
f 2277 2278 2280
f 2278 2279 2426
f 2278 2426 2280
f 2279 2427 2426
f 2279 2425 2428
f 2279 2428 2429
f 2279 2429 2427
f 2280 2426 2304
f 2281 2319 2430
f 2281 2430 2431
f 2281 2431 2282
f 2282 2431 2283
f 2283 2432 2285
f 2283 2285 2284
f 2283 2431 2433
f 2283 2433 2434
f 2283 2434 2432
f 2285 2432 2435
f 2285 2435 2286
f 2286 2435 2289
f 2287 2436 2292
f 2287 2288 2437
f 2287 2437 2436
f 2288 2290 2438
f 2288 2438 2437
f 2289 2435 2439
f 2289 2439 2440
f 2289 2440 2290
f 2290 2440 2441
f 2290 2441 2438
f 2291 2442 2303
f 2291 2292 2442
f 2292 2436 2443
f 2292 2443 2444
f 2292 2444 2442
f 2293 2445 2294
f 2293 2298 2446
f 2293 2446 2445
f 2294 2445 2447
f 2294 2447 2295
f 2295 2448 2449
f 2295 2449 2450
f 2295 2450 2296
f 2295 2447 2448
f 2297 2451 2298
f 2297 2299 2452
f 2297 2452 2451
f 2298 2451 2446
f 2299 2300 2452
f 2300 2453 2452
f 2300 2302 2453
f 2301 2454 2302
f 2301 2303 2455
f 2301 2455 2456
f 2301 2456 2454
f 2302 2454 2457
f 2302 2457 2453
f 2303 2442 2458
f 2303 2458 2455
f 2304 2426 2459
f 2304 2459 2460
f 2304 2460 2305
f 2305 2460 2306
f 2306 2460 2461
f 2306 2461 2462
f 2306 2462 2307
f 2307 2462 2463
f 2307 2463 2308
f 2308 2463 2309
f 2309 2464 2310
f 2309 2463 2464
f 2310 2464 2465
f 2310 2465 2466
f 2310 2466 2311
f 2311 2466 2467
f 2311 2467 2468
f 2311 2468 2469
f 2311 2469 2312
f 2312 2469 2313
f 2313 2469 2470
f 2313 2470 2471
f 2313 2471 2314
f 2314 2471 2472
f 2314 2472 2315
f 2315 2472 2473
f 2315 2473 2316
f 2316 2473 2317
f 2317 2473 2353
f 2317 2353 2351
f 2317 2351 2318
f 2318 2351 2319
f 2319 2351 2350
f 2319 2350 2349
f 2319 2349 2430
f 2320 2322 2476
f 2320 2476 2474
f 2320 2474 2475
f 2320 2475 2323
f 2323 2475 2477
f 2323 2477 2324
f 2324 2477 2325
f 2325 2477 2478
f 2325 2478 2479
f 2325 2479 2480
f 2325 2480 2327
f 2325 2327 2326
f 2327 2480 2481
f 2327 2481 2482
f 2327 2482 2483
f 2327 2483 2328
f 2328 2483 2329
f 2329 2483 2484
f 2329 2484 2330
f 2330 2484 2485
f 2331 2486 2336
f 2332 2334 2487
f 2332 2487 2488
f 2332 2488 2335
f 2333 2336 2489
f 2333 2489 2334
f 2334 2489 2487
f 2335 2488 2340
f 2336 2486 2490
f 2336 2490 2489
f 2337 2342 2491
f 2337 2491 2492
f 2337 2492 2493
f 2337 2493 2338
f 2338 2493 2339
f 2339 2493 2494
f 2339 2494 2497
f 2339 2497 2343
f 2340 2488 2495
f 2340 2495 2341
f 2341 2495 2496
f 2341 2496 2491
f 2341 2491 2342
f 2343 2497 2344
f 2344 2497 2498
f 2344 2498 2499
f 2344 2499 2345
f 2345 2499 2434
f 2345 2434 2347
f 2346 2347 2434
f 2346 2434 2433
f 2346 2433 2431
f 2346 2431 2348
f 2348 2431 2349
f 2349 2431 2430
f 2352 2354 2500
f 2352 2500 2501
f 2353 2473 2502
f 2353 2502 2354
f 2354 2502 2503
f 2354 2503 2500
f 2355 2501 2356
f 2356 2501 2504
f 2356 2504 2505
f 2356 2505 2361
f 2357 2358 2506
f 2357 2506 2507
f 2357 2507 2359
f 2358 2360 2508
f 2358 2508 2506
f 2359 2507 2362
f 2360 2361 2509
f 2360 2509 2510
f 2360 2510 2629
f 2360 2629 2511
f 2360 2511 2508
f 2361 2505 2512
f 2361 2512 2509
f 2362 2507 2506
f 2362 2506 2513
f 2362 2513 2363
f 2363 2513 2514
f 2363 2514 2364
f 2364 2514 2515
f 2364 2515 2365
f 2365 2515 2366
f 2366 2515 2516
f 2366 2516 2367
f 2367 2516 2517
f 2367 2517 2518
f 2367 2518 2368
f 2368 2518 2519
f 2368 2519 2372
f 2369 2372 2520
f 2369 2520 2370
f 2370 2521 2522
f 2370 2522 2523
f 2370 2523 2398
f 2370 2398 2371
f 2370 2520 2521
f 2372 2519 2520
f 2373 2377 2374
f 2374 2380 2379
f 2374 2377 2524
f 2374 2524 2380
f 2375 2399 2376
f 2376 2399 2525
f 2376 2525 2378
f 2377 2378 2526
f 2377 2526 2527
f 2377 2527 2524
f 2378 2525 2526
f 2380 2524 2528
f 2380 2528 2529
f 2380 2529 2381
f 2381 2529 2530
f 2381 2530 2382
f 2382 2530 2383
f 2383 2530 2531
f 2383 2531 2387
f 2383 2387 2384
f 2385 2387 2532
f 2385 2532 2533
f 2385 2533 2534
f 2385 2534 2535
f 2385 2535 2388
f 2385 2388 2386
f 2387 2536 2532
f 2387 2531 2537
f 2387 2537 2536
f 2388 2535 2538
f 2388 2538 2389
f 2389 2538 2539
f 2389 2539 2397
f 2390 2394 2541
f 2390 2541 2542
f 2390 2542 2540
f 2391 2543 2544
f 2391 2544 2545
f 2391 2545 2546
f 2391 2546 2394
f 2391 2392 2543
f 2392 2395 2543
f 2394 2546 2545
f 2394 2545 2541
f 2395 2396 2547
f 2395 2547 2548
f 2395 2548 2549
f 2395 2549 2543
f 2396 2397 2539
f 2396 2539 2547
f 2398 2523 2399
f 2399 2523 2525
f 2400 2550 2551
f 2400 2551 2401
f 2401 2551 2552
f 2401 2552 2402
f 2402 2553 2554
f 2402 2554 2403
f 2402 2552 2553
f 2403 2554 2555
f 2403 2555 2404
f 2404 2555 2556
f 2404 2556 2405
f 2405 2556 2557
f 2405 2557 2558
f 2405 2558 2406
f 2406 2558 2559
f 2406 2559 2407
f 2407 2559 2560
f 2407 2560 2408
f 2408 2560 2409
f 2409 2560 2410
f 2410 2560 2561
f 2410 2561 2562
f 2410 2562 2412
f 2410 2412 2411
f 2412 2562 2563
f 2412 2563 2414
f 2412 2414 2413
f 2414 2563 2564
f 2414 2564 2565
f 2414 2565 2415
f 2415 2565 2416
f 2416 2565 2566
f 2416 2566 2417
f 2417 2566 2418
f 2418 2567 2419
f 2418 2566 2568
f 2418 2568 2567
f 2419 2569 2570
f 2419 2570 2420
f 2419 2567 2569
f 2420 2570 2571
f 2420 2571 2421
f 2421 2571 2572
f 2421 2572 2422
f 2422 2572 2573
f 2422 2573 2423
f 2423 2573 2574
f 2423 2574 2424
f 2424 2574 2575
f 2424 2575 2425
f 2425 2575 2576
f 2425 2576 2428
f 2426 2427 2459
f 2427 2429 2577
f 2427 2577 2459
f 2428 2576 2578
f 2428 2578 2429
f 2429 2578 2579
f 2429 2579 2577
f 2432 2434 2499
f 2432 2499 2580
f 2432 2580 2435
f 2435 2580 2581
f 2435 2581 2439
f 2436 2437 2443
f 2437 2438 2582
f 2437 2582 2583
f 2437 2583 2443
f 2438 2441 2582
f 2439 2581 2440
f 2440 2581 2584
f 2440 2584 2585
f 2440 2585 2441
f 2441 2586 2582
f 2441 2585 2587
f 2441 2587 2586
f 2442 2444 2588
f 2442 2588 2458
f 2443 2589 2588
f 2443 2588 2444
f 2443 2583 2589
f 2445 2446 2478
f 2445 2478 2477
f 2445 2477 2447
f 2446 2451 2478
f 2447 2475 2474
f 2447 2474 2448
f 2447 2477 2475
f 2448 2474 2476
f 2448 2476 2590
f 2448 2590 2449
f 2451 2479 2478
f 2451 2452 2479
f 2452 2591 2479
f 2452 2453 2592
f 2452 2592 2591
f 2453 2457 2593
f 2453 2593 2592
f 2454 2594 2593
f 2454 2593 2457
f 2454 2456 2595
f 2454 2595 2594
f 2455 2458 2456
f 2456 2458 2596
f 2456 2596 2597
f 2456 2597 2595
f 2458 2588 2598
f 2458 2598 2596
f 2459 2577 2599
f 2459 2599 2460
f 2460 2599 2600
f 2460 2600 2461
f 2461 2600 2601
f 2461 2601 2462
f 2462 2601 2602
f 2462 2602 2463
f 2463 2602 2466
f 2463 2466 2465
f 2463 2465 2464
f 2466 2602 2467
f 2467 2602 2601
f 2467 2601 2603
f 2467 2603 2604
f 2467 2604 2605
f 2467 2605 2468
f 2468 2606 2469
f 2468 2605 2607
f 2468 2607 2608
f 2468 2608 2609
f 2468 2609 2606
f 2469 2606 2610
f 2469 2610 2470
f 2470 2610 2471
f 2471 2610 2611
f 2471 2611 2503
f 2471 2503 2472
f 2472 2503 2473
f 2473 2503 2502
f 2479 2591 2481
f 2479 2481 2480
f 2481 2591 2592
f 2481 2592 2612
f 2481 2612 2482
f 2482 2612 2613
f 2482 2613 2614
f 2482 2614 2483
f 2483 2614 2484
f 2484 2614 2615
f 2484 2615 2616
f 2484 2616 2485
f 2486 2617 2490
f 2487 2495 2488
f 2487 2489 2618
f 2487 2618 2495
f 2489 2490 2619
f 2489 2619 2620
f 2489 2620 2618
f 2490 2617 2621
f 2490 2621 2619
f 2491 2496 2622
f 2491 2622 2623
f 2491 2623 2624
f 2491 2624 2492
f 2492 2624 2493
f 2493 2624 2587
f 2493 2587 2494
f 2494 2587 2585
f 2494 2585 2497
f 2495 2618 2625
f 2495 2625 2626
f 2495 2626 2496
f 2496 2626 2622
f 2497 2585 2584
f 2497 2584 2498
f 2498 2584 2581
f 2498 2581 2580
f 2498 2580 2499
f 2500 2627 2504
f 2500 2504 2501
f 2500 2503 2611
f 2500 2611 2627
f 2504 2627 2505
f 2505 2627 2628
f 2505 2628 2512
f 2506 2508 2513
f 2508 2511 2629
f 2508 2629 2630
f 2508 2630 2513
f 2509 2512 2510
f 2510 2512 2631
f 2510 2631 2632
f 2510 2632 2629
f 2512 2628 2609
f 2512 2609 2631
f 2513 2630 2633
f 2513 2633 2514
f 2514 2633 2515
f 2515 2633 2634
f 2515 2634 2635
f 2515 2635 2516
f 2516 2635 2636
f 2516 2636 2517
f 2517 2636 2637
f 2517 2637 2638
f 2517 2638 2518
f 2518 2638 2519
f 2519 2638 2639
f 2519 2639 2640
f 2519 2640 2641
f 2519 2641 2520
f 2520 2641 2521
f 2521 2641 2642
f 2521 2642 2643
f 2521 2643 2522
f 2522 2643 2644
f 2522 2644 2523
f 2523 2644 2645
f 2523 2645 2646
f 2523 2646 2525
f 2524 2527 2528
f 2525 2646 2647
f 2525 2647 2526
f 2526 2647 2527
f 2527 2648 2528
f 2527 2647 2648
f 2528 2649 2650
f 2528 2650 2651
f 2528 2651 2529
f 2528 2648 2649
f 2529 2651 2530
f 2530 2651 2652
f 2530 2652 2537
f 2530 2537 2531
f 2532 2653 2654
f 2532 2654 2533
f 2532 2536 2655
f 2532 2655 2653
f 2533 2654 2534
f 2534 2654 2656
f 2534 2656 2657
f 2534 2657 2658
f 2534 2658 2538
f 2534 2538 2535
f 2536 2537 2655
f 2537 2652 2659
f 2537 2659 2660
f 2537 2660 2655
f 2538 2658 2539
f 2539 2661 2547
f 2539 2658 2661
f 2540 2542 2663
f 2540 2663 2664
f 2540 2664 2662
f 2541 2665 2666
f 2541 2666 2667
f 2541 2667 2668
f 2541 2668 2542
f 2541 2545 2665
f 2542 2668 2669
f 2542 2669 2670
f 2542 2670 2663
f 2543 2671 2672
f 2543 2672 2544
f 2543 2549 2673
f 2543 2673 2671
f 2544 2672 2674
f 2544 2674 2545
f 2545 2674 2665
f 2547 2661 2675
f 2547 2675 2548
f 2548 2676 2673
f 2548 2673 2549
f 2548 2675 2677
f 2548 2677 2676
f 2550 2678 2679
f 2550 2679 2680
f 2550 2680 2551
f 2551 2680 2552
f 2552 2680 2679
f 2552 2679 2681
f 2552 2681 2682
f 2552 2682 2553
f 2553 2682 2683
f 2553 2683 2554
f 2554 2683 2684
f 2554 2684 2555
f 2555 2684 2685
f 2555 2685 2556
f 2556 2685 2557
f 2557 2686 2687
f 2557 2687 2688
f 2557 2688 2558
f 2557 2685 2686
f 2558 2689 2559
f 2558 2688 2690
f 2558 2690 2689
f 2559 2689 2561
f 2559 2561 2560
f 2561 2689 2691
f 2561 2691 2562
f 2562 2691 2692
f 2562 2692 2693
f 2562 2693 2694
f 2562 2694 2563
f 2563 2694 2564
f 2564 2694 2695
f 2564 2695 2565
f 2565 2695 2696
f 2565 2696 2568
f 2565 2568 2566
f 2567 2568 2697
f 2567 2697 2698
f 2567 2698 2569
f 2568 2696 2699
f 2568 2699 2697
f 2569 2698 2700
f 2569 2700 2701
f 2569 2701 2570
f 2570 2701 2702
f 2570 2702 2571
f 2571 2702 2703
f 2571 2703 2572
f 2572 2703 2704
f 2572 2704 2573
f 2573 2704 2574
f 2574 2704 2640
f 2574 2640 2705
f 2574 2705 2575
f 2575 2705 2706
f 2575 2706 2576
f 2576 2706 2578
f 2577 2579 2707
f 2577 2707 2599
f 2578 2706 2708
f 2578 2708 2709
f 2578 2709 2579
f 2579 2709 2710
f 2579 2710 2707
f 2582 2586 2711
f 2582 2711 2712
f 2582 2712 2713
f 2582 2713 2583
f 2583 2713 2589
f 2586 2587 2711
f 2587 2624 2711
f 2588 2589 2598
f 2589 2713 2714
f 2589 2714 2715
f 2589 2715 2598
f 2592 2593 2612
f 2593 2594 2716
f 2593 2716 2717
f 2593 2717 2612
f 2594 2595 2718
f 2594 2718 2716
f 2595 2597 2718
f 2596 2598 2597
f 2597 2719 2718
f 2597 2598 2720
f 2597 2720 2721
f 2597 2721 2719
f 2598 2715 2722
f 2598 2722 2720
f 2599 2707 2723
f 2599 2723 2600
f 2600 2723 2603
f 2600 2603 2601
f 2603 2723 2724
f 2603 2724 2604
f 2604 2607 2605
f 2604 2724 2725
f 2604 2725 2607
f 2606 2628 2610
f 2606 2609 2628
f 2607 2725 2608
f 2608 2725 2631
f 2608 2631 2609
f 2610 2628 2611
f 2611 2628 2627
f 2612 2717 2726
f 2612 2726 2613
f 2613 2726 2614
f 2614 2726 2727
f 2614 2727 2728
f 2614 2728 2615
f 2615 2728 2616
f 2616 2728 2729
f 2618 2620 2730
f 2618 2730 2625
f 2619 2621 2731
f 2619 2731 2732
f 2619 2732 2730
f 2619 2730 2620
f 2622 2626 2733
f 2622 2733 2734
f 2622 2734 2735
f 2622 2735 2623
f 2623 2735 2736
f 2623 2736 2624
f 2624 2736 2711
f 2625 2730 2737
f 2625 2737 2626
f 2626 2737 2733
f 2629 2632 2630
f 2630 2632 2724
f 2630 2724 2633
f 2631 2725 2632
f 2632 2725 2724
f 2633 2724 2738
f 2633 2738 2710
f 2633 2710 2634
f 2634 2710 2709
f 2634 2709 2635
f 2635 2709 2636
f 2636 2709 2708
f 2636 2708 2706
f 2636 2706 2637
f 2637 2706 2639
f 2637 2639 2638
f 2639 2706 2705
f 2639 2705 2640
f 2640 2704 2641
f 2641 2704 2642
f 2642 2704 2703
f 2642 2703 2643
f 2643 2703 2702
f 2643 2702 2739
f 2643 2739 2644
f 2644 2739 2740
f 2644 2740 2645
f 2645 2740 2741
f 2645 2741 2646
f 2646 2741 2647
f 2647 2741 2648
f 2648 2741 2742
f 2648 2742 2649
f 2649 2743 2744
f 2649 2744 2650
f 2649 2742 2743
f 2650 2744 2651
f 2651 2745 2659
f 2651 2659 2652
f 2651 2744 2745
f 2653 2655 2746
f 2653 2746 2747
f 2653 2747 2654
f 2654 2747 2748
f 2654 2748 2749
f 2654 2749 2656
f 2655 2660 2750
f 2655 2750 2746
f 2656 2749 2657
f 2657 2749 2751
f 2657 2751 2677
f 2657 2677 2675
f 2657 2675 2658
f 2658 2675 2661
f 2659 2752 2750
f 2659 2750 2660
f 2659 2745 2753
f 2659 2753 2752
f 2662 2664 2679
f 2662 2679 2678
f 2663 2670 2682
f 2663 2682 2681
f 2663 2681 2679
f 2663 2679 2664
f 2665 2754 2672
f 2665 2672 2666
f 2665 2674 2754
f 2666 2755 2667
f 2666 2672 2755
f 2667 2756 2682
f 2667 2682 2670
f 2667 2670 2669
f 2667 2669 2668
f 2667 2755 2756
f 2671 2673 2676
f 2671 2676 2757
f 2671 2757 2758
f 2671 2758 2755
f 2671 2755 2672
f 2672 2754 2674
f 2676 2677 2759
f 2676 2759 2757
f 2677 2751 2686
f 2677 2686 2759
f 2682 2756 2683
f 2683 2756 2758
f 2683 2758 2684
f 2684 2758 2757
f 2684 2757 2685
f 2685 2757 2759
f 2685 2759 2686
f 2686 2751 2749
f 2686 2749 2687
f 2687 2749 2748
f 2687 2748 2688
f 2688 2748 2747
f 2688 2747 2690
f 2689 2690 2691
f 2690 2747 2692
f 2690 2692 2691
f 2692 2746 2750
f 2692 2750 2693
f 2692 2747 2746
f 2693 2750 2694
f 2694 2750 2752
f 2694 2752 2753
f 2694 2753 2695
f 2695 2753 2699
f 2695 2699 2696
f 2697 2760 2698
f 2697 2699 2760
f 2698 2761 2700
f 2698 2760 2761
f 2699 2753 2762
f 2699 2762 2760
f 2700 2742 2763
f 2700 2763 2740
f 2700 2740 2701
f 2700 2761 2742
f 2701 2740 2702
f 2702 2740 2739
f 2707 2710 2738
f 2707 2738 2723
f 2711 2736 2712
f 2712 2736 2764
f 2712 2764 2714
f 2712 2714 2713
f 2714 2765 2722
f 2714 2722 2715
f 2714 2764 2766
f 2714 2766 2765
f 2716 2767 2726
f 2716 2726 2717
f 2716 2718 2768
f 2716 2768 2767
f 2718 2719 2768
f 2719 2721 2769
f 2719 2769 2770
f 2719 2770 2768
f 2720 2722 2721
f 2721 2722 2771
f 2721 2771 2772
f 2721 2772 2769
f 2722 2765 2773
f 2722 2773 2771
f 2723 2738 2724
f 2726 2767 2774
f 2726 2774 2727
f 2727 2774 2728
f 2728 2774 2775
f 2728 2775 2776
f 2728 2776 2729
f 2730 2732 2777
f 2730 2777 2778
f 2730 2778 2737
f 2731 2779 2777
f 2731 2777 2732
f 2733 2737 2780
f 2733 2780 2734
f 2734 2780 2781
f 2734 2781 2735
f 2735 2781 2766
f 2735 2766 2764
f 2735 2764 2736
f 2737 2778 2780
f 2740 2763 2741
f 2741 2763 2742
f 2742 2761 2743
f 2743 2761 2760
f 2743 2760 2744
f 2744 2760 2762
f 2744 2762 2753
f 2744 2753 2745
f 2755 2758 2756
f 2765 2766 2773
f 2766 2781 2773
f 2767 2768 2774
f 2768 2782 2774
f 2768 2770 2783
f 2768 2783 2782
f 2769 2772 2784
f 2769 2784 2785
f 2769 2785 2783
f 2769 2783 2770
f 2771 2773 2772
f 2772 2773 2786
f 2772 2786 2797
f 2772 2797 2784
f 2773 2781 2787
f 2773 2787 2786
f 2774 2782 2788
f 2774 2788 2775
f 2775 2788 2776
f 2776 2788 2789
f 2777 2779 2790
f 2777 2790 2778
f 2778 2790 2791
f 2778 2791 2780
f 2779 2792 2790
f 2780 2791 2793
f 2780 2793 2787
f 2780 2787 2781
f 2782 2783 2788
f 2783 2785 2794
f 2783 2794 2788
f 2784 2795 2796
f 2784 2796 2785
f 2784 2797 2798
f 2784 2798 2795
f 2785 2796 2794
f 2786 2787 2793
f 2786 2793 2797
f 2788 2794 2789
f 2789 2794 2799
f 2790 2792 2800
f 2790 2800 2801
f 2790 2801 2793
f 2790 2793 2791
f 2793 2801 2798
f 2793 2798 2797
f 2794 2796 2799
f 2795 2802 2796
f 2795 2798 2802
f 2796 2803 2799
f 2796 2802 2803
f 2798 2801 2800
f 2798 2800 2804
f 2798 2804 2802
