# Derived from Apache-2.0 SO-ARM100 STL; see THIRD_PARTY.md
v 0.0114662482 0.0277817872 0.00595286029
v 0.0115109232 0.0277716059 0.0119480305
v 0.011644948 0.0277512462 0.0119480305
v 0.0116640948 0.0277512462 0.00595286029
v 0.0114662482 0.0277817872 0.00595101284
v 0.0114343373 0.0277817872 0.0119480305
v 0.00139522296 0.0237301026 0.0120865734
v 0.0117151526 0.0277257967 0.0119480305
v 0.0117406807 0.0277257967 0.00595286029
v 0.00165689097 0.0236690221 0.0120865734
v 0.001924941 0.0235977618 0.0120865734
v 0.0116640948 0.0277512462 0.00595101284
v 0.00716468286 0.0277817872 0.00595008912
v -0.0107117074 0.0210781835 0.00265094581
v 0.00283120581 0.0277817872 0.0119480305
v 0.000833594017 0.0237810032 0.0120865734
v 0.00111440849 0.0237606436 0.0120865734
v 0.0234072433 0.0231600172 0.00920951858
v 0.0234072433 0.023170197 0.00894998354
v 0.00218022699 0.0234908706 0.0120865734
v 0.0118364134 0.0276698061 0.0119480305
v 0.0241411892 0.0226764618 0.00997427099
v 0.0241731016 0.0227426321 0.00972397319
v 0.0241986297 0.0227986227 0.0094681299
v 0.0242113922 0.0228240738 0.00920951858
v 0.0117406807 0.0277257967 0.00595101284
v 0.00283120581 0.0277817872 0.00595008912
v -0.0107117074 0.0157794368 0.00265094581
v -0.0109223181 0.0210730936 0.00265094581
v 0.0118619414 0.0276698061 0.00595101284
v 0.0119193804 0.0276341752 0.00595101284
v 0.0243071264 0.0199380127 0.00599627218
v 0.0248240789 0.0195358974 0.00599627218
v 0.025309122 0.0190879729 0.00599627218
v 0.0257558714 0.0186095074 0.00599627218
v 0.0255516435 0.0184364458 0.00596209753
v 0.0259409555 0.0179427106 0.00596209753
v 0.0262792082 0.0174082545 0.00596209753
v 0.0265727859 0.0168483489 0.00596209753
v 0.0268153075 0.0162579023 0.00596209753
v 0.0270003916 0.015652186 0.00596209753
v 0.0271471789 0.0150362882 0.00596209753
v 0.0272237663 0.0144102123 0.00596209753
v 0.0272556756 0.0137790456 0.00596209753
v 0.0272556756 -0.0067287863 0.00596117381
v -0.0127476117 0.0235112303 0.0120865734
v -0.0126072049 0.0235468612 0.0120865734
v -0.0122561866 0.0236283013 0.0120865734
v -0.0120774861 0.0236588423 0.0120865734
v -0.0117456146 0.023709743 0.0120865734
v -0.0115924437 0.0237301026 0.0120865734
v -0.0113945971 0.0237504638 0.0120865734
v -0.0107053254 0.0237810032 0.0120865734
v 0.0234072433 0.0231600172 0.00868767733
v 0.0242113922 0.0228342536 0.00894998354
v 0.00242913057 0.0233737996 0.0120865734
v 0.0118938523 0.0276341752 0.0119480305
v 0.0245943229 0.0203553961 0.0117670026
v 0.0240007831 0.0207218805 0.0117670026
v 0.0241284267 0.020930573 0.0116663292
v 0.0242369234 0.0211392655 0.0115471845
v 0.024345417 0.0213275969 0.0114067942
v 0.0244539137 0.0215006584 0.0112470088
v 0.024549648 0.02167372 0.0110696758
v 0.0246389979 0.0218213321 0.0108775631
v 0.0247219665 0.0219638542 0.0106688266
v 0.0239880175 0.0223456083 0.0106688266
v 0.0240518393 0.0224677693 0.0104480849
v 0.0241028955 0.0225797504 0.0102153347
v 0.0248432257 0.0221929064 0.0102153347
v 0.0248942819 0.0222794379 0.00997427099
v 0.0249389568 0.0223456083 0.00972397319
v 0.0249708693 0.022396509 0.0094681299
v 0.0249900162 0.0224219585 0.00920951858
v 0.0249963974 0.0224321383 0.00894998354
v 0.0242113922 0.0228240738 0.00868767733
v 0.0241986297 0.0227986227 0.00842906601
v 0.0241731016 0.0227426321 0.00817322586
v 0.0241411892 0.0226764618 0.00792292806
v -0.0112541895 0.0210476441 0.00265094581
v -0.0115860609 0.0210018333 0.00265094581
v -0.0119115503 0.0209356629 0.00265094581
v -0.0122370398 0.0208491314 0.00265094581
v -0.0125497651 0.0207422401 0.00265094581
v -0.0134177366 0.0233076277 0.00820093444
v -0.0131752159 0.0233890693 0.00820185817
v -0.0127476117 0.0235112303 0.00820185817
v -0.0162131165 0.0157794368 0.00265094581
v 0.0272556756 -0.0142162571 0.00596117381
v 0.0272301475 -0.0148423331 0.00596117381
v 0.0271471789 -0.0154684106 0.00596117381
v 0.0270131541 -0.0160893967 0.00596117381
v 0.0268153075 -0.0167002045 0.00596117381
v 0.0265727859 -0.0172753798 0.00596117381
v 0.0262792082 -0.0178403753 0.00596117381
v 0.0259409555 -0.0183748314 0.00596117381
v 0.0255516435 -0.0188838379 0.00596117381
v 0.0251304222 -0.0193470321 0.00596117381
v 0.0246581447 -0.0197796869 0.00596117381
v 0.0241539548 -0.0201563511 0.00596117381
v 0.0236242367 -0.0204973843 0.00596117381
v 0.0230626078 -0.0207926084 0.00596117381
v 0.0224754492 -0.0210318404 0.00596117381
v 0.0218691453 -0.0212252632 0.00596117381
v 0.0212564602 -0.0213626938 0.00596117381
v 0.0206246282 -0.0214441355 0.00596117381
v 0.0199927947 -0.021469585 0.00596117381
v 0.0241028955 0.0225797504 0.00768186436
v 0.0240518393 0.0224677693 0.0074500379
v 0.0239880175 0.0223456083 0.00722929299
v 0.0247219665 0.0219638542 0.00722929299
v 0.0246389979 0.0218213321 0.00702240393
v 0.024549648 0.02167372 0.00683029446
v 0.0244539137 0.0215006584 0.0066529583
v 0.024345417 0.0213275969 0.00649409975
v 0.0242369234 0.0211392655 0.0063537094
v 0.0241284267 0.020930573 0.00623179354
v 0.0240007831 0.0207218805 0.00613111704
v 0.0245943229 0.0203553961 0.00613111704
v 0.0238795208 0.0205030082 0.00605445737
v 0.0244475325 0.0201416137 0.00605445737
v 0.0249963974 0.0197344101 0.00605445737
v 0.0254942061 0.0192712143 0.00605445737
v 0.0259473368 0.0187723892 0.00605445737
v 0.0263621768 0.0182328432 0.00605445737
v 0.0261515646 0.0180903226 0.00599627218
v 0.0265025829 0.0175355054 0.00599627218
v 0.0268089262 0.0169552401 0.00599627218
v 0.0270514478 0.0163495238 0.00599627218
v 0.0272556756 0.0157183563 0.00599627218
v 0.0273960848 0.0150770091 0.00599627218
v 0.0274854347 0.0144356626 0.00599627218
v 0.027517344 0.0137790456 0.00599627218
v -0.0132773298 0.0233585283 0.0120865734
v 0.00265888768 0.0232261876 0.0120865734
v 0.0240007831 0.0195104478 0.0119480305
v 0.0241539548 0.0197242303 0.0119360252
v 0.0243071264 0.0199380127 0.0119027743
v 0.0244475325 0.0201416137 0.0118455097
v 0.0238795208 0.0205030082 0.0118455097
v 0.0249963974 0.0197344101 0.0118455097
v 0.0251495691 0.0199278313 0.0117670026
v 0.025309122 0.0201110743 0.0116663292
v 0.024734729 0.020543729 0.0116663292
v 0.0248687538 0.0207371502 0.0115471845
v 0.0249963974 0.0209203932 0.0114067942
v 0.0251112754 0.0210883649 0.0112470088
v 0.0252197721 0.0212461568 0.0110696758
v 0.0253218876 0.0213835874 0.0108775631
v 0.0254176187 0.0215261096 0.0106688266
v 0.0255005874 0.0216380907 0.0104480849
v 0.0247857852 0.0220860152 0.0104480849
v 0.0255644091 0.021739892 0.0102153347
v 0.0256154653 0.0218111523 0.00997427099
v 0.0256665215 0.0218824125 0.00972397319
v 0.025698434 0.0219282233 0.0094681299
v 0.0257239621 0.0219587643 0.00920951858
v 0.0249900162 0.0224219585 0.00868767733
v 0.0257239621 0.0219638542 0.00894998354
v 0.0257239621 0.0219587643 0.00868767733
v 0.0249708693 0.022396509 0.00842906601
v 0.0249389568 0.0223456083 0.00817322586
v 0.0248942819 0.0222794379 0.00792292806
v 0.0248432257 0.0221929064 0.00768186436
v -0.0128561085 0.0206200792 0.00265094581
v -0.0330173066 0.0154078625 0.00752485012
v -0.0330428347 0.0154740345 0.0076587744
v -0.0330683628 0.0155351149 0.00779546985
v -0.0330875097 0.0155860156 0.00793493333
v -0.0331130377 0.0156318248 0.00807624741
v -0.0331258034 0.0156674557 0.00821940578
v -0.0331449502 0.0156979967 0.00836349103
v -0.0331577127 0.0157234463 0.00850942058
v -0.0331640939 0.0157438059 0.00865627699
v -0.0331768595 0.0157488974 0.00880220654
v -0.0331768595 0.0157539873 0.00894905982
v -0.0331768595 0.0157539873 0.0120865734
v -0.0134687944 0.023287268 0.0120865734
v -0.032174864 -0.0131880658 0.00596302126
v -0.0322323014 -0.0131524349 0.00596394498
v -0.0322642139 -0.0130506336 0.00596025008
v -0.0324492949 -0.0131066257 0.00598149259
v -0.0325131167 -0.0129793733 0.00598149259
v -0.0325577916 -0.0128419426 0.00598149259
v -0.0325960853 -0.012673971 0.00598149259
v -0.0326088478 -0.0125874394 0.00598149259
v -0.0327364914 -0.0124296475 0.00599996708
v -0.0162131165 0.0157896166 0.00265094581
v -0.0107053254 -0.0215204857 0.00596579243
v -0.0111584576 -0.0214390456 0.00596117381
v -0.0116052078 -0.0213881449 0.00596117381
v -0.0120455759 -0.0212914335 0.00596117381
v -0.0124731793 -0.0211489114 0.00596117381
v -0.0129007834 -0.0209809397 0.00596117381
v 0.027517344 -0.0142162571 0.00599627218
v 0.0274854347 -0.0148677842 0.00599627218
v 0.0273960848 -0.0155193113 0.00599627218
v 0.02726206 -0.0161606585 0.00599627218
v 0.027057829 -0.0167816446 0.00599627218
v 0.0268089262 -0.0173873609 0.00599627218
v 0.0265025829 -0.0179727176 0.00599627218
v 0.0261515646 -0.0185224434 0.00599627218
v 0.0257558714 -0.0190416298 0.00599627218
v 0.025309122 -0.019535365 0.00599627218
v 0.0248240789 -0.0199781996 0.00599627218
v 0.0243071264 -0.0203701335 0.00599627218
v 0.0237582615 -0.0207213466 0.00599627218
v 0.0231647217 -0.0210267505 0.00599627218
v 0.0225647991 -0.0212812537 0.00599627218
v 0.0219393499 -0.0214746749 0.00599627218
v 0.0213011351 -0.021622287 0.00599627218
v 0.0206501563 -0.0217088186 0.00599627218
v 0.0199927947 -0.0215204857 0.00596579243
v 0.0247857852 0.0220860152 0.0074500379
v 0.0255005874 0.0216380907 0.0074500379
v 0.0254176187 0.0215261096 0.00722929299
v 0.0253218876 0.0213835874 0.00702240393
v 0.0252197721 0.0212461568 0.00683029446
v 0.0251112754 0.0210883649 0.0066529583
v 0.0249963974 0.0209203932 0.00649409975
v 0.0248687538 0.0207371502 0.0063537094
v 0.024734729 0.020543729 0.00623179354
v 0.025309122 0.0201110743 0.00623179354
v 0.0251495691 0.0199278313 0.00613111704
v 0.0256665215 0.0194493674 0.00613111704
v 0.0261324178 0.0189352709 0.00613111704
v 0.0265664047 0.0183753653 0.00613111704
v 0.0269493323 0.0177849187 0.00613111704
v 0.0267259576 0.0176678477 0.00605445737
v 0.0270386853 0.0170672213 0.00605445737
v 0.0272939693 0.0164360538 0.00605445737
v 0.0275045816 0.0157896166 0.00605445737
v 0.0276513689 0.0151279097 0.00605445737
v 0.0277343375 0.014456023 0.00605445737
v 0.02776625 0.0137790456 0.00605445737
v 0.0277726312 -0.0067287863 0.00605261306
v 0.00288226277 0.0230734856 0.0120865734
v 0.0244922074 0.0191388735 0.0119480305
v 0.0246581447 0.0193373862 0.0119360252
v 0.0248240789 0.0195358974 0.0119027743
v 0.025309122 0.0190879729 0.0119027743
v 0.0254942061 0.0192712143 0.0118455097
v 0.0256665215 0.0194493674 0.0117670026
v 0.02583884 0.0196224289 0.0116663292
v 0.0254495312 0.0202790459 0.0115471845
v 0.0259983929 0.0197904006 0.0115471845
v 0.0255963185 0.0204571974 0.0114067942
v 0.0257303433 0.0206098994 0.0112470088
v 0.0258516056 0.0207626013 0.0110696758
v 0.0259664836 0.020900032 0.0108775631
v 0.0260749803 0.0210221929 0.0106688266
v 0.026157949 0.0211290842 0.0104480849
v 0.0262345332 0.0212207056 0.0102153347
v 0.0263047363 0.0212970574 0.00997427099
v 0.0263557956 0.0213581379 0.00972397319
v 0.0263877049 0.0213937672 0.0094681299
v 0.026413233 0.0214293982 0.00920951858
v 0.0264196142 0.021439578 0.00894998354
v 0.025698434 0.0219282233 0.00842906601
v 0.026413233 0.0214293982 0.00868767733
v 0.0256665215 0.0218824125 0.00817322586
v 0.0256154653 0.0218111523 0.00792292806
v 0.0255644091 0.021739892 0.00768186436
v -0.013156069 0.0204775571 0.00265094581
v -0.033004541 0.0150413797 0.00702702255
v -0.0329215724 0.0151839003 0.00714617039
v -0.0329534848 0.015265342 0.0072699337
v -0.0329853942 0.0153416921 0.00739462074
v -0.0331577127 0.015351872 0.00752485012
v -0.0331832408 0.0154129524 0.0076587744
v -0.0332151532 0.015468943 0.00779546985
v -0.0332406813 0.0155198436 0.00793493333
v -0.0332598282 0.0155656544 0.00807624741
v -0.033278975 0.0156012853 0.00821940578
v -0.0332981219 0.0156318248 0.00836349103
v -0.0333108844 0.0156572759 0.00850942058
v -0.03332365 0.0156725456 0.00865627699
v -0.0333300312 0.0156827254 0.00880220654
v -0.0333300312 0.0156878153 0.00894905982
v -0.0333364124 0.0156878153 0.0120865734
v -0.0321493328 -0.0133509476 0.00598056887
v -0.0322386858 -0.0133051368 0.00597964515
v -0.0323280357 -0.0132542362 0.00598056887
v -0.0125561471 -0.0213881449 0.00599165356
v -0.0324046199 -0.0132084254 0.00598426377
v -0.0324492949 -0.0132389665 0.00599257728
v -0.0326535227 -0.0131218954 0.00601381979
v -0.0326854352 -0.0130455437 0.00601381979
v -0.0327109633 -0.0129742834 0.00601381979
v -0.0327364914 -0.0128928433 0.00601381979
v -0.0327620195 -0.0127961319 0.00601381979
v -0.0327811663 -0.0126994205 0.00601381979
v -0.0327939319 -0.0126027091 0.00601381979
v -0.0327364914 0.0124301807 0.00599996708
v -0.0328003132 -0.0125009078 0.00601381979
v -0.0162067353 0.0164411437 0.00265094581
v -0.0107053254 -0.0217139085 0.00599165356
v -0.0111776037 -0.0216884574 0.00599165356
v -0.0116435007 -0.0216273769 0.00599165356
v -0.0121030149 -0.0215255756 0.00599165356
v 0.0277726312 -0.0142162571 0.00605261306
v 0.0277407187 -0.0148881438 0.00605261306
v 0.0276513689 -0.0155600321 0.00605261306
v 0.0275045816 -0.016221739 0.00605261306
v 0.0273003506 -0.0168681762 0.00605261306
v 0.0270450665 -0.0174942521 0.00605261306
v 0.026732342 -0.0180999685 0.00605261306
v 0.0263685581 -0.0186751454 0.00605261306
v 0.0259473368 -0.0192146914 0.00605261306
v 0.0254942061 -0.0197084266 0.00605261306
v 0.0249963974 -0.0201665309 0.00605261306
v 0.0244539137 -0.020578826 0.00605261306
v 0.0238859051 -0.0209504003 0.00605261306
v 0.0232795997 -0.0212608925 0.00605261306
v 0.0226541505 -0.0215204857 0.00605261306
v 0.0220031717 -0.0217240883 0.00605261306
v 0.0213458101 -0.0218666089 0.00605261306
v 0.0206693032 -0.0219582304 0.00605261306
v 0.0199927947 -0.0217342681 0.00599627218
v 0.026157949 0.0211290842 0.0074500379
v 0.0260749803 0.0210221929 0.00722929299
v 0.0259664836 0.020900032 0.00702240393
v 0.0258516056 0.0207626013 0.00683029446
v 0.0257303433 0.0206098994 0.0066529583
v 0.0255963185 0.0204571974 0.00649409975
v 0.0254495312 0.0202790459 0.0063537094
v 0.0259983929 0.0197904006 0.0063537094
v 0.02583884 0.0196224289 0.00623179354
v 0.0263175019 0.0190879729 0.00623179354
v 0.0267578701 0.0185178859 0.00623179354
v 0.0271535633 0.0179070797 0.00623179354
v 0.0274854347 0.0172708239 0.00623179354
v 0.02726206 0.0171690226 0.00613111704
v 0.0275301097 0.0165225854 0.00613111704
v 0.0277471031 0.0158456072 0.00613111704
v 0.0278938904 0.0151686306 0.00613111704
v 0.0279832403 0.0144763826 0.00613111704
v 0.028021534 0.0137790456 0.00613111704
v 0.00308649141 0.022900424 0.0120865734
v 0.0249453412 0.0187265784 0.0119480305
v 0.025124041 0.0189098214 0.0119360252
v 0.0257558714 0.0186095074 0.0119027743
v 0.0259473368 0.0187723892 0.0118455097
v 0.0261324178 0.0189352709 0.0117670026
v 0.0263175019 0.0190879729 0.0116663292
v 0.0265025829 0.0192355849 0.0115471845
v 0.0266749014 0.0193831954 0.0114067942
v 0.0261515646 0.0199431026 0.0114067942
v 0.0263047363 0.0200856232 0.0112470088
v 0.0264451455 0.0202281453 0.0110696758
v 0.0265664047 0.0203553961 0.0108775631
v 0.0266812826 0.0204622873 0.0106688266
v 0.0267770169 0.0205640886 0.0104480849
v 0.0268599824 0.0206455303 0.0102153347
v 0.0269365698 0.0207167906 0.00997427099
v 0.026987626 0.0207727812 0.00972397319
v 0.0270259197 0.020813502 0.0094681299
v 0.0270514478 0.0208287717 0.00920951858
v 0.0270642134 0.0208389515 0.00894998354
v 0.0263877049 0.0213937672 0.00842906601
v 0.0263557956 0.0213581379 0.00817322586
v 0.0270514478 0.0208287717 0.00868767733
v 0.0270259197 0.020813502 0.00842906601
v 0.0263047363 0.0212970574 0.00792292806
v 0.0262345332 0.0212207056 0.00768186436
v -0.0329598661 0.0149497582 0.00691341706
v -0.0134368835 0.0203197668 0.00265094581
v -0.0329790129 0.0147003457 0.0067009888
v -0.0330300691 0.0147970563 0.00680443333
v -0.0330811284 0.0148886778 0.00691249334
v -0.0331258034 0.0149802977 0.00702609883
v -0.0330492159 0.0151228198 0.00714524666
v -0.0330875097 0.0152042615 0.00726808625
v -0.033119419 0.0152806117 0.00739369702
v -0.0332151532 0.0151431795 0.00726808625
v -0.0332917375 0.0152806117 0.00752485012
v -0.03332365 0.0153416921 0.0076587744
v -0.0333555593 0.0153976827 0.00779546985
v -0.0333810874 0.0154485834 0.00793400961
v -0.0334066155 0.0154893042 0.00807624741
v -0.0334321467 0.0155249336 0.00821940578
v -0.0334449092 0.0155554746 0.00836349103
v -0.033464056 0.0155809241 0.00850942058
v -0.0334704373 0.0155961954 0.00865627699
v -0.0334768216 0.0156063752 0.00880220654
v -0.0334832029 0.0156063752 0.00894905982
v -0.0336108465 0.0155351149 0.0120865734
v -0.0323025044 -0.0134272978 0.00600181138
v -0.0324173855 -0.0133611274 0.00600365883
v -0.012645497 -0.0216171971 0.00604337582
v -0.0321812452 -0.0134883798 0.00600365883
v -0.0325386448 -0.0133051368 0.00601381979
v -0.0325769385 -0.0132491463 0.00601381979
v -0.0326471415 -0.0133814886 0.00604429955
v -0.0327364914 -0.0133509476 0.00605907599
v -0.03281946 -0.0132033355 0.00605907599
v -0.0328577537 -0.0131218954 0.00605907599
v -0.0329151911 -0.0129437439 0.00605907599
v -0.0329407192 -0.0128419426 0.00605907599
v -0.0329790129 -0.0126281602 0.00605907599
v -0.0329853942 -0.0124296475 0.00605722854
v -0.0328003132 0.0125370719 0.00601381979
v -0.0161875884 0.0170977607 0.00265094581
v -0.0107053254 -0.0219531404 0.00604337582
v -0.0111967505 -0.0219327808 0.00604337582
v -0.0116881756 -0.0218666089 0.00604337582
v -0.0121732187 -0.0217597177 0.00604337582
v 0.028021534 -0.0142162571 0.00613111704
v 0.0279832403 -0.014908505 0.00613111704
v 0.0278938904 -0.0156109327 0.00613111704
v 0.0277471031 -0.0162879094 0.00613111704
v 0.0275301097 -0.0169547062 0.00613111704
v 0.0269493323 -0.0182272209 0.00613111704
v 0.02726206 -0.0176011434 0.00613111704
v 0.0265727859 -0.018812576 0.00613111704
v 0.0261388021 -0.0193673933 0.00613111704
v 0.0256665215 -0.019891668 0.00613111704
v 0.0251559503 -0.0203599537 0.00613111704
v 0.0246007042 -0.0207824286 0.00613111704
v 0.0240007831 -0.0211641827 0.00613111704
v 0.0233817152 -0.0214899462 0.00613111704
v 0.0227371176 -0.0217495378 0.00613111704
v 0.0220733747 -0.0219633203 0.00613111704
v 0.021390485 -0.0221160222 0.00613111704
v 0.0206948312 -0.0222025538 0.00613111704
v 0.0199927947 -0.0220244007 0.00606369461
v 0.0199927947 -0.0219836815 0.00605261306
v 0.0267770169 0.0205640886 0.0074500379
v 0.0266812826 0.0204622873 0.00722929299
v 0.0265664047 0.0203553961 0.00702240393
v 0.0264451455 0.0202281453 0.00683029446
v 0.0263047363 0.0200856232 0.0066529583
v 0.0261515646 0.0199431026 0.00649409975
v 0.0266749014 0.0193831954 0.00649409975
v 0.0265025829 0.0192355849 0.0063537094
v 0.0269493323 0.0186502282 0.0063537094
v 0.0273514099 0.0180241507 0.0063537094
v 0.0276896626 0.0173624438 0.0063537094
v 0.0279768591 0.0166803772 0.0063537094
v 0.0277598656 0.0165989356 0.00623179354
v 0.0279768591 0.015916869 0.00623179354
v 0.0281300307 0.0152144413 0.00623179354
v 0.0282321462 0.0144967431 0.00623179354
v 0.0282576743 0.0137790456 0.00623179354
v 0.0282640555 -0.0067287863 0.00623179354
v 0.00318860573 0.0228037126 0.0120865734
v 0.0253537969 0.0182786539 0.0119480305
v 0.0255516435 0.0184364458 0.0119360252
v 0.0259409555 0.0179427106 0.0119360252
v 0.0261515646 0.0180903226 0.0119027743
v 0.0263621768 0.0182328432 0.0118455097
v 0.0265664047 0.0183753653 0.0117670026
v 0.0267578701 0.0185178859 0.0116663292
v 0.0269493323 0.0186502282 0.0115471845
v 0.0271280352 0.0187723892 0.0114067942
v 0.0273003506 0.0188945501 0.0112470088
v 0.0268344543 0.0195155377 0.0112470088
v 0.0269748635 0.0196326088 0.0110696758
v 0.0271152696 0.0197445899 0.0108775631
v 0.0272365319 0.0198463912 0.0106688266
v 0.0273386443 0.0199481925 0.0104480849
v 0.0274407598 0.0200245427 0.0102153347
v 0.027517344 0.0200856232 0.00997427099
v 0.0275747846 0.0201416137 0.00972397319
v 0.0276130783 0.0201721547 0.0094681299
v 0.0276449876 0.0201925144 0.00920951858
v 0.0276513689 0.0201976043 0.00894998354
v 0.0276449876 0.0201925144 0.00868767733
v 0.026987626 0.0207727812 0.00817322586
v 0.0269365698 0.0207167906 0.00792292806
v 0.0276130783 0.0201721547 0.00842906601
v 0.0275747846 0.0201416137 0.00817322586
v 0.0268599824 0.0206455303 0.00768186436
v -0.0137176979 0.0201416137 0.00265094581
v -0.032864135 0.0144916532 0.00651257109
v -0.0330236879 0.0145425538 0.0066040072
v -0.0330811284 0.0146392644 0.0067009888
v -0.0331385658 0.0147359758 0.00680443333
v -0.0332981219 0.0147563362 0.00691434078
v -0.0332470626 0.0149090374 0.00702702255
v -0.0332917375 0.0149904791 0.00714524666
v -0.0331704783 0.0150617393 0.00714524666
v -0.0333364124 0.0150668293 0.00726808625
v -0.0333810874 0.0151380895 0.00739369702
v -0.0334257623 0.01519917 0.00752485012
v -0.0334576748 0.015260252 0.0076587744
v -0.0334895841 0.0153162426 0.00779546985
v -0.0335214966 0.0153620518 0.00793493333
v -0.0335534059 0.0154027726 0.00807624741
v -0.0335725528 0.0154434935 0.00821940578
v -0.0335916996 0.015468943 0.00836349103
v -0.0336044621 0.0154943941 0.00850942058
v -0.0336172277 0.0155096638 0.00865627699
v -0.0335980808 0.0155402048 0.00894905982
v -0.0336236089 0.0155198436 0.00880220654
v -0.0338086931 0.0153976827 0.00894905982
v -0.0338086931 0.0153976827 0.0120865734
v -0.0322195389 -0.0136207206 0.00603321486
v -0.0323663262 -0.0135443704 0.00603136741
v -0.0325131167 -0.0134629287 0.00603413858
v -0.0127220829 -0.0218411593 0.00611541687
v -0.032430148 -0.0136716212 0.00606646578
v -0.032679054 -0.0135138294 0.0060747793
v -0.0327556382 -0.0134578388 0.00608124223
v -0.0329279567 -0.0133814886 0.00611449315
v -0.0329790129 -0.0132847772 0.00611449315
v -0.0330236879 -0.0131880658 0.00611449315
v -0.0330556003 -0.0130964443 0.00611449315
v -0.0330875097 -0.012994643 0.00611449315
v -0.033119419 -0.012877572 0.00611449315
v -0.0331449502 -0.012760501 0.00611449315
v -0.0331577127 -0.0126434299 0.00611449315
v -0.0331640939 -0.0125161791 0.00611449315
v -0.0332343001 -0.0124296475 0.00613665938
v -0.0329853942 0.0124301807 0.00605722854
v -0.0327875475 0.012649053 0.00601381979
v -0.0161046198 0.0184975263 0.00265094581
v -0.0161556775 0.0177492878 0.00265094581
v -0.0329726317 0.0126745033 0.00605907599
v -0.0107053254 -0.0220244007 0.00606369461
v -0.0112158966 -0.0221720128 0.00611541687
v -0.0117264686 -0.0221007525 0.00611541687
v -0.0122306577 -0.0219887714 0.00611541687
v 0.0282321462 -0.0149288646 0.00623179354
v 0.0282640555 -0.0142162571 0.00623179354
v 0.0281300307 -0.0156465621 0.00623179354
v 0.02776625 -0.0170412378 0.00623179354
v 0.0279768591 -0.0163489898 0.00623179354
v 0.0274854347 -0.0177029447 0.00623179354
v 0.0271535633 -0.0183493818 0.00623179354
v 0.0263302644 -0.0195302751 0.00623179354
v 0.0267642513 -0.0189500083 0.00623179354
v 0.02583884 -0.0200545497 0.00623179354
v 0.025309122 -0.0205431951 0.00623179354
v 0.024734729 -0.0209809397 0.00623179354
v 0.0241284267 -0.0213677837 0.00623179354
v 0.0234902103 -0.0217088186 0.00623179354
v 0.0228200862 -0.02197859 0.00623179354
v 0.0221371965 -0.0221974639 0.00623179354
v 0.0214287771 -0.0223501643 0.00623179354
v 0.0207139781 -0.0224468757 0.00623179354
v 0.0199927947 -0.0222738141 0.0061449729
v 0.0199927947 -0.0222330932 0.00613111704
v -0.0107053254 -0.0221872825 0.00611541687
v 0.0274407598 0.0200245427 0.00768186436
v 0.0273386443 0.0199481925 0.0074500379
v 0.0272365319 0.0198463912 0.00722929299
v 0.0271152696 0.0197445899 0.00702240393
v 0.0269748635 0.0196326088 0.00683029446
v 0.0268344543 0.0195155377 0.0066529583
v 0.0273003506 0.0188945501 0.0066529583
v 0.0271280352 0.0187723892 0.00649409975
v 0.0275428721 0.0181310419 0.00649409975
v 0.0278938904 0.0174591552 0.00649409975
v 0.0281810869 0.0167567274 0.00649409975
v 0.0284172272 0.0160339401 0.00649409975
v 0.0282002338 0.0159728596 0.0063537094
v 0.0283597867 0.0152500707 0.0063537094
v 0.0284619022 0.0145171035 0.0063537094
v 0.0284938146 0.0137790456 0.0063537094
v 0.0284938146 -0.0067287863 0.00635186196
v 0.00336092386 0.0225950201 0.0120865734
v 0.00352685957 0.0223863292 0.0120865734
v 0.0257239621 0.0177849187 0.0119480305
v 0.0260558335 0.0172759138 0.0119480305
v 0.0262792082 0.0174082545 0.0119360252
v 0.0265025829 0.0175355054 0.0119027743
v 0.0267259576 0.0176678477 0.0118455097
v 0.0269493323 0.0177849187 0.0117670026
v 0.0271535633 0.0179070797 0.0116663292
v 0.0273514099 0.0180241507 0.0115471845
v 0.0275428721 0.0181310419 0.0114067942
v 0.0274662879 0.0190014413 0.0110696758
v 0.0277215719 0.0182379331 0.0112470088
v 0.0276003127 0.0191032426 0.0108775631
v 0.0277343375 0.0191948641 0.0106688266
v 0.0278555998 0.0192763042 0.0104480849
v 0.027951331 0.019352656 0.0102153347
v 0.0280342996 0.0194086465 0.00997427099
v 0.0280981214 0.0194493674 0.00972397319
v 0.0281427963 0.0194849967 0.0094681299
v 0.0281683244 0.0195104478 0.00920951858
v 0.0281810869 0.0195104478 0.00894998354
v 0.0281683244 0.0195104478 0.00868767733
v 0.0281427963 0.0194849967 0.00842906601
v 0.027517344 0.0200856232 0.00792292806
v 0.0280981214 0.0194493674 0.00817322586
v 0.0280342996 0.0194086465 0.00792292806
v -0.0329726317 0.0142778707 0.00642944535
v -0.0330428347 0.014379672 0.00651441854
v -0.0331130377 0.0144814733 0.00660493093
v -0.0332725906 0.0145069237 0.00670468056
v -0.0333427968 0.0145985444 0.0068072045
v -0.0334066155 0.0146799852 0.00691618823
v -0.0333555593 0.0148377771 0.00702794628
v -0.0334129998 0.0149141273 0.00714709411
v -0.033578934 0.0149039475 0.00727085743
v -0.033508731 0.0150515595 0.00739462074
v -0.0335534059 0.0151177299 0.00752485012
v -0.0335916996 0.0151737205 0.0076587744
v -0.0336236089 0.0152246211 0.00779546985
v -0.0336555214 0.0152755218 0.00793493333
v -0.0336874307 0.0153111527 0.00807624741
v -0.0337065776 0.015351872 0.00821940578
v -0.0337257244 0.0153773231 0.00836349103
v -0.0337448713 0.0153976827 0.00850942058
v -0.0337576338 0.0154129524 0.00865627699
v -0.0337640181 0.0154231338 0.00880220654
v -0.033898043 0.0153213325 0.00880220654
v -0.033898043 0.0153264224 0.00894905982
v -0.0338916586 0.0153315123 0.0120865734
v -0.0326024665 -0.0135698199 0.0060710844
v -0.0128050507 -0.0220600317 0.00620593241
v -0.0324429136 -0.0139719336 0.00615974934
v -0.0323918543 -0.0138395929 0.00610987453
v -0.0324939698 -0.0137886922 0.00610895081
v -0.0325960853 -0.0137327017 0.00611079825
v -0.0326918164 -0.0136716212 0.00611449315
v -0.0327811663 -0.0136054508 0.00611911177
v -0.0328386069 -0.0135240092 0.0061163406
v -0.0329790129 -0.0136207206 0.00618007127
v -0.0330875097 -0.0134629287 0.00618191872
v -0.0331385658 -0.0133560375 0.00618191872
v -0.0331832408 -0.0132542362 0.00618191872
v -0.0332215345 -0.0131524349 0.00618191872
v -0.0332598282 -0.0130404538 0.00618191872
v -0.0332917375 -0.0129132029 0.00618191872
v -0.0333172656 -0.012791042 0.00618191872
v -0.0333491781 -0.0124296475 0.00618007127
v -0.0332343001 0.0124301807 0.00613665938
v -0.0331640939 0.0125625222 0.00611449315
v -0.0327747851 0.0127457644 0.00601381979
v -0.032749257 0.0128475657 0.00601381979
v -0.0327237289 0.0129340965 0.00601381979
v -0.0329024287 0.0129900871 0.00605907599
v -0.0328258412 0.0131784192 0.00605907599
v -0.0327875475 0.01325986 0.00605907599
v -0.032749257 0.0133260304 0.00605907599
v -0.0327556382 0.013458372 0.00608124223
v -0.0328577537 0.0134940021 0.00611449315
v -0.0328705162 0.0135449028 0.00612927273
v -0.0327811663 0.0136059832 0.00611911177
v -0.0328832818 0.0136976047 0.00617175776
v -0.0329853942 0.0137892254 0.00622994609
v -0.0328705162 0.0138706663 0.00622163257
v -0.0329598661 0.0139724676 0.00628628697
v -0.0328258412 0.0140640883 0.00628074463
v -0.0329024287 0.0141709795 0.00635186196
v -0.0331513314 0.0126948638 0.00611449315
v -0.0331321846 0.0128119348 0.00611449315
v -0.0329534848 0.0127763046 0.00605907599
v -0.0112350434 -0.022395975 0.00620593241
v -0.0117711435 -0.0223298046 0.00620593241
v -0.0107053254 -0.0222738141 0.0061449729
v -0.0122944795 -0.0222127336 0.00620593241
v 0.0284619022 -0.0149594057 0.00635186196
v 0.028366171 -0.0156872829 0.00635186196
v 0.0284938146 -0.0142162571 0.00635186196
v 0.0276960438 -0.017804746 0.00635186196
v 0.028206615 -0.0164100703 0.00635186196
v 0.0279768591 -0.017117588 0.00635186196
v 0.0273514099 -0.018461363 0.00635186196
v 0.0269620979 -0.0190874389 0.00635186196
v 0.0265025829 -0.0196727956 0.00635186196
v 0.0260047773 -0.0202174315 0.00635186196
v 0.0254559124 -0.0207213466 0.00635186196
v 0.0248687538 -0.0211794524 0.00635186196
v 0.0242369234 -0.0215713863 0.00635186196
v 0.023585943 -0.0219124196 0.00635186196
v 0.0228966721 -0.0221974639 0.00635186196
v 0.0221946355 -0.0224214261 0.00635186196
v 0.0214670708 -0.0225843079 0.00635186196
v 0.0207331234 -0.0226759278 0.00635186196
v 0.0199927947 -0.0227166486 0.00635186196
v 0.0199927947 -0.0224825066 0.00623179354
v -0.0107053254 -0.0224214261 0.00620593241
v 0.027951331 0.019352656 0.00768186436
v 0.0278555998 0.0192763042 0.0074500379
v 0.0277343375 0.0191948641 0.00722929299
v 0.0276003127 0.0191032426 0.00702240393
v 0.0274662879 0.0190014413 0.00683029446
v 0.0277215719 0.0182379331 0.0066529583
v 0.0280789745 0.0175507767 0.0066529583
v 0.0283789335 0.0168279877 0.0066529583
v 0.0286150738 0.0160899306 0.0066529583
v 0.0287873924 0.0153264224 0.0066529583
v 0.0285767801 0.0152857016 0.00649409975
v 0.0286788956 0.0145323732 0.00649409975
v 0.0287108049 0.0137790456 0.00649409975
v 0.00359706299 0.0222794379 0.0120865734
v 0.00366726681 0.0221572754 0.0120865734
v 0.0263366487 0.0167363678 0.0119480305
v 0.0265727859 0.0168483489 0.0119360252
v 0.0268089262 0.0169552401 0.0119027743
v 0.0270386853 0.0170672213 0.0118455097
v 0.02726206 0.0171690226 0.0117670026
v 0.0274854347 0.0172708239 0.0116663292
v 0.0276896626 0.0173624438 0.0115471845
v 0.0278938904 0.0174591552 0.0114067942
v 0.0278938904 0.0183346445 0.0110696758
v 0.0280406808 0.018426266 0.0108775631
v 0.0280789745 0.0175507767 0.0112470088
v 0.0281810869 0.0185026162 0.0106688266
v 0.0283087305 0.0185687866 0.0104480849
v 0.028410846 0.0186349585 0.0102153347
v 0.0285001959 0.0186858592 0.00997427099
v 0.0285640177 0.0187265784 0.00972397319
v 0.0286086926 0.0187571194 0.0094681299
v 0.0286406019 0.0187672993 0.00920951858
v 0.0286469832 0.0187723892 0.00894998354
v 0.0286406019 0.0187672993 0.00868767733
v 0.0286086926 0.0187571194 0.00842906601
v 0.0285640177 0.0187265784 0.00817322586
v 0.0285001959 0.0186858592 0.00792292806
v -0.0330492159 0.0140691782 0.0063574043
v -0.0331321846 0.0141658896 0.00643498769
v -0.0332151532 0.014262601 0.00651996088
v -0.0332917375 0.0143542217 0.00661047327
v -0.0333683249 0.0144356626 0.00670745173
v -0.0334385279 0.0145171035 0.00681089626
v -0.0335980808 0.0145171035 0.0069226543
v -0.0335725528 0.0146748953 0.0070325649
v -0.033464056 0.0147563362 0.00702979372
v -0.0335214966 0.0148326864 0.00714801469
v -0.0336299933 0.0147461556 0.00715078587
v -0.0336874307 0.0148072369 0.00727270487
v -0.03373849 0.0148734073 0.00739739191
v -0.0336299933 0.014965028 0.00739554446
v -0.0336746683 0.0150261084 0.00752669757
v -0.0337129588 0.015082099 0.00765969813
v -0.0337512525 0.0151329996 0.00779639358
v -0.033783165 0.0151737205 0.00793585706
v -0.0338150743 0.0152144413 0.00807624741
v -0.0338406024 0.0152500707 0.00822032951
v -0.0338597492 0.0152755218 0.00836349103
v -0.0338788961 0.0153009713 0.00850942058
v -0.0338916586 0.0153111527 0.00865627699
v -0.0340193022 0.01519917 0.00865535327
v -0.0340256865 0.0152093514 0.00880220654
v -0.0340129209 0.015229711 0.00894905982
v -0.0340256865 0.0152144413 0.0120865734
v -0.0128752545 -0.0222738141 0.00631676358
v -0.0132773298 -0.0220651216 0.00629459735
v -0.0325386448 -0.014221347 0.00628074463
v -0.0324875886 -0.0140940962 0.00621609023
v -0.0326216134 -0.0140330157 0.0062151665
v -0.0325577916 -0.0139108532 0.00615882562
v -0.0326726696 -0.0138395929 0.00615974934
v -0.0327811663 -0.0137734225 0.00616436796
v -0.0328832818 -0.0136970708 0.00617175776
v -0.0330300691 -0.0136614414 0.00620777985
v -0.0331832408 -0.0136359903 0.00625765467
v -0.0332343001 -0.0135494603 0.00625765467
v -0.0332917375 -0.0134323877 0.00625765467
v -0.0333427968 -0.0133204066 0.00625765467
v -0.0333874718 -0.0132135154 0.00625765467
v -0.0334257623 -0.0130913544 0.00625765467
v -0.0334576748 -0.0129488338 0.00625765467
v -0.0334832029 -0.0128164915 0.00625765467
v -0.0335023497 -0.0126790609 0.00625765467
v -0.0333300312 -0.0126637896 0.00618191872
v -0.0333491781 0.0124301807 0.00618007127
v -0.0335151122 -0.0125263589 0.00625765467
v -0.0334704373 -0.0124296475 0.00623640902
v -0.0333300312 0.0127203141 0.00618191872
v -0.0329279567 0.0128933757 0.00605907599
v -0.0331066565 0.0129391864 0.00611449315
v -0.033074744 0.0130460776 0.00611449315
v -0.0330364535 0.0131478789 0.00611449315
v -0.0329917785 0.0132547701 0.00611449315
v -0.0329471036 0.0133463908 0.00611449315
v -0.0331066565 0.0134278317 0.00618191872
v -0.033004541 0.0135958034 0.00618191872
v -0.0330619816 0.0136772443 0.00622348002
v -0.0331449502 0.0136925148 0.00625765467
v -0.0330875097 0.0138757562 0.00629459735
v -0.0112605715 -0.0226199373 0.00631676358
v -0.0107053254 -0.0225079561 0.00624656998
v -0.0118094364 -0.022548677 0.00631676358
v -0.0123455365 -0.0224316059 0.00631676358
v 0.0286852769 -0.0149746754 0.00649409975
v 0.0285767801 -0.0157280038 0.00649409975
v 0.0284172272 -0.0164660609 0.00649409975
v 0.0287108049 -0.0142162571 0.00649409975
v 0.0278938904 -0.0179014574 0.00649409975
v 0.0275492565 -0.0185682542 0.00649409975
v 0.0281810869 -0.0171939397 0.00649409975
v 0.0271344164 -0.0192146914 0.00649409975
v 0.0266749014 -0.0198153178 0.00649409975
v 0.0256026997 -0.0208893182 0.00649409975
v 0.026157949 -0.0203752234 0.00649409975
v 0.0243518014 -0.0217597177 0.00649409975
v 0.0249963974 -0.021352514 0.00649409975
v 0.0236816757 -0.0221160222 0.00649409975
v 0.0229796391 -0.0224061548 0.00649409975
v 0.0222520745 -0.0226352085 0.00649409975
v 0.021505363 -0.0228031802 0.00649409975
v 0.0207522702 -0.0229049815 0.00649409975
v 0.0199927947 -0.0229558806 0.00650979992
v -0.0107053254 -0.0228591708 0.00644514552
v -0.0107053254 -0.0227370083 0.00636940957
v -0.0107053254 -0.0226453884 0.00631676358
v 0.028410846 0.0186349585 0.00768186436
v 0.0283087305 0.0185687866 0.0074500379
v 0.0281810869 0.0185026162 0.00722929299
v 0.0280406808 0.018426266 0.00702240393
v 0.0278938904 0.0183346445 0.00683029446
v 0.0282576743 0.0176322168 0.00683029446
v 0.0285640177 0.0168941597 0.00683029446
v 0.0288001548 0.0161408313 0.00683029446
v 0.0289724733 0.0153620518 0.00683029446
v 0.0288895047 0.0145527336 0.0066529583
v 0.0289214172 0.0137790456 0.0066529583
v 0.0287682455 -0.0067287863 0.00653566105
v 0.00377576315 0.0219180435 0.0120865734
v 0.0265727859 0.0161611909 0.0119480305
v 0.0268153075 0.0162579023 0.0119360252
v 0.0038268205 0.0218009724 0.0120865734
v 0.0270514478 0.0163495238 0.0119027743
v 0.0272939693 0.0164360538 0.0118455097
v 0.0275301097 0.0165225854 0.0117670026
v 0.0277598656 0.0165989356 0.0116663292
v 0.0279768591 0.0166803772 0.0115471845
v 0.0281810869 0.0167567274 0.0114067942
v 0.0283789335 0.0168279877 0.0112470088
v 0.0282576743 0.0176322168 0.0110696758
v 0.0284172272 0.0177085685 0.0108775631
v 0.0285640177 0.0177747389 0.0106688266
v 0.0285640177 0.0168941597 0.0110696758
v 0.0286852769 0.0178307295 0.0104480849
v 0.0287937736 0.0178816301 0.0102153347
v 0.0288895047 0.0179274409 0.00997427099
v 0.0289597109 0.0179630702 0.00972397319
v 0.0290171483 0.0179834314 0.0094681299
v 0.0290426764 0.0179987011 0.00920951858
v 0.0290490608 0.0179987011 0.00894998354
v 0.0290426764 0.0179987011 0.00868767733
v 0.0290171483 0.0179834314 0.00842906601
v 0.0289597109 0.0179630702 0.00817322586
v 0.0288895047 0.0179274409 0.00792292806
v -0.0331832408 0.0139673777 0.0063666384
v -0.0332725906 0.0140488186 0.00644422179
v -0.0332917375 0.0141964298 0.00652365264
v -0.0333747061 0.0142829606 0.00661509189
v -0.0335342591 0.0142880505 0.00671668897
v -0.0335278778 0.0144407525 0.00681459115
v -0.0336172277 0.0143593116 0.00681920977
v -0.0336874307 0.0144305727 0.00692727292
v -0.0337640181 0.0144967431 0.00703995469
v -0.0336682839 0.0145883645 0.00703533607
v -0.0337321057 0.0146545349 0.00715355704
v -0.0337895462 0.0147156154 0.00727547605
v -0.0338469836 0.0147716059 0.00740016309
v -0.033898043 0.0148275965 0.00752946874
v -0.0337895462 0.0149293978 0.0075276213
v -0.0338342212 0.0149802977 0.00766062185
v -0.0338725149 0.0150311983 0.0077973173
v -0.0339044242 0.0150719192 0.00793585706
v -0.0339427179 0.0151075501 0.00807717113
v -0.0339618647 0.0151431795 0.00822032951
v -0.0339873928 0.0151635407 0.00836441475
v -0.0340065397 0.0151889902 0.00850942058
v -0.0341405645 0.0150871889 0.00865535327
v -0.0341469457 0.0150973703 0.00880220654
v -0.0342043863 0.0150413797 0.00894905982
v -0.0341469457 0.0151024602 0.0120865734
v -0.0124029763 -0.0226402985 0.00644514552
v -0.0129518404 -0.0224723268 0.00644514552
v -0.0132773298 -0.0222636343 0.00639988932
v -0.0132773298 -0.0221109323 0.00631676358
v -0.0325833197 -0.0143435079 0.00635186196
v -0.032749257 -0.0142671577 0.00635001451
v -0.0326854352 -0.0141449968 0.00627889718
v -0.0328258412 -0.0140635551 0.00628074463
v -0.032749257 -0.0139566639 0.00621701395
v -0.0328768974 -0.0138752238 0.00622163257
v -0.0329853942 -0.0137836023 0.00622994609
v -0.033119419 -0.0137276118 0.00625765467
v -0.0332151532 -0.0137937822 0.00631953476
v -0.0333172656 -0.0137225219 0.00634354844
v -0.0333747061 -0.0136309004 0.00634354844
v -0.0334385279 -0.0135036495 0.00634354844
v -0.0334959685 -0.0133865785 0.00634354844
v -0.033578934 -0.0131371652 0.00634354844
v -0.0336172277 -0.0129895531 0.00634354844
v -0.0336427558 -0.0128419426 0.00634354844
v -0.0336619026 -0.0126943306 0.00634354844
v -0.0334704373 0.0124301807 0.00623640902
v -0.033508731 0.0125828826 0.00625765467
v -0.0335151122 0.0124301807 0.00625765467
v -0.0336746683 -0.0125416286 0.00634354844
v -0.0337001963 -0.0124296475 0.00635648058
v -0.0334959685 0.0127355838 0.00625765467
v -0.0334704373 0.0128781059 0.00625765467
v -0.0333045031 0.012842475 0.00618191872
v -0.0332725906 0.0129799065 0.00618191872
v -0.0332406813 0.0131020682 0.00618191872
v -0.0332023876 0.0132140493 0.00618191872
v -0.0332023876 0.0136059832 0.00625765467
v -0.0333108844 0.0134023814 0.00625765467
v -0.0332343001 0.0138095858 0.00633339062
v -0.0112733364 -0.0228337197 0.00644514552
v -0.0118413473 -0.0227624594 0.00644514552
v 0.0289214172 -0.0142162571 0.0066529583
v 0.0288895047 -0.0149899451 0.0066529583
v 0.0287873924 -0.0157585432 0.0066529583
v 0.0283853179 -0.0172652 0.0066529583
v 0.0286150738 -0.0165220514 0.0066529583
v 0.0277215719 -0.0186751454 0.0066529583
v 0.0280789745 -0.0179828975 0.0066529583
v 0.027306735 -0.0193368523 0.0066529583
v 0.0263047363 -0.0205279253 0.0066529583
v 0.0268344543 -0.0199476585 0.0066529583
v 0.0257367277 -0.0210471101 0.0066529583
v 0.0251176566 -0.0215255756 0.0066529583
v 0.0244539137 -0.0219480505 0.0066529583
v 0.0237646428 -0.0223043535 0.0066529583
v 0.0230498422 -0.0226046675 0.0066529583
v 0.0222967494 -0.0228337197 0.0066529583
v 0.0215436567 -0.0230016914 0.0066529583
v 0.0207714171 -0.0231034927 0.0066529583
v 0.0199927947 -0.0231442135 0.0066529583
v -0.0107053254 -0.0230627718 0.00659015449
v -0.0107053254 -0.0229558806 0.00650979992
v 0.0287937736 0.0178816301 0.00768186436
v 0.0286852769 0.0178307295 0.0074500379
v 0.0285640177 0.0177747389 0.00722929299
v 0.0284172272 0.0177085685 0.00702240393
v 0.0287299518 0.0169552401 0.00702240393
v 0.0289724733 0.0161815521 0.00702240393
v 0.0291511731 0.0153875029 0.00702240393
v 0.0290745888 0.0145680041 0.00683029446
v 0.0291064982 0.0137790456 0.00683029446
v 0.0291128825 -0.0067287863 0.00683029446
v 0.00387787746 0.02167372 0.0120865734
v 0.0267578701 0.0155860156 0.0119480305
v 0.0270003916 0.015652186 0.0119360252
v 0.0272556756 0.0157183563 0.0119027743
v 0.0275045816 0.0157896166 0.0118455097
v 0.0277471031 0.0158456072 0.0117670026
v 0.0279768591 0.015916869 0.0116663292
v 0.0282002338 0.0159728596 0.0115471845
v 0.0284172272 0.0160339401 0.0114067942
v 0.0286150738 0.0160899306 0.0112470088
v 0.0287299518 0.0169552401 0.0108775631
v 0.0288767422 0.0170112307 0.0106688266
v 0.0290171483 0.0170570414 0.0104480849
v 0.0288001548 0.0161408313 0.0110696758
v 0.029125645 0.0171028506 0.0102153347
v 0.0292213761 0.0171333916 0.00997427099
v 0.0292915823 0.0171639327 0.00972397319
v 0.0293426385 0.0171842923 0.0094681299
v 0.0293809322 0.0171944721 0.00920951858
v 0.0293936947 0.0171944721 0.00894998354
v 0.0293809322 0.0171944721 0.00868767733
v 0.0293426385 0.0171842923 0.00842906601
v 0.0292915823 0.0171639327 0.00817322586
v 0.0292213761 0.0171333916 0.00792292806
v 0.029125645 0.0171028506 0.00768186436
v -0.0332981219 0.0138553966 0.00637772309
v -0.0333364124 0.0139877373 0.00645068786
v -0.0334959685 0.0139979179 0.00653843222
v -0.0334321467 0.0140640883 0.00653473733
v -0.0334512936 0.0142117004 0.00661971051
v -0.0336108465 0.0142117004 0.00672223132
v -0.0336938151 0.0142778707 0.00682475212
v -0.0337703994 0.0143440419 0.00693189154
v -0.0338469836 0.0144051224 0.00704364644
v -0.0339171898 0.0144611129 0.00716094683
v -0.0338278399 0.0145578235 0.00715725193
v -0.0338916586 0.0146138141 0.0072791678
v -0.0339490991 0.0146698054 0.00740201053
v -0.0340001553 0.0147207053 0.00753223992
v -0.0340512146 0.014766516 0.00766431675
v -0.0339427179 0.0148784972 0.0076624693
v -0.0339873928 0.014919218 0.00779916161
v -0.0340256865 0.014959938 0.00793678078
v -0.0340575959 0.0150006589 0.00807809485
v -0.0340895052 0.0150261084 0.00822032951
v -0.034108652 0.0150515595 0.00836441475
v -0.0341277989 0.0150719192 0.00850942058
v -0.0342426769 0.0149497582 0.00850942058
v -0.0342554425 0.014959938 0.00865535327
v -0.0342682081 0.0149752078 0.00894905982
v -0.0343767017 0.014842867 0.00880220654
v -0.0342043863 0.0150413797 0.0120865734
v -0.0124540332 -0.0228337197 0.00659015449
v -0.0130220442 -0.0226606581 0.00659015449
v -0.0118796402 -0.0229609721 0.00659015449
v -0.0132773298 -0.0225588568 0.00659107821
v -0.0326726696 -0.0145776516 0.00651441854
v -0.0326343759 -0.0144656689 0.00642944535
v -0.0328066944 -0.0143791389 0.0064275979
v -0.0329024287 -0.0141755363 0.00635186196
v -0.0329598661 -0.0139770236 0.00628628697
v -0.0330875097 -0.0138803137 0.00629459735
v -0.0331832408 -0.0139668437 0.0063666384
v -0.0332981219 -0.0138548626 0.00637772309
v -0.0334512936 -0.013803962 0.00643775887
v -0.033508731 -0.0137021607 0.00643775887
v -0.033578934 -0.0135698199 0.00643775887
v -0.0336363745 -0.0134374792 0.00643775887
v -0.0336810495 -0.0133153167 0.00643775887
v -0.0337257244 -0.013177886 0.00643775887
v -0.0337703994 -0.0130200941 0.00643775887
v -0.0337959275 -0.0128673922 0.00643775887
v -0.0338214555 -0.0127096003 0.00643775887
v -0.0336746683 0.0125981524 0.00634354844
v -0.0337001963 0.0124301807 0.00635648058
v -0.0338342212 -0.0124296475 0.00643775887
v -0.0336555214 0.0127610341 0.00634354844
v -0.0336363745 0.0129086462 0.00634354844
v -0.0334385279 0.0130257172 0.00625765467
v -0.0334066155 0.0131529688 0.00625765467
v -0.0333619405 0.0132700399 0.00625765467
v -0.033393853 0.0135856236 0.00634354844
v -0.0333364124 0.0136874241 0.00634354844
v -0.0335151122 0.0133260304 0.00634354844
v -0.0334512936 0.0134685518 0.00634354844
v -0.0112924824 -0.0230424122 0.00659015449
v 0.0291128825 -0.0142162571 0.00683029446
v 0.0290745888 -0.0150052148 0.00683029446
v 0.0289724733 -0.0157941742 0.00683029446
v 0.0288065392 -0.0165729521 0.00683029446
v 0.0285640177 -0.0173313704 0.00683029446
v 0.0282576743 -0.0180643391 0.00683029446
v 0.0278938904 -0.0187769467 0.00683029446
v 0.0274662879 -0.0194437435 0.00683029446
v 0.0269748635 -0.0200800009 0.00683029446
v 0.0264451455 -0.0206602661 0.00683029446
v 0.0258579869 -0.0211947221 0.00683029446
v 0.0252261533 -0.0216833675 0.00683029446
v 0.0245560292 -0.0221109323 0.00683029446
v 0.0238476114 -0.0224825066 0.00683029446
v 0.0231072827 -0.022782819 0.00683029446
v 0.0223478072 -0.0230220526 0.00683029446
v 0.0215755676 -0.0231900242 0.00683029446
v 0.0207841811 -0.0232969155 0.00683029446
v 0.0199927947 -0.023352906 0.00684599463
v -0.0107053254 -0.0232561946 0.00675178734
v -0.0107053254 -0.0231594832 0.0066686616
v 0.0290171483 0.0170570414 0.0074500379
v 0.0288767422 0.0170112307 0.00722929299
v 0.029125645 0.0162222714 0.00722929299
v 0.0293043448 0.0154180439 0.00722929299
v 0.0294128415 0.0146036343 0.00722929299
v 0.0292532886 0.0145883645 0.00702240393
v 0.0292915823 0.0137790456 0.00702240393
v 0.00391617038 0.0215515591 0.0120865734
v 0.0268791293 0.014995569 0.0119480305
v 0.0271471789 0.0150362882 0.0119360252
v 0.014874314 -0.0162115592 0.0120865734
v 0.0273960848 0.0150770091 0.0119027743
v 0.0276513689 0.0151279097 0.0118455097
v 0.0278938904 0.0151686306 0.0117670026
v 0.0281300307 0.0152144413 0.0116663292
v 0.0283597867 0.0152500707 0.0115471845
v 0.0285767801 0.0152857016 0.0114067942
v 0.0287873924 0.0153264224 0.0112470088
v 0.0289724733 0.0161815521 0.0108775631
v 0.029125645 0.0162222714 0.0106688266
v 0.0292660542 0.0162579023 0.0104480849
v 0.0293809322 0.0162833518 0.0102153347
v 0.0289724733 0.0153620518 0.0110696758
v 0.0291511731 0.0153875029 0.0108775631
v 0.0294702821 0.0163189828 0.00997427099
v 0.0295532507 0.0163393424 0.00972397319
v 0.0296043069 0.0163546137 0.0094681299
v 0.0296362162 0.0163647935 0.00920951858
v 0.0296489818 0.0163647935 0.00894998354
v 0.0296362162 0.0163647935 0.00868767733
v 0.0296043069 0.0163546137 0.00842906601
v 0.0295532507 0.0163393424 0.00817322586
v 0.0294702821 0.0163189828 0.00792292806
v 0.0293809322 0.0162833518 0.00768186436
v -0.0334066155 0.0138706663 0.00643775887
v -0.0334002342 0.0139266569 0.00645807765
v -0.0335980808 0.013845216 0.00653843222
v -0.0337193432 0.013916477 0.00665019027
v -0.0335916996 0.0140640883 0.00663263951
v -0.0335214966 0.0141404393 0.00662525286
v -0.0337065776 0.0141506191 0.00675825027
v -0.0337640181 0.0141964298 0.00683029446
v -0.0338214555 0.0142371507 0.00690510669
v -0.0339618647 0.0142575103 0.00704734134
v -0.0339554804 0.0143338613 0.0070990636
v -0.0340001553 0.0143593116 0.00716648918
v -0.0340193022 0.0143745821 0.00719973696
v -0.0339810116 0.0145120136 0.00728193897
v -0.0340448302 0.0145629142 0.00740570543
v -0.0341022708 0.0146087242 0.00753408736
v -0.0341469457 0.0146596248 0.00766616419
v -0.0341980019 0.014695255 0.00780100906
v -0.0340958896 0.0148072369 0.00780008533
v -0.0341341801 0.0148479569 0.00793770451
v -0.0341724738 0.0148784972 0.00807809485
v -0.0343064986 0.0147868765 0.00822125323
v -0.0342235331 0.0149293978 0.00836441475
v -0.0343320267 0.0148072369 0.00836441475
v -0.0343511736 0.0148225066 0.00850942058
v -0.0343639392 0.0148326864 0.00865535327
v -0.0342682081 0.0149701179 0.0120865734
v -0.0343958485 0.0148225066 0.00894905982
v -0.0343958485 0.0148225066 0.0120865734
v -0.0344596703 0.0147003457 0.00859069887
v -0.0345809327 0.0145578235 0.00876618445
v -0.034542639 0.0146239947 0.00894905982
v -0.0344788172 0.0147105255 0.00894905982
v -0.0124987082 -0.0230220526 0.00675178734
v -0.0130858652 -0.0228388096 0.00675178734
v -0.0119115503 -0.0231493034 0.00675178734
v -0.0132773298 -0.0227624594 0.00675271107
v -0.0327620195 -0.0148016138 0.00670191253
v -0.0327237289 -0.0146896327 0.00660493093
v -0.032864135 -0.0144860301 0.00651257109
v -0.0330428347 -0.0143791389 0.00651441854
v -0.0329726317 -0.0142773376 0.00642944535
v -0.0331321846 -0.0141704463 0.00643498769
v -0.0330492159 -0.014073735 0.0063574043
v -0.0332725906 -0.0140482854 0.00644422179
v -0.0333874718 -0.013921033 0.00644791669
v -0.0334959685 -0.0139973848 0.00653843222
v -0.0335725528 -0.0138803137 0.00653843222
v -0.0336363745 -0.0137785124 0.00653843222
v -0.0337129588 -0.0136359903 0.00653843222
v -0.0337703994 -0.0134934697 0.00653843222
v -0.0338214555 -0.0133662173 0.00653843222
v -0.0338661305 -0.0132186068 0.00653843222
v -0.0339108054 -0.0130506336 0.00653843222
v -0.0339427179 -0.0128928433 0.00653843222
v -0.0339618647 -0.0127299615 0.00653843222
v -0.0339746272 -0.0125518084 0.00653843222
v -0.0338342212 0.0124301807 0.00643775887
v -0.0338278399 0.012608333 0.00643775887
v -0.0338086931 0.0127763046 0.00643775887
v -0.0339171898 -0.0124296475 0.00649686778
v -0.0339810116 0.0124301807 0.00653843222
v -0.033783165 0.0129340965 0.00643775887
v -0.0337448713 0.0131020682 0.00643775887
v -0.0335980808 0.013066438 0.00634354844
v -0.0335597871 0.0132038695 0.00634354844
v -0.0335980808 0.0135347229 0.00643775887
v -0.0335342591 0.0136568839 0.00643775887
v -0.0334704373 0.013768865 0.00643775887
v -0.0337065776 0.0132496794 0.00643775887
v -0.0113116293 -0.0232256536 0.00675178734
v 0.0292915823 -0.0142162571 0.00702240393
v 0.0292532886 -0.0150204861 0.00702240393
v 0.0291511731 -0.0158298051 0.00702240393
v 0.0287299518 -0.0173924508 0.00702240393
v 0.0289724733 -0.0166187628 0.00702240393
v 0.0284236085 -0.0181406893 0.00702240393
v 0.0276066939 -0.0195506347 0.00702240393
v 0.0280470621 -0.0188583868 0.00702240393
v 0.0271152696 -0.020191982 0.00702240393
v 0.0265727859 -0.0207824286 0.00702240393
v 0.0259728648 -0.0213321544 0.00702240393
v 0.0253218876 -0.0218309795 0.00702240393
v 0.0246389979 -0.0222687242 0.00702240393
v 0.0239241957 -0.0226352085 0.00702240393
v 0.0231774858 -0.0229457008 0.00702240393
v 0.0223988634 -0.0231900242 0.00702240393
v 0.0216074785 -0.0233681757 0.00702240393
v 0.0207969452 -0.0234801569 0.00702240393
v 0.0199927947 -0.0235208777 0.00703903096
v -0.0107053254 -0.0234292562 0.00692912037
v -0.0107053254 -0.023352906 0.00684599463
v 0.0292660542 0.0162579023 0.0074500379
v 0.029444754 0.0154384035 0.0074500379
v 0.0295532507 0.0146138141 0.0074500379
v 0.0295915413 0.0137790456 0.0074500379
v 0.029444754 0.0137790456 0.00722929299
v 0.0293362572 -0.0067287863 0.00707782109
v 0.0269620979 0.0143847619 0.0119480305
v 0.0272237663 0.0144102123 0.0119360252
v 0.0274854347 0.0144356626 0.0119027743
v 0.014874314 -0.0212099919 0.0120865734
v 0.0269940104 0.0137790456 0.0119480305
v 0.0277343375 0.014456023 0.0118455097
v 0.0279832403 0.0144763826 0.0117670026
v 0.0282321462 0.0144967431 0.0116663292
v 0.0284619022 0.0145171035 0.0115471845
v 0.0286788956 0.0145323732 0.0114067942
v 0.0288895047 0.0145527336 0.0112470088
v 0.0293043448 0.0154180439 0.0106688266
v 0.029444754 0.0154384035 0.0104480849
v 0.0295532507 0.0154587632 0.0102153347
v 0.0296553631 0.0154842143 0.00997427099
v 0.0290745888 0.0145680041 0.0110696758
v 0.0292532886 0.0145883645 0.0108775631
v 0.0294128415 0.0146036343 0.0106688266
v 0.0297319505 0.015499484 0.00972397319
v 0.0297893879 0.015499484 0.0094681299
v 0.0298276816 0.0155045739 0.00920951858
v 0.0298404472 0.0155096638 0.00894998354
v 0.0298276816 0.0155045739 0.00868767733
v 0.0297893879 0.015499484 0.00842906601
v 0.0297319505 0.015499484 0.00817322586
v 0.0296553631 0.0154842143 0.00792292806
v 0.0295532507 0.0154587632 0.00768186436
v -0.0336619026 0.013723055 0.00653843222
v -0.0338597492 0.0136568839 0.00665019027
v -0.0339044242 0.0138604865 0.00677302986
v -0.0338342212 0.0139877373 0.00677302986
v -0.0337512525 0.014114989 0.00677302986
v -0.0339427179 0.0140589984 0.00690418296
v -0.0340512146 0.0141200789 0.00704734134
v -0.0341469457 0.0141811601 0.00719973696
v -0.0341277989 0.0144611129 0.00740939718
v -0.0341405645 0.0143847619 0.00736044609
v -0.0342235331 0.0144407525 0.00752577385
v -0.0342426769 0.0145374639 0.00766893222
v -0.0342937362 0.014573094 0.00780378023
v -0.034312883 0.0145934545 0.0078749007
v -0.0342362956 0.014725796 0.00793955195
v -0.0342745893 0.0147563362 0.00807901858
v -0.0343703204 0.0146341745 0.0080799423
v -0.0344086141 0.0146596248 0.00823418537
v -0.0344532891 0.0146901651 0.00850942058
v -0.034542639 0.0146239947 0.0120865734
v -0.0345043453 0.0146341745 0.00859069887
v -0.0346192232 0.0144611129 0.00859069887
v -0.03472772 0.0142982311 0.00876618445
v -0.0347021919 0.0143593116 0.00894905982
v -0.0346319888 0.0144763826 0.00894905982
v -0.0346447545 0.0144611129 0.0120865734
v -0.0125433831 -0.0231849343 0.00692912037
v -0.013143305 -0.0230016914 0.00692912037
v -0.0119434612 -0.023322365 0.00692912037
v -0.0132773298 -0.0228235399 0.00680535706
v -0.0328066944 -0.0149034151 0.00680535706
v -0.0329215724 -0.0148525145 0.00680443333
v -0.0328705162 -0.0147507131 0.0067009888
v -0.03281946 -0.0146438219 0.0066040072
v -0.0329215724 -0.0145929213 0.00660308348
v -0.0330236879 -0.0145369307 0.0066040072
v -0.0331130377 -0.0144809402 0.00660493093
v -0.0331321846 -0.0143231483 0.00651626599
v -0.0332151532 -0.0142620678 0.00651996088
v -0.0332917375 -0.0141958975 0.00652365264
v -0.0333683249 -0.0141297255 0.00652919498
v -0.0334321467 -0.014068645 0.00653473733
v -0.0335534059 -0.0140330157 0.00659107821
v -0.0336874307 -0.0139617538 0.00665019027
v -0.0337576338 -0.0138446828 0.00665019027
v -0.0338406024 -0.0136919808 0.00665019027
v -0.0339044242 -0.0135494603 0.00665019027
v -0.0339554804 -0.013412028 0.00665019027
v -0.0340065397 -0.0132542362 0.00665019027
v -0.0340512146 -0.0130862645 0.00665019027
v -0.0341022708 -0.0127401413 0.00665019027
v -0.0341150364 -0.0125568984 0.00665019027
v -0.0341277989 -0.0124296475 0.00665480574
v -0.0339746272 0.0126185128 0.00653843222
v -0.0339554804 0.0127966651 0.00653843222
v -0.0341277989 0.0124301807 0.00665480574
v -0.033923571 0.0129646367 0.00653843222
v -0.0338852773 0.0131376983 0.00653843222
v -0.0337959275 0.0134380115 0.00653843222
v -0.0337257244 0.0135958034 0.00653843222
v -0.0338406024 0.0132954902 0.00653843222
v -0.0113243933 -0.0233987168 0.00692912037
v 0.029444754 -0.0142162571 0.00722929299
v 0.0294192227 -0.0150357559 0.00722929299
v 0.0293107292 -0.0158501647 0.00722929299
v 0.0288831235 -0.0174433515 0.00722929299
v 0.029125645 -0.0166594837 0.00722929299
v 0.0285640177 -0.0182068597 0.00722929299
v 0.0281810869 -0.0189398285 0.00722929299
v 0.0277407187 -0.0196320748 0.00722929299
v 0.0272365319 -0.0202937833 0.00722929299
v 0.0266812826 -0.0208994996 0.00722929299
v 0.0260749803 -0.0214543153 0.00722929299
v 0.0254176187 -0.0219582304 0.00722929299
v 0.0247219665 -0.0224010649 0.00722929299
v 0.0239880175 -0.022782819 0.00722929299
v 0.0232285435 -0.0230984028 0.00722929299
v 0.0224435383 -0.0233478161 0.00722929299
v 0.0216330066 -0.0235259676 0.00722929299
v 0.0208224748 -0.0236328588 0.00722929299
v 0.0199927947 -0.0236837595 0.00724499629
v -0.0107053254 -0.0235870481 0.00712122984
v -0.0107053254 -0.0235208777 0.00703903096
v -0.0113371574 -0.0235666884 0.00712122984
v 0.0296745099 0.0146239947 0.00768186436
v 0.0295915413 -0.0142162571 0.0074500379
v 0.0297064192 0.0137790456 0.00768186436
v 0.0272556756 0.0137790456 0.0119360252
v 0.027517344 0.0137790456 0.0119027743
v 0.01486155 -0.0214135945 0.0120865734
v 0.0269684791 -0.0148219734 0.0119480305
v 0.0269940104 -0.0142162571 0.0119480305
v 0.0272556756 -0.0067287863 0.011936949
v 0.02776625 0.0137790456 0.0118455097
v 0.028021534 0.0137790456 0.0117670026
v 0.0282576743 0.0137790456 0.0116663292
v 0.0284938146 0.0137790456 0.0115471845
v 0.0287108049 0.0137790456 0.0114067942
v 0.0289214172 0.0137790456 0.0112470088
v 0.0295532507 0.0146138141 0.0104480849
v 0.0296745099 0.0146239947 0.0102153347
v 0.029770241 0.0146341745 0.00997427099
v 0.0291064982 0.0137790456 0.0110696758
v 0.0292915823 0.0137790456 0.0108775631
v 0.029444754 0.0137790456 0.0106688266
v 0.0295915413 0.0137790456 0.0104480849
v 0.0298468284 0.0146341745 0.00972397319
v 0.0299106502 0.0146443551 0.0094681299
v 0.0299425596 0.0146443551 0.00920951858
v 0.0299489408 0.0146443551 0.00894998354
v 0.0299425596 0.0146443551 0.00868767733
v 0.0299106502 0.0146443551 0.00842906601
v 0.0298468284 0.0146341745 0.00817322586
v 0.029770241 0.0146341745 0.00792292806
v -0.033923571 0.0134889122 0.00665019027
v -0.0340512146 0.0135347229 0.00677302986
v -0.0339810116 0.0137128744 0.00677302986
v -0.0340193022 0.013916477 0.00690418296
v -0.0341277989 0.0139775575 0.00704734134
v -0.0342362956 0.0140284582 0.00719973696
v -0.0342362956 0.0142371507 0.00736044609
v -0.0343192643 0.0142880505 0.00752577385
v -0.0343958485 0.0143287714 0.00769848825
v -0.0342937362 0.0144865632 0.00769848825
v -0.034357558 0.0145323732 0.0078749007
v -0.0344086141 0.0145629142 0.00805315745
v -0.0345617858 0.0144305727 0.00823326164
v -0.0344788172 0.0146189048 0.00841244212
v -0.0346894294 0.0142778707 0.00841244212
v -0.0347149575 0.0142880505 0.00859069887
v -0.0348298355 0.0141048091 0.00876618445
v -0.0347021919 0.0143593116 0.0120865734
v -0.012588058 -0.0233478161 0.00712122984
v -0.0132007439 -0.0231543933 0.00712122984
v -0.0132773298 -0.0231289438 0.00712122984
v -0.0132773298 -0.0229507907 0.00692912037
v -0.0119689901 -0.0234801569 0.00712122984
v -0.01372408 -0.0227726392 0.00693004409
v -0.0328449881 -0.0150001249 0.00691434078
v -0.0329598661 -0.0149492243 0.00691341706
v -0.0330811284 -0.0148881438 0.00691249334
v -0.0330300691 -0.0147965239 0.00680443333
v -0.0329790129 -0.0146998125 0.0067009888
v -0.0330811284 -0.014638732 0.0067009888
v -0.0331832408 -0.0145776516 0.00670283625
v -0.0332023876 -0.0144198597 0.0066077021
v -0.0332917375 -0.0143536878 0.00661047327
v -0.0333747061 -0.0142824275 0.00661509189
v -0.0334512936 -0.0142111672 0.00661971051
v -0.0335214966 -0.0141399053 0.00662525286
v -0.0336108465 -0.0140788249 0.00665019027
v -0.0336810495 -0.0141297255 0.00672869738
v -0.0338788961 -0.0139159431 0.00677302986
v -0.0339618647 -0.0137530613 0.00677302986
v -0.0340256865 -0.0136003609 0.00677302986
v -0.0340831239 -0.0134578388 0.00677302986
v -0.0341341801 -0.0132898671 0.00677302986
v -0.0341788551 -0.0131117156 0.00677302986
v -0.0342171488 -0.0129386525 0.00677302986
v -0.0342362956 -0.0127554111 0.00677302986
v -0.0342554425 -0.0125619883 0.00677302986
v -0.0342554425 -0.0124296475 0.00677210613
v -0.0340958896 0.0128170247 0.00665019027
v -0.0340703615 0.0129900871 0.00665019027
v -0.0342490612 0.0126337833 0.00677302986
v -0.0343894673 0.0124301807 0.00690233551
v -0.0340256865 0.0131733293 0.00665019027
v -0.0339810116 0.013336211 0.00665019027
v 0.0295532507 -0.0150459357 0.0074500379
v 0.029444754 -0.0158756143 0.0074500379
v 0.0292660542 -0.0167002045 0.0074500379
v 0.0290171483 -0.0174891622 0.0074500379
v 0.0286852769 -0.0182679402 0.0074500379
v 0.0283087305 -0.0190059988 0.0074500379
v 0.0278555998 -0.0197135165 0.0074500379
v 0.0273450255 -0.0203803133 0.0074500379
v 0.0267833981 -0.0209962094 0.0074500379
v 0.026157949 -0.0215612065 0.0074500379
v 0.0255005874 -0.0220702115 0.0074500379
v 0.0247921695 -0.0225232259 0.0074500379
v 0.0240518393 -0.0229151613 0.0074500379
v 0.0232732184 -0.023235835 0.0074500379
v 0.0224754492 -0.0234801569 0.0074500379
v 0.0216585346 -0.0236684897 0.0074500379
v 0.0208224748 -0.0237702895 0.0074500379
v 0.0199927947 -0.0238059204 0.0074500379
v -0.0107053254 -0.0238161002 0.00746389062
v -0.0107053254 -0.0236837595 0.00724499629
v -0.0113499222 -0.0237041191 0.00732442714
v -0.0119945182 -0.023622679 0.00732442714
v 0.0298085347 0.0137790456 0.00792292806
v 0.0297064192 -0.0142162571 0.00768186436
v 0.0296745099 -0.0150561155 0.00768186436
v 0.029814916 -0.0067287863 0.00792292806
v 0.027447141 -0.0067287863 0.0119129353
v 0.027517344 -0.0067287863 0.011903698
v 0.0277726312 -0.0067287863 0.0118464334
v 0.0148424031 -0.0216426466 0.0120865734
v 0.0268855136 -0.0154276898 0.0119480305
v 0.0271471789 -0.0154684106 0.011936949
v 0.0272301475 -0.0148423331 0.011936949
v 0.0272556756 -0.0142162571 0.011936949
v 0.028021534 -0.0067287863 0.0117679263
v 0.0282640555 -0.0067287863 0.0116681767
v 0.0284363741 -0.0067287863 0.011578588
v 0.0284938146 -0.0142162571 0.0115471845
v 0.0286597488 -0.0067287863 0.01144374
v 0.0287108049 -0.0142162571 0.0114067942
v 0.0289214172 -0.0142162571 0.0112470088
v 0.0291128825 -0.0067287863 0.0110696758
v 0.0297064192 0.0137790456 0.0102153347
v 0.0298085347 0.0137790456 0.00997427099
v 0.0298915034 0.0137790456 0.00972397319
v 0.0292469074 -0.0067287863 0.0109283617
v 0.0292915823 -0.0142162571 0.0108775631
v 0.029444754 -0.0142162571 0.0106688266
v 0.0295532507 -0.0067287863 0.0105081207
v 0.0295915413 -0.0142162571 0.0104480849
v 0.0296808912 -0.0067287863 0.0102790622
v 0.0299489408 0.0137790456 0.0094681299
v 0.029974472 0.0137790456 0.00920951858
v 0.0300000001 0.0137790456 0.00894998354
v 0.029974472 0.0137790456 0.00868767733
v 0.0299489408 0.0137790456 0.00842906601
v 0.0298915034 0.0137790456 0.00817322586
v -0.034108652 0.0133769311 0.00677302986
v -0.0342362956 0.0134227418 0.00690418296
v -0.0341724738 0.0135805329 0.00690418296
v -0.0340958896 0.013768865 0.00690418296
v -0.0342107675 0.0138146757 0.00704734134
v -0.034312883 0.0138655764 0.00719973696
v -0.0344149954 0.0139113871 0.00736044609
v -0.0343256455 0.0140793588 0.00736044609
v -0.0344149954 0.0141251696 0.00752577385
v -0.0344915828 0.0141658896 0.00769848825
v -0.0344596703 0.0143694914 0.0078749007
v -0.0345107296 0.0144051224 0.00805315745
v -0.0346575169 0.0142575103 0.00823326164
v -0.0347851605 0.0140844487 0.00841244212
v -0.0348106886 0.0140946285 0.00859069887
v -0.0348617448 0.0139775575 0.00859069887
v -0.0348808916 0.0139826474 0.00876618445
v -0.0348426011 0.0140793588 0.00894905982
v -0.0348426011 0.0140793588 0.0120865734
v -0.012626351 -0.0234801569 0.00732442714
v -0.0132773298 -0.0232867356 0.00733458496
v -0.0329534848 -0.015264808 0.0072699337
v -0.0329215724 -0.015178278 0.00714709411
v -0.0328832818 -0.0150917464 0.00702794628
v -0.033004541 -0.0150357559 0.00702702255
v -0.0331258034 -0.0149746754 0.00702609883
v -0.0332470626 -0.0149135949 0.00702702255
v -0.0331960064 -0.0148219734 0.00691341706
v -0.0332406813 -0.0146692715 0.00680535706
v -0.0333427968 -0.0145980112 0.0068072045
v -0.0332725906 -0.0145114796 0.00670468056
v -0.0333683249 -0.0144351294 0.00670745173
v -0.0334512936 -0.0143638691 0.00671207035
v -0.0335342591 -0.0142875174 0.00671668897
v -0.0336108465 -0.0142111672 0.00672223132
v -0.0336938151 -0.0142773376 0.00682475212
v -0.0337640181 -0.014190806 0.00683029446
v -0.0338023087 -0.0140330157 0.00677302986
v -0.0339171898 -0.0140991861 0.00690418296
v -0.0339873928 -0.0139770236 0.00690418296
v -0.0340767427 -0.0138090519 0.00690418296
v -0.0341469457 -0.0136512616 0.00690418296
v -0.0342043863 -0.0134985596 0.00690418296
v -0.0342554425 -0.013325498 0.00690418296
v -0.0343064986 -0.0131422551 0.00690418296
v -0.0343703204 -0.0127706808 0.00690418296
v -0.0343830861 -0.0125670797 0.00690418296
v -0.0343894673 -0.0124296475 0.00690325924
v -0.0342299144 0.0128322952 0.00677302986
v -0.0342043863 0.0130155374 0.00677302986
v -0.0341597114 0.0132089594 0.00677302986
v -0.0343767017 0.0126439631 0.00690418296
v -0.034357558 0.0128526556 0.00690418296
v -0.0344915828 -0.0124296475 0.00702055648
v -0.0344915828 0.0124301807 0.00702055648
v 0.0295660132 -0.0158959755 0.00768186436
v 0.0293809322 -0.016725654 0.00768186436
v 0.029125645 -0.017534973 0.00768186436
v 0.0288001548 -0.0183188408 0.00768186436
v 0.028410846 -0.0190670793 0.00768186436
v 0.027951331 -0.0197847768 0.00768186436
v 0.0274407598 -0.0204566651 0.00768186436
v 0.0268663668 -0.0210878309 0.00768186436
v 0.0262409145 -0.0216579179 0.00768186436
v 0.0255707904 -0.0221720128 0.00768186436
v 0.0248559913 -0.0226250272 0.00768186436
v 0.0241028955 -0.0230220526 0.00768186436
v 0.0233178934 -0.0233478161 0.00768186436
v 0.0225137429 -0.0235972279 0.00768186436
v 0.0216840643 -0.0237855608 0.00768186436
v 0.0208352389 -0.0238975419 0.00768186436
v 0.0199927947 -0.0239280813 0.00768186436
v -0.0107053254 -0.023856821 0.00753870284
v -0.0113626862 -0.0238313715 0.00753870284
v -0.0120136651 -0.0237448399 0.00753870284
v -0.0126582619 -0.0236023178 0.00753870284
v 0.029814916 -0.0142162571 0.00792292806
v 0.0297766254 -0.0150713868 0.00792292806
v 0.027517344 -0.0142162571 0.011903698
v 0.0277726312 -0.0142162571 0.0118464334
v 0.0147913469 -0.021856429 0.0120865734
v 0.0267578701 -0.0160232263 0.0119480305
v 0.02726206 -0.0161606585 0.011903698
v 0.0273960848 -0.0155193113 0.011903698
v 0.0274854347 -0.0148677842 0.011903698
v 0.0270131541 -0.0160893967 0.011936949
v 0.028021534 -0.0142162571 0.0117679263
v 0.0282640555 -0.0142162571 0.0116681767
v 0.0284619022 -0.0149594057 0.0115471845
v 0.0286852769 -0.0149746754 0.0114067942
v 0.0288895047 -0.0149899451 0.0112470088
v 0.0291128825 -0.0142162571 0.0110696758
v 0.029814916 -0.0067287863 0.00997427099
v 0.0298915034 -0.0067287863 0.00972489691
v 0.0292532886 -0.0150204861 0.0108775631
v 0.0294192227 -0.0150357559 0.0106688266
v 0.0295532507 -0.0150459357 0.0104480849
v 0.0296745099 -0.0150561155 0.0102162584
v 0.0297064192 -0.0142162571 0.0102162584
v 0.029814916 -0.0142162571 0.00997427099
v 0.0299489408 -0.0067287863 0.00946905362
v 0.0299872345 -0.0067287863 0.00920951858
v 0.0300000001 -0.0142162571 0.00894998354
v 0.0299872345 -0.0067287863 0.00868767733
v 0.0299489408 -0.0067287863 0.00842814229
v 0.0299106502 -0.0067287863 0.00824249574
v 0.0298915034 -0.0142162571 0.00817322586
v -0.0343320267 0.013035897 0.00690418296
v -0.0344022329 0.0132700399 0.00704734134
v -0.0343511736 0.013458372 0.00704734134
v -0.0342937362 0.0136263436 0.00704734134
v -0.0343958485 0.0136670645 0.00719973696
v -0.034497964 0.0137077845 0.00736044609
v -0.0345873139 0.0137434147 0.00752577385
v -0.034497964 0.0139521072 0.00752577385
v -0.0345809327 0.0139877373 0.00769848825
v -0.0345554046 0.0142066097 0.0078749007
v -0.0346064608 0.01423206 0.00805315745
v -0.0347021919 0.0140437287 0.00805315745
v -0.0347532512 0.0140640883 0.00823326164
v -0.0348043074 0.0139521072 0.00823326164
v -0.0348362167 0.0139673777 0.00841244212
v -0.0349064197 0.0138655764 0.00859069887
v -0.0349255666 0.0138706663 0.00876618445
v -0.034931951 0.0138655764 0.0120865734
v -0.0132773298 -0.0233732656 0.0074629669
v -0.0330109254 -0.01541242 0.00752485012
v -0.033119419 -0.0152800777 0.00739369702
v -0.0330875097 -0.0152037275 0.00726808625
v -0.0330492159 -0.0151222874 0.00714524666
v -0.0331704783 -0.0150612054 0.00714524666
v -0.0333427968 -0.0150713868 0.00726808625
v -0.0334129998 -0.0149186848 0.00714709411
v -0.0334704373 -0.014760893 0.00702979372
v -0.0333045031 -0.0147558031 0.00691434078
v -0.0334066155 -0.0146794513 0.00691618823
v -0.033508731 -0.0145980112 0.00691895941
v -0.0334385279 -0.0145216594 0.00681089626
v -0.0336172277 -0.0143638691 0.00681920977
v -0.0337703994 -0.0143435079 0.00693189154
v -0.0338342212 -0.0142417066 0.00691803568
v -0.0340193022 -0.0141704463 0.00704734134
v -0.0340958896 -0.0140381056 0.00704734134
v -0.0341916207 -0.0138650424 0.00704734134
v -0.0342618237 -0.0136970708 0.00704734134
v -0.0343192643 -0.0135392789 0.00704734134
v -0.0343767017 -0.0133662173 0.00704734134
v -0.034427761 -0.0131626163 0.00704734134
v -0.0344660547 -0.0129793733 0.00704734134
v -0.0344915828 -0.0127859521 0.00704734134
v -0.034497964 0.012649053 0.00704734134
v -0.0344788172 0.0128679253 0.00704734134
v -0.0345043453 -0.0125721697 0.00704734134
v -0.0346511357 -0.0124296475 0.00722559809
v -0.0345107296 0.0124301807 0.00704457017
v -0.0346192232 0.0126592336 0.00719973696
v 0.0294766633 -0.0167511036 0.00792292806
v 0.0296617443 -0.0159163351 0.00792292806
v 0.0292213761 -0.0175756938 0.00792292806
v 0.0288958891 -0.0183595617 0.00792292806
v 0.0285001959 -0.0191230699 0.00792292806
v 0.0280406808 -0.0198407673 0.00792292806
v 0.027517344 -0.0205279253 0.00792292806
v 0.0269365698 -0.0211540013 0.00792292806
v 0.0263047363 -0.0217342681 0.00792292806
v 0.0256218466 -0.0222585444 0.00792292806
v 0.0249070475 -0.0227166486 0.00792292806
v 0.0241411892 -0.0231085826 0.00792292806
v 0.0233498043 -0.023439436 0.00792292806
v 0.022539271 -0.0236939393 0.00792292806
v 0.0216904455 -0.0238873621 0.00792292806
v 0.0208480029 -0.0239942533 0.00792292806
v 0.0199927947 -0.0240349725 0.00793400961
v -0.0107053254 -0.0239637123 0.00776406638
v -0.0107053254 -0.0239331712 0.00769387277
v -0.0113690683 -0.0239382611 0.00776406638
v -0.0120328111 -0.0238517311 0.00776406638
v -0.0126837899 -0.023709209 0.00776406638
v -0.0132773298 -0.0234190764 0.00753870284
v 0.0298532097 -0.0150764767 0.00817322586
v 0.0297383317 -0.0159316048 0.00817322586
v 0.0277407187 -0.0148881438 0.0118464334
v 0.014746672 -0.0220244007 0.0120865734
v 0.0147339079 -0.0220651216 0.0120865734
v 0.0265727859 -0.016608583 0.0119480305
v 0.0273003506 -0.0168681762 0.0118464334
v 0.0275045816 -0.016221739 0.0118464334
v 0.0276513689 -0.0155600321 0.0118464334
v 0.0268153075 -0.0167002045 0.011936949
v 0.027057829 -0.0167816446 0.011903698
v 0.0279832403 -0.014908505 0.0117679263
v 0.0282321462 -0.0149288646 0.0116681767
v 0.028366171 -0.0156872829 0.0115471845
v 0.0285767801 -0.0157280038 0.0114067942
v 0.0287873924 -0.0157585432 0.0112470088
v 0.0289724733 -0.0157941742 0.0110696758
v 0.0290745888 -0.0150052148 0.0110696758
v 0.0298915034 -0.0142162571 0.00972489691
v 0.0291511731 -0.0158298051 0.0108775631
v 0.029444754 -0.0158756143 0.0104480849
v 0.0293107292 -0.0158501647 0.0106688266
v 0.0295660132 -0.0158959755 0.0102162584
v 0.0297766254 -0.0150713868 0.00997427099
v 0.0298532097 -0.0150764767 0.00972489691
v 0.0299489408 -0.0142162571 0.00946905362
v 0.0299872345 -0.0142162571 0.00920951858
v 0.0299617064 -0.0150866565 0.00894998354
v 0.0299872345 -0.0142162571 0.00868767733
v 0.0299489408 -0.0142162571 0.00842814229
v 0.0299106502 -0.0150815666 0.00842814229
v -0.0344469078 0.0130613473 0.00704734134
v -0.0345171109 0.0133005801 0.00719973696
v -0.0344596703 0.0134940021 0.00719973696
v -0.0345617858 0.0135245423 0.00736044609
v -0.0346575169 0.0135550834 0.00752577385
v -0.0346702825 0.013768865 0.00769848825
v -0.0347404856 0.013799406 0.0078749007
v -0.0346447545 0.0140182783 0.0078749007
v -0.0347532512 0.0139317468 0.00805315745
v -0.0348489823 0.0138401261 0.00823326164
v -0.0348808916 0.0138553966 0.00841244212
v -0.0349830071 0.0136619738 0.00859069887
v -0.0349638603 0.013768865 0.00876618445
v -0.0349638603 0.0137739557 0.00894905982
v -0.035002154 0.0136670645 0.00894905982
v -0.035002154 0.0136670645 0.0120865734
v -0.0132900938 -0.0234139865 0.00753870284
v -0.0330428347 -0.0154735005 0.0076587744
v -0.0331577127 -0.0153513396 0.00752485012
v -0.0332534469 -0.0152139074 0.00739369702
v -0.0333874718 -0.0151375572 0.00739369702
v -0.033508731 -0.0150561155 0.00739462074
v -0.033464056 -0.0149848552 0.00726900998
v -0.033578934 -0.0149034151 0.00727085743
v -0.0336299933 -0.0147456232 0.00715078587
v -0.0335725528 -0.0146743614 0.0070325649
v -0.0336682839 -0.0145878314 0.00703533607
v -0.0335980808 -0.0145165695 0.0069226543
v -0.0337640181 -0.0144962099 0.00703995469
v -0.0338469836 -0.0144045884 0.00704364644
v -0.0339618647 -0.0143333281 0.00710460595
v -0.0340193022 -0.0143791389 0.00719973696
v -0.0341980019 -0.0140940962 0.00719973696
v -0.0342937362 -0.0139108532 0.00719973696
v -0.0343703204 -0.0137428815 0.00719973696
v -0.0344341422 -0.0135799997 0.00719973696
v -0.0344915828 -0.0133967583 0.00719973696
v -0.034542639 -0.0131931557 0.00719973696
v -0.0345809327 -0.012994643 0.00719973696
v -0.0346064608 -0.0127961319 0.00719973696
v -0.0345936951 0.0128781059 0.00719973696
v -0.0345617858 0.0130817078 0.00719973696
v -0.0347149575 -0.0128063117 0.00736044609
v -0.0347341043 -0.0124296475 0.00735767492
v -0.0346511357 0.0124301807 0.00722559809
v -0.03472772 0.0126694134 0.00736044609
v -0.0347021919 0.0128933757 0.00736044609
v 0.0295532507 -0.0167714648 0.00817322586
v 0.0292915823 -0.0175960535 0.00817322586
v 0.0289597109 -0.0183951926 0.00817322586
v 0.0285640177 -0.0191587008 0.00817322586
v 0.0281045026 -0.019891668 0.00817322586
v 0.0275747846 -0.0205737361 0.00817322586
v 0.0269940104 -0.0212099919 0.00817322586
v 0.0263557956 -0.0217902587 0.00817322586
v 0.0256665215 -0.0223196248 0.00817322586
v 0.0249453412 -0.022782819 0.00817322586
v 0.0241731016 -0.0231798444 0.00817322586
v 0.0233817152 -0.0235106979 0.00817322586
v 0.0225584178 -0.0237702895 0.00817322586
v 0.0217159752 -0.0239586224 0.00817322586
v 0.020860767 -0.0240706035 0.00817322586
v 0.0199927947 -0.0241113243 0.00817322586
v -0.0107053254 -0.0241164142 0.00818153938
v -0.0107053254 -0.0240349725 0.00793400961
v -0.0113818323 -0.0240247927 0.00799589284
v -0.0120455759 -0.0239382611 0.00799589284
v -0.0127029368 -0.0237957406 0.00799589284
v -0.0132773298 -0.0236124992 0.00796726053
v -0.0133283867 -0.0235157878 0.00776314265
v 0.0297957723 -0.0159417862 0.00842814229
v 0.0278938904 -0.0156109327 0.0117679263
v 0.0146509393 -0.022278904 0.0120865734
v 0.02634303 -0.0171684886 0.0119480305
v 0.0270450665 -0.0174942521 0.0118464334
v 0.0275301097 -0.0169547062 0.0117679263
v 0.0277471031 -0.0162879094 0.0117679263
v 0.0268089262 -0.0173873609 0.011903698
v 0.0265727859 -0.0172753798 0.011936949
v 0.0281300307 -0.0156465621 0.0116681767
v 0.0284172272 -0.0164660609 0.0114067942
v 0.0279768591 -0.0163489898 0.0116681767
v 0.028206615 -0.0164100703 0.0115471845
v 0.0288065392 -0.0165729521 0.0110696758
v 0.0286150738 -0.0165220514 0.0112470088
v 0.0299106502 -0.0150815666 0.00946905362
v 0.0289724733 -0.0166187628 0.0108775631
v 0.0292660542 -0.0167002045 0.0104480849
v 0.029125645 -0.0166594837 0.0106688266
v 0.0293809322 -0.016725654 0.0102162584
v 0.0294766633 -0.0167511036 0.00997427099
v 0.0296617443 -0.0159163351 0.00997427099
v 0.0297383317 -0.0159316048 0.00972489691
v 0.0297957723 -0.0159417862 0.00946905362
v 0.0299489408 -0.0150866565 0.00920951858
v 0.0298404472 -0.015951966 0.00894998354
v 0.0299489408 -0.0150866565 0.00868767733
v -0.0346702825 0.0131020682 0.00736044609
v -0.0346192232 0.0133260304 0.00736044609
v -0.0347149575 0.0133514808 0.00752577385
v -0.0347979261 0.0133718412 0.00769848825
v -0.0347341043 0.0135805329 0.00769848825
v -0.0348106886 0.0136059832 0.0078749007
v -0.0347979261 0.0138197656 0.00805315745
v -0.0348681292 0.0136212537 0.00805315745
v -0.0349191853 0.0136365242 0.00823326164
v -0.034957479 0.013651794 0.00841244212
v -0.0349957727 0.0136670645 0.00876618445
v -0.0350468289 0.0134329216 0.00859069887
v -0.0350595914 0.0134380115 0.00876618445
v -0.0350595914 0.013458372 0.00894905982
v -0.035072357 0.0134329216 0.0120865734
v -0.0330683628 -0.0155294911 0.00779546985
v -0.0332151532 -0.0154684106 0.00779546985
v -0.0331832408 -0.01541242 0.0076587744
v -0.03332365 -0.0153411598 0.0076587744
v -0.0332917375 -0.0152800777 0.00752485012
v -0.0334257623 -0.0152037275 0.00752485012
v -0.0335534059 -0.015117196 0.00752485012
v -0.0336299933 -0.0149695855 0.00739554446
v -0.0336874307 -0.0148117936 0.00727270487
v -0.0337321057 -0.0146540018 0.00715355704
v -0.0338278399 -0.0145623803 0.00715725193
v -0.0339171898 -0.014460579 0.00716094683
v -0.0339810116 -0.0145165695 0.00728193897
v -0.0340448302 -0.0145674702 0.00740570543
v -0.0340767427 -0.0144198597 0.00730872383
v -0.0342043863 -0.0142875174 0.00736044609
v -0.0342937362 -0.0141449968 0.00736044609
v -0.0343894673 -0.0139617538 0.00736044609
v -0.0344660547 -0.0137836023 0.00736044609
v -0.0345298733 -0.0136156307 0.00736044609
v -0.0345936951 -0.0134272978 0.00736044609
v -0.0346447545 -0.0132186068 0.00736044609
v -0.034683045 -0.0130150042 0.00736044609
v -0.0347851605 -0.0130302739 0.00752669757
v -0.0348106886 -0.0128164915 0.00752669757
v -0.0348362167 -0.0124296475 0.00752300268
v -0.0347341043 0.0124301807 0.00735767492
v -0.0347851605 0.0124301807 0.00744172438
v -0.0348234542 0.0126745033 0.00752577385
v -0.0347979261 0.0129086462 0.00752577385
v -0.0347660137 0.0131224286 0.00752577385
v 0.0296043069 -0.0167867345 0.00842814229
v 0.0293426385 -0.0176164131 0.00842814229
v 0.0290171483 -0.0184155522 0.00842814229
v 0.0286150738 -0.0191892402 0.00842814229
v 0.0281491776 -0.019922209 0.00842814229
v 0.0276130783 -0.0206093654 0.00842814229
v 0.0270386853 -0.0212456228 0.00842814229
v 0.0263940862 -0.0218411593 0.00842814229
v 0.0257048152 -0.0223705255 0.00842814229
v 0.0249708693 -0.0228337197 0.00842814229
v 0.0241986297 -0.023235835 0.00842814229
v 0.0233944792 -0.0235666884 0.00842814229
v 0.0225711819 -0.02382628 0.00842814229
v 0.0217159752 -0.0240197028 0.00842814229
v 0.020860767 -0.0241316839 0.00842814229
v 0.0199927947 -0.024162225 0.00842814229
v -0.0107053254 -0.0241724048 0.00848078827
v -0.0113882151 -0.0241418638 0.00848078827
v -0.0113818323 -0.024096053 0.00823695654
v -0.01205834 -0.024009523 0.00823695654
v -0.0127220829 -0.023861911 0.00823695654
v -0.0132773298 -0.0236837595 0.00819816327
v -0.0132773298 -0.023622679 0.00799589284
v -0.0133602976 -0.0235972279 0.00799589284
v -0.0332406813 -0.0155193113 0.00793493333
v 0.0298276816 -0.015951966 0.00868767733
v 0.0145360613 -0.022513046 0.0120865734
v 0.0262792082 -0.0178403753 0.011936949
v 0.0260558335 -0.0177080346 0.0119480305
v 0.026732342 -0.0180999685 0.0118464334
v 0.0269493323 -0.0182272209 0.0117679263
v 0.02726206 -0.0176011434 0.0117679263
v 0.02776625 -0.0170412378 0.0116681767
v 0.0265025829 -0.0179727176 0.011903698
v 0.0281810869 -0.0171939397 0.0114067942
v 0.0283853179 -0.0172652 0.0112470088
v 0.0279768591 -0.017117588 0.0115471845
v 0.0285640177 -0.0173313704 0.0110696758
v 0.0287299518 -0.0173924508 0.0108775631
v 0.0288831235 -0.0174433515 0.0106688266
v 0.0290171483 -0.0174891622 0.0104480849
v 0.029125645 -0.017534973 0.0102162584
v 0.0292213761 -0.0175756938 0.00997427099
v 0.0295532507 -0.0167714648 0.00972489691
v 0.0296043069 -0.0167867345 0.00946905362
v 0.0298276816 -0.015951966 0.00920951858
v 0.0296553631 -0.0167969143 0.00894998354
v -0.0348489823 0.0131326084 0.00769848825
v -0.0349255666 0.0131478789 0.0078749007
v -0.0348681292 0.0133922016 0.0078749007
v -0.0349255666 0.0134074713 0.00805315745
v -0.0349830071 0.0134227418 0.00823326164
v -0.0350468289 0.01330567 0.00841244212
v -0.035072357 0.0133107607 0.00859069887
v -0.0350915039 0.0133158506 0.00876618445
v -0.0350978851 0.0133158506 0.00894905982
v -0.0350978851 0.0133107607 0.0120865734
v -0.0333810874 -0.015448051 0.00793400961
v -0.0333555593 -0.0153971503 0.00779546985
v -0.0334576748 -0.015264808 0.0076587744
v -0.0335916996 -0.0151731865 0.0076587744
v -0.0337129588 -0.0150815666 0.00765969813
v -0.0336746683 -0.015025576 0.00752669757
v -0.0337895462 -0.0149288646 0.0075276213
v -0.03373849 -0.0148728741 0.00739739191
v -0.0337895462 -0.0147201721 0.00727547605
v -0.0338916586 -0.0146183708 0.0072791678
v -0.0341022708 -0.0146132809 0.00753408736
v -0.0341852394 -0.0144962099 0.00752577385
v -0.0339490991 -0.0146743614 0.00740201053
v -0.0342873518 -0.014338418 0.00752669757
v -0.0343767017 -0.0141958975 0.00752669757
v -0.0344788172 -0.0140024747 0.00752669757
v -0.0345617858 -0.0138243232 0.00752669757
v -0.0346256076 -0.0136461701 0.00752669757
v -0.034683045 -0.0134527489 0.00752669757
v -0.0347404856 -0.0132389665 0.00752669757
v -0.0348234542 -0.0132542362 0.00769848825
v -0.0348681292 -0.0130404538 0.00769848825
v -0.0348936572 -0.0128266713 0.00769848825
v -0.0349128041 -0.0125925293 0.00769848825
v -0.0349064197 -0.0124296475 0.0076717034
v -0.0349064197 0.0124301807 0.0076717034
v -0.0348298355 0.0124301807 0.00752300268
v -0.0349064197 0.0126795932 0.00769848825
v -0.034887276 0.012918826 0.00769848825
v 0.0293809322 -0.0176265945 0.00868767733
v 0.0296362162 -0.0167969143 0.00868767733
v 0.0290490608 -0.0184308219 0.00868767733
v 0.0286469832 -0.0192096014 0.00868767733
v 0.0281747057 -0.0199374787 0.00868767733
v 0.0276449876 -0.0206348165 0.00868767733
v 0.0270514478 -0.0212761638 0.00868767733
v 0.0264196142 -0.021861519 0.00868767733
v 0.0257239621 -0.0223908851 0.00868767733
v 0.0249900162 -0.0228591708 0.00868767733
v 0.0242113922 -0.0232612845 0.00868767733
v 0.0234072433 -0.0235972279 0.00868767733
v 0.0225775647 -0.023856821 0.00868767733
v 0.0217287392 -0.0240451524 0.00868767733
v 0.020860767 -0.024162225 0.00868767733
v 0.0199927947 -0.0241978543 0.00868767733
v -0.0107053254 -0.0242029442 0.00872831804
v -0.0113945971 -0.0241724048 0.00872831804
v -0.012064722 -0.0240553337 0.00848078827
v -0.0127348477 -0.0239128116 0.00848078827
v -0.0133794445 -0.0236633983 0.00823603282
v -0.0331258034 -0.0156669233 0.00822032951
v -0.0332598282 -0.015565122 0.00807624741
v 0.0144275646 -0.022696289 0.0120865734
v 0.0257303433 -0.0182272209 0.0119480305
v 0.0259409555 -0.0183748314 0.011936949
v 0.0263685581 -0.0186751454 0.0118464334
v 0.0271535633 -0.0183493818 0.0116681767
v 0.0274854347 -0.0177029447 0.0116681767
v 0.0265727859 -0.018812576 0.0117679263
v 0.0276960438 -0.017804746 0.0115471845
v 0.0261515646 -0.0185224434 0.011903698
v 0.0278938904 -0.0179014574 0.0114067942
v 0.0280789745 -0.0179828975 0.0112470088
v 0.0282576743 -0.0180643391 0.0110696758
v 0.0284236085 -0.0181406893 0.0108775631
v 0.0285640177 -0.0182068597 0.0106688266
v 0.0286852769 -0.0182679402 0.0104480849
v 0.0288001548 -0.0183188408 0.0102162584
v 0.0292915823 -0.0175960535 0.00972489691
v 0.0288958891 -0.0183595617 0.00997427099
v 0.0293426385 -0.0176164131 0.00946905362
v 0.0296362162 -0.0167969143 0.00920951858
v 0.0293809322 -0.0176265945 0.00920951858
v 0.0293936947 -0.0176316844 0.00894998354
v -0.034957479 0.0129239159 0.0078749007
v -0.0350213008 0.0129340965 0.00805315745
v -0.0349830071 0.0131631487 0.00805315745
v -0.0350340633 0.0131733293 0.00823326164
v -0.035072357 0.0131784192 0.00841244212
v -0.0350978851 0.0131835091 0.00859069887
v -0.0351170319 0.0131835091 0.00876618445
v -0.0351361788 0.0131224286 0.00894905982
v -0.0351361788 0.0131224286 0.0120865734
v -0.0334066155 -0.0154887702 0.00807624741
v -0.0335534059 -0.0154073301 0.00807624741
v -0.0335214966 -0.0153666093 0.00793493333
v -0.0334959685 -0.0153157087 0.00779546985
v -0.0336299933 -0.0152240872 0.00779546985
v -0.0337512525 -0.0151324673 0.00779639358
v -0.0338342212 -0.0149797653 0.00766062185
v -0.033898043 -0.0148270633 0.00752946874
v -0.0338469836 -0.0147710728 0.00740016309
v -0.0340001553 -0.014725262 0.00753223992
v -0.0340512146 -0.0147710728 0.00766431675
v -0.0341980019 -0.0146947226 0.00780100906
v -0.0342426769 -0.0145369307 0.00766893222
v -0.0344532891 -0.0142366167 0.00769848825
v -0.0345554046 -0.0140381056 0.00769848825
v -0.0346383701 -0.0138548626 0.00769848825
v -0.0347021919 -0.0136767111 0.00769848825
v -0.0347660137 -0.0134781984 0.00769848825
v -0.0349000385 -0.0132745974 0.0078749007
v -0.0349383322 -0.0130557251 0.0078749007
v -0.0349702415 -0.0128317612 0.0078749007
v -0.0350085352 -0.0124296475 0.00791091965
v -0.0350085352 0.0124301807 0.00791091965
v -0.0349830071 0.0126795932 0.0078749007
v 0.0290490608 -0.0184359119 0.00894998354
v 0.0286533675 -0.0192146914 0.00894998354
v 0.0281810869 -0.0199476585 0.00894998354
v 0.0276513689 -0.0206399065 0.00894998354
v 0.0270642134 -0.0212863436 0.00894998354
v 0.0264196142 -0.0218717003 0.00894998354
v 0.0257303433 -0.0224010649 0.00894998354
v 0.0249963974 -0.0228693506 0.00894998354
v 0.0242177766 -0.0232714643 0.00894998354
v 0.0234072433 -0.0236074077 0.00894998354
v 0.0225839459 -0.0238670009 0.00894998354
v 0.0217287392 -0.0240604237 0.00894998354
v 0.020860767 -0.0241724048 0.00894998354
v 0.0199927947 -0.0242182155 0.00894998354
v -0.0107053254 -0.0242182155 0.00894998354
v -0.0113945971 -0.0241774947 0.00894998354
v -0.012071104 -0.0240858732 0.00872831804
v -0.0127476117 -0.0239382611 0.00872831804
v -0.0133985906 -0.023709209 0.00847986455
v -0.0331449502 -0.0156974628 0.00836349103
v -0.033278975 -0.0156007514 0.00821940578
v -0.0334321467 -0.0155244012 0.00821940578
v 0.0142935398 -0.0228846203 0.0120865734
v 0.0253601782 -0.0187107747 0.0119480305
v 0.0255516435 -0.0188838379 0.011936949
v 0.0257558714 -0.0190416298 0.011903698
v 0.0259473368 -0.0192146914 0.0118464334
v 0.0273514099 -0.018461363 0.0115471845
v 0.0267642513 -0.0189500083 0.0116681767
v 0.0269620979 -0.0190874389 0.0115471845
v 0.0261388021 -0.0193673933 0.0117679263
v 0.0263302644 -0.0195302751 0.0116681767
v 0.0275492565 -0.0185682542 0.0114067942
v 0.0277215719 -0.0186751454 0.0112470088
v 0.0278938904 -0.0187769467 0.0110696758
v 0.0280470621 -0.0188583868 0.0108775631
v 0.0281810869 -0.0189398285 0.0106688266
v 0.0283087305 -0.0190059988 0.0104480849
v 0.028410846 -0.0190670793 0.0102162584
v 0.0285001959 -0.0191230699 0.00997427099
v 0.0289597109 -0.0183951926 0.00972489691
v 0.0290171483 -0.0184155522 0.00946905362
v 0.0290490608 -0.0184308219 0.00920951858
v -0.0350468289 0.0126846839 0.00805315745
v -0.035072357 0.0129391864 0.00823326164
v -0.0351106507 0.0129493662 0.00841244212
v -0.0351361788 0.0129493662 0.00859069887
v -0.0351553257 0.0129544561 0.00876618445
v -0.0351617069 0.0129544561 0.00894905982
v -0.0351617069 0.0129340965 0.0120865734
v -0.0335725528 -0.0154429595 0.00821940578
v -0.0337129588 -0.0153513396 0.00821940578
v -0.0336874307 -0.0153157087 0.00807624741
v -0.0337895462 -0.0151731865 0.00793585706
v -0.0339108054 -0.0150713868 0.00793585706
v -0.0338725149 -0.0150306659 0.0077973173
v -0.0339873928 -0.0149237747 0.00779824103
v -0.0339427179 -0.014877964 0.0076624693
v -0.0340958896 -0.0148117936 0.00780008533
v -0.0342745893 -0.0145623803 0.00775760031
v -0.0341341801 -0.014847423 0.00793770451
v -0.0342745893 -0.014760893 0.00807901858
v -0.0343511736 -0.0146183708 0.00799774029
v -0.0345171109 -0.0142773376 0.0078749007
v -0.0346192232 -0.014073735 0.0078749007
v -0.0347085763 -0.0138803137 0.0078749007
v -0.0347723949 -0.0136970708 0.0078749007
v -0.0348426011 -0.0134934697 0.0078749007
v -0.0349000385 -0.0135138294 0.00805408117
v -0.034957479 -0.0132898671 0.00805408117
v -0.035002154 -0.0130659049 0.00805408117
v -0.0350340633 -0.0128419426 0.00805408117
v -0.0350532102 -0.0125976192 0.00805408117
v -0.0350595914 -0.0124296475 0.00805223372
v -0.0350595914 0.0124301807 0.00805223372
v 0.0286469832 -0.0192096014 0.00920951858
v 0.0281747057 -0.0199374787 0.00920951858
v 0.0276449876 -0.0206348165 0.00920951858
v 0.0270514478 -0.0212761638 0.00920951858
v 0.0264196142 -0.021861519 0.00920951858
v 0.0257239621 -0.0223908851 0.00920951858
v 0.0249900162 -0.0228591708 0.00920951858
v 0.0242113922 -0.0232612845 0.00920951858
v 0.0234072433 -0.0235972279 0.00920951858
v 0.0225775647 -0.023856821 0.00920951858
v 0.0217287392 -0.0240451524 0.00920951858
v 0.020860767 -0.024162225 0.00920951858
v 0.0199927947 -0.0241978543 0.00920951858
v 0.0114662482 -0.0242182155 0.0120865734
v -0.0107053254 -0.0242182155 0.0120865734
v -0.0120264291 -0.0241062344 0.0120865734
v -0.012071104 -0.0240909631 0.00894998354
v -0.0113945971 -0.0241774947 0.0120865734
v -0.0127476117 -0.0239433526 0.00894998354
v -0.0132773298 -0.0237855608 0.00890472735
v -0.0134113546 -0.0237346601 0.00872739432
v -0.0331640939 -0.0157432735 0.00865627699
v -0.0331577127 -0.0157229139 0.00850942058
v -0.0332981219 -0.0156312924 0.00836349103
v -0.0334449092 -0.0155600321 0.00836349103
v 0.0141403681 -0.0230729532 0.0120865734
v 0.0249453412 -0.0191587008 0.0119480305
v 0.0251304222 -0.0193470321 0.011936949
v 0.025309122 -0.019535365 0.011903698
v 0.0254942061 -0.0197084266 0.0118464334
v 0.0256665215 -0.019891668 0.0117679263
v 0.0271344164 -0.0192146914 0.0114067942
v 0.0265025829 -0.0196727956 0.0115471845
v 0.0266749014 -0.0198153178 0.0114067942
v 0.02583884 -0.0200545497 0.0116681767
v 0.0260047773 -0.0202174315 0.0115471845
v 0.027306735 -0.0193368523 0.0112470088
v 0.0274662879 -0.0194437435 0.0110696758
v 0.0276066939 -0.0195506347 0.0108775631
v 0.0277407187 -0.0196320748 0.0106688266
v 0.0278555998 -0.0197135165 0.0104480849
v 0.027951331 -0.0197847768 0.0102162584
v 0.0285640177 -0.0191587008 0.00972489691
v 0.0280406808 -0.0198407673 0.00997427099
v 0.0281045026 -0.019891668 0.00972489691
v 0.0286150738 -0.0191892402 0.00946905362
v -0.0350915039 0.0124301807 0.0081575257
v -0.0351106507 0.0124301807 0.00823233792
v -0.0350915039 0.0126897738 0.00823326164
v -0.0351361788 0.0126897738 0.00841244212
v -0.0351617069 0.0126948638 0.00859069887
v -0.0351680881 0.0128272053 0.00876618445
v -0.0351808537 0.0126948638 0.00876618445
v -0.0351936162 0.0125625222 0.00894905982
v -0.0351808537 0.0127661248 0.0120865734
v -0.0335916996 -0.0154684106 0.00836349103
v -0.0337321057 -0.0153767891 0.00836349103
v -0.0338661305 -0.0152749878 0.00836349103
v -0.0338406024 -0.0152495383 0.00822032951
v -0.0338150743 -0.0152189973 0.00807624741
v -0.0339427179 -0.015112106 0.00807717113
v -0.0340256865 -0.0149644956 0.00793678078
v -0.0344213766 -0.0144249496 0.0078749007
v -0.0341724738 -0.014877964 0.00807809485
v -0.0341980019 -0.014908505 0.00822032951
v -0.0343064986 -0.0147812526 0.00822125323
v -0.0344086141 -0.0146590917 0.00824434319
v -0.0344788172 -0.014460579 0.00805408117
v -0.0345681671 -0.0143078786 0.00805408117
v -0.0346766638 -0.0140991861 0.00805408117
v -0.0347660137 -0.0139057633 0.00805408117
v -0.0348362167 -0.0137225219 0.00805408117
v -0.0349510947 -0.0135290991 0.00823418537
v -0.0350085352 -0.013294957 0.00823418537
v -0.0350532102 -0.0130709948 0.00823418537
v -0.0351234132 -0.0128419426 0.00841244212
v -0.0350978851 -0.0125976192 0.00823418537
v -0.0350915039 -0.0124296475 0.0081575257
v 0.0281491776 -0.019922209 0.00946905362
v 0.0276130783 -0.0206093654 0.00946905362
v 0.0270386853 -0.0212456228 0.00946905362
v 0.0263940862 -0.0218411593 0.00946905362
v 0.0257048152 -0.0223705255 0.00946905362
v 0.0249708693 -0.0228337197 0.00946905362
v 0.0241986297 -0.023235835 0.00946905362
v 0.0233944792 -0.0235666884 0.00946905362
v 0.0225711819 -0.02382628 0.00946905362
v 0.0217159752 -0.0240197028 0.00946905362
v 0.020860767 -0.0241316839 0.00946905362
v 0.020860767 -0.0240706035 0.00972489691
v 0.0118491774 -0.0241876745 0.0120865734
v -0.0127476117 -0.0239433526 0.0120865734
v -0.0133666797 -0.0237601097 0.0120865734
v -0.0134113546 -0.02373975 0.00894905982
v -0.0331768595 -0.0157534533 0.00880220654
v -0.03332365 -0.0156720132 0.00865627699
v -0.0333108844 -0.0156567419 0.00850942058
v -0.033464056 -0.0155803917 0.00850942058
v -0.0336044621 -0.0154938601 0.00850942058
v 0.0140573995 -0.0231594832 0.0120865734
v 0.0139489027 -0.0232663744 0.0120865734
v 0.0138659357 -0.0233478161 0.0120865734
v 0.0244922074 -0.0195709943 0.0119480305
v 0.0246581447 -0.0197796869 0.011936949
v 0.0248240789 -0.0199781996 0.011903698
v 0.0249963974 -0.0201665309 0.0118464334
v 0.0251559503 -0.0203599537 0.0117679263
v 0.025309122 -0.0205431951 0.0116681767
v 0.026157949 -0.0203752234 0.0114067942
v 0.0263047363 -0.0205279253 0.0112470088
v 0.0268344543 -0.0199476585 0.0112470088
v 0.0254559124 -0.0207213466 0.0115471845
v 0.0256026997 -0.0208893182 0.0114067942
v 0.0269748635 -0.0200800009 0.0110696758
v 0.0271152696 -0.020191982 0.0108775631
v 0.0272365319 -0.0202937833 0.0106688266
v 0.0273450255 -0.0203803133 0.0104480849
v 0.0274407598 -0.0204566651 0.0102162584
v 0.027517344 -0.0205279253 0.00997427099
v 0.0275747846 -0.0205737361 0.00972489691
v -0.0351489413 -0.0124296475 0.00840967095
v -0.0351489413 0.0124301807 0.00840967095
v -0.0351680881 0.0125625222 0.00859069887
v -0.035187235 0.0125625222 0.00876618445
v -0.0352000006 0.0124301807 0.00894905982
v -0.0352000006 0.0124301807 0.0120865734
v -0.0351936162 0.0125472525 0.0120865734
v -0.0337448713 -0.0154022402 0.00850942058
v -0.0338788961 -0.0153004389 0.00850942058
v -0.0340065397 -0.0151884578 0.00850942058
v -0.0339873928 -0.0151680966 0.00836441475
v -0.033968246 -0.0151426471 0.00822032951
v -0.0340895052 -0.015025576 0.00822032951
v -0.0340575959 -0.0150001249 0.00807809485
v -0.0342235331 -0.0149288646 0.00836441475
v -0.0343320267 -0.0148067037 0.00836441475
v -0.034427761 -0.0146743614 0.00836441475
v -0.0345554046 -0.0145114796 0.00841244212
v -0.0346192232 -0.0143282382 0.00823418537
v -0.03472772 -0.0141246356 0.00823418537
v -0.0348106886 -0.0139261245 0.00823418537
v -0.034887276 -0.0137377916 0.00823418537
v -0.0349893884 -0.0135392789 0.00841244212
v -0.0350468289 -0.0133051368 0.00841244212
v -0.0350915039 -0.0130811746 0.00841244212
v -0.0351170319 -0.0130862645 0.00859069887
v -0.0351489413 -0.0128419426 0.00859069887
v -0.0351680881 -0.0126027091 0.00859069887
v 0.0269940104 -0.0212099919 0.00972489691
v 0.0263557956 -0.0217902587 0.00972489691
v 0.0256665215 -0.0223196248 0.00972489691
v 0.0249453412 -0.022782819 0.00972489691
v 0.0241731016 -0.0231798444 0.00972489691
v 0.0233817152 -0.0235106979 0.00972489691
v 0.0225584178 -0.0237702895 0.00972489691
v 0.0217159752 -0.0239586224 0.00972489691
v 0.0208480029 -0.0239942533 0.00997427099
v 0.0216904455 -0.0238873621 0.00997427099
v 0.0208352389 -0.0238975419 0.0102162584
v 0.0120534052 -0.024162225 0.0120865734
v -0.03332365 -0.0156923728 0.0120865734
v -0.0333300312 -0.0156872829 0.00894905982
v -0.0333300312 -0.015682193 0.00880220654
v -0.0334704373 -0.0155956615 0.00865627699
v -0.0336172277 -0.0155142214 0.00865627699
v 0.0137446749 -0.023439436 0.0120865734
v 0.0240135456 -0.0199425686 0.0119480305
v 0.0241539548 -0.0201563511 0.011936949
v 0.0243071264 -0.0203701335 0.011903698
v 0.0244539137 -0.020578826 0.0118464334
v 0.0246007042 -0.0207824286 0.0117679263
v 0.024734729 -0.0209809397 0.0116681767
v 0.0248687538 -0.0211794524 0.0115471845
v 0.0264451455 -0.0206602661 0.0110696758
v 0.0257367277 -0.0210471101 0.0112470088
v 0.0249963974 -0.021352514 0.0114067942
v 0.0251176566 -0.0215255756 0.0112470088
v 0.0265727859 -0.0207824286 0.0108775631
v 0.0266812826 -0.0208994996 0.0106688266
v 0.0267833981 -0.0209962094 0.0104480849
v 0.0268663668 -0.0210878309 0.0102162584
v 0.0269365698 -0.0211540013 0.00997427099
v -0.0351744725 -0.0124296475 0.00859069887
v -0.0351808537 0.0124301807 0.00866643482
v -0.0352000006 -0.0124296475 0.00894905982
v -0.0352000006 -0.0124296475 0.0120865734
v -0.0337576338 -0.01541751 0.00865627699
v -0.0338916586 -0.0153157087 0.00865627699
v -0.0340193022 -0.0152037275 0.00865535327
v -0.0341277989 -0.0150713868 0.00850942058
v -0.034108652 -0.0150510256 0.00836441475
v -0.0342426769 -0.0149492243 0.00850942058
v -0.0343511736 -0.0148219734 0.00850942058
v -0.0344469078 -0.0146896327 0.00849187296
v -0.0345809327 -0.0145267509 0.00859069887
v -0.0346511357 -0.0143485978 0.00841244212
v -0.0347596324 -0.0141348154 0.00841244212
v -0.0348489823 -0.0139413942 0.00841244212
v -0.0349191853 -0.0137479714 0.00841244212
v -0.0349447134 -0.0137581512 0.00859069887
v -0.0350149165 -0.0135443704 0.00859069887
v -0.035072357 -0.0133102267 0.00859069887
v -0.0351170319 -0.0131982456 0.00876618445
v -0.0351361788 -0.0130862645 0.00876618445
v -0.0351680881 -0.0128521225 0.00876618445
v -0.035187235 -0.0126027091 0.00876618445
v 0.0263047363 -0.0217342681 0.00997427099
v 0.0256218466 -0.0222585444 0.00997427099
v 0.0249070475 -0.0227166486 0.00997427099
v 0.0241411892 -0.0231085826 0.00997427099
v 0.0233498043 -0.023439436 0.00997427099
v 0.022539271 -0.0236939393 0.00997427099
v 0.0225137429 -0.0235972279 0.0102162584
v 0.0216840643 -0.0237855608 0.0102162584
v 0.0122384878 -0.0241316839 0.0120865734
v 0.0216585346 -0.0236684897 0.0104480849
v 0.0216330066 -0.0235259676 0.0106688266
v -0.0334449092 -0.0156262025 0.0120865734
v -0.0334449092 -0.0156262025 0.00894905982
v -0.0334768216 -0.0156058413 0.00880220654
v -0.0336236089 -0.0155193113 0.00880220654
v 0.0135468283 -0.0235870481 0.0120865734
v 0.0236242367 -0.0204973843 0.011936949
v 0.0237582615 -0.0207213466 0.011903698
v 0.0238859051 -0.0209504003 0.0118464334
v 0.0240007831 -0.0211641827 0.0117679263
v 0.0241284267 -0.0213677837 0.0116681767
v 0.0242369234 -0.0215713863 0.0115471845
v 0.0243518014 -0.0217597177 0.0114067942
v 0.0258579869 -0.0211947221 0.0110696758
v 0.0259728648 -0.0213321544 0.0108775631
v 0.0252261533 -0.0216833675 0.0110696758
v 0.0244539137 -0.0219480505 0.0112470088
v 0.0245560292 -0.0221109323 0.0110696758
v 0.0260749803 -0.0214543153 0.0106688266
v 0.026157949 -0.0215612065 0.0104480849
v 0.0262409145 -0.0216579179 0.0102162584
v -0.0351936162 -0.0126027091 0.00894905982
v -0.0351744725 -0.0128623023 0.0120865734
v -0.0337640181 -0.0154225999 0.00880220654
v -0.033898043 -0.0153207986 0.00880220654
v -0.0340256865 -0.0152139074 0.00880220654
v -0.0341405645 -0.0150866565 0.00865535327
v -0.0342554425 -0.0149644956 0.00865535327
v -0.0343639392 -0.0148321532 0.00865535327
v -0.0344660547 -0.0146998125 0.00865535327
v -0.0345936951 -0.0145318408 0.00876618445
v -0.0346894294 -0.014374049 0.00876618445
v -0.0346766638 -0.0143638691 0.00859069887
v -0.0344724359 -0.0147049024 0.00873755214
v -0.0345362577 -0.0146183708 0.00876618445
v -0.0347851605 -0.0141500867 0.00859069887
v -0.0348745104 -0.013951574 0.00859069887
v -0.0349638603 -0.0137683326 0.00876618445
v -0.0350340633 -0.0135494603 0.00876618445
v -0.0350659758 -0.0134374792 0.00876618445
v -0.035072357 -0.0134374792 0.00894905982
v -0.0350978851 -0.0133153167 0.00894905982
v -0.0351361788 -0.0131117156 0.00894905982
v -0.0351744725 -0.0128521225 0.00894905982
v 0.0255707904 -0.0221720128 0.0102162584
v 0.0248559913 -0.0226250272 0.0102162584
v 0.0241028955 -0.0230220526 0.0102162584
v 0.0233178934 -0.0233478161 0.0102162584
v 0.0224754492 -0.0234801569 0.0104480849
v 0.0232732184 -0.023235835 0.0104480849
v 0.0123597486 -0.0241062344 0.0120865734
v 0.0216074785 -0.0233681757 0.0108775631
v 0.0215755676 -0.0231900242 0.0110696758
v 0.0224435383 -0.0233478161 0.0106688266
v -0.0336427558 -0.0155142214 0.0120865734
v -0.0336427558 -0.0155142214 0.00894905982
v 0.0133489817 -0.023709209 0.0120865734
v 0.013253249 -0.0237601097 0.0120865734
v 0.0230626078 -0.0207926084 0.011936949
v 0.0231647217 -0.0210267505 0.011903698
v 0.0232795997 -0.0212608925 0.0118464334
v 0.0233817152 -0.0214899462 0.0117679263
v 0.0234902103 -0.0217088186 0.0116681767
v 0.023585943 -0.0219124196 0.0115471845
v 0.0236816757 -0.0221160222 0.0114067942
v 0.0253218876 -0.0218309795 0.0108775631
v 0.0254176187 -0.0219582304 0.0106688266
v 0.0246389979 -0.0222687242 0.0108775631
v 0.0237646428 -0.0223043535 0.0112470088
v 0.0238476114 -0.0224825066 0.0110696758
v 0.0255005874 -0.0220702115 0.0104480849
v -0.0351361788 -0.0131117156 0.0120865734
v -0.0337640181 -0.0154276898 0.00894905982
v -0.0338406024 -0.0153716992 0.00894905982
v -0.0340256865 -0.0152189973 0.00894905982
v -0.0341469457 -0.0150968363 0.00880220654
v -0.0343767017 -0.0148423331 0.00880220654
v -0.034542639 -0.0146234607 0.00894905982
v -0.0346958106 -0.0143791389 0.00894905982
v -0.0347468668 -0.0142620678 0.00876618445
v -0.0344724359 -0.0147099923 0.00880220654
v -0.0348489823 -0.0140584652 0.00876618445
v -0.0349766259 -0.0137428815 0.00894905982
v -0.0348681292 -0.0140330157 0.00894905982
v -0.035072357 -0.0134374792 0.0120865734
v -0.0350978851 -0.0133204066 0.0120865734
v -0.0349702415 -0.0137683326 0.0120865734
v -0.0351170319 -0.0132186068 0.0120865734
v 0.0247921695 -0.0225232259 0.0104480849
v 0.0240518393 -0.0229151613 0.0104480849
v 0.0232285435 -0.0230984028 0.0106688266
v 0.012621417 -0.0240298826 0.0120865734
v 0.0223478072 -0.0230220526 0.0110696758
v 0.0222967494 -0.0228337197 0.0112470088
v 0.0222520745 -0.0226352085 0.0114067942
v 0.0221946355 -0.0224214261 0.0115471845
v 0.0221371965 -0.0221974639 0.0116681767
v 0.0223988634 -0.0231900242 0.0108775631
v 0.0231774858 -0.0229457008 0.0108775631
v -0.0337512525 -0.0154378696 0.0120865734
v 0.0130745492 -0.0238517311 0.0120865734
v 0.0128256464 -0.0239586224 0.0120865734
v 0.0225647991 -0.0212812537 0.011903698
v 0.0226541505 -0.0215204857 0.0118464334
v 0.0227371176 -0.0217495378 0.0117679263
v 0.0228200862 -0.02197859 0.0116681767
v 0.0228966721 -0.0221974639 0.0115471845
v 0.0229796391 -0.0224061548 0.0114067942
v 0.0230498422 -0.0226046675 0.0112470088
v 0.0247219665 -0.0224010649 0.0106688266
v 0.0239241957 -0.0226352085 0.0108775631
v 0.0239880175 -0.022782819 0.0106688266
v 0.0231072827 -0.022782819 0.0110696758
v -0.0338342212 -0.0153767891 0.0120865734
v -0.0340256865 -0.0152189973 0.0120865734
v -0.0341852394 -0.0150612054 0.0120865734
v -0.0342682081 -0.0149695855 0.00894905982
v -0.034427761 -0.0147761627 0.00894905982
v -0.0342618237 -0.0149797653 0.0120865734
v -0.0343639392 -0.0148576044 0.0120865734
v -0.0344724359 -0.0147201721 0.0120865734
v -0.0345298733 -0.014638732 0.0120865734
v -0.034683045 -0.0143944086 0.0120865734
v -0.0348043074 -0.0141602665 0.0120865734
v -0.0348681292 -0.0140330157 0.0120865734
v 0.0220733747 -0.0219633203 0.0117679263
f 1 2 3
f 1 3 4
f 1 4 12
f 1 12 5
f 1 5 13
f 1 13 27
f 1 27 15
f 1 15 6
f 1 6 2
f 2 6 7
f 2 7 3
f 3 8 9
f 3 9 4
f 3 7 10
f 3 10 11
f 3 11 8
f 4 9 26
f 4 26 12
f 5 12 14
f 5 14 13
f 6 15 53
f 6 53 16
f 6 16 17
f 6 17 7
f 7 17 16
f 7 16 53
f 7 53 52
f 7 52 51
f 7 51 50
f 7 50 49
f 7 49 48
f 7 48 47
f 7 47 46
f 7 46 134
f 7 134 178
f 7 178 177
f 7 177 280
f 7 280 387
f 7 387 497
f 7 497 611
f 7 611 741
f 7 741 866
f 7 866 986
f 7 986 1102
f 7 1102 1104
f 7 1104 1220
f 7 1220 1226
f 7 1226 1332
f 7 1332 1444
f 7 1444 1550
f 7 1550 1651
f 7 1651 1747
f 7 1747 1835
f 7 1835 1918
f 7 1918 1992
f 7 1992 2072
f 7 2072 2144
f 7 2144 2143
f 7 2143 2203
f 7 2203 2256
f 7 2256 2305
f 7 2305 2321
f 7 2321 2319
f 7 2319 2318
f 7 2318 2320
f 7 2320 2358
f 7 2358 2357
f 7 2357 2356
f 7 2356 2355
f 7 2355 2354
f 7 2354 2353
f 7 2353 2352
f 7 2352 2349
f 7 2349 2348
f 7 2348 2347
f 7 2347 2333
f 7 2333 2288
f 7 2288 2235
f 7 2235 2178
f 7 2178 2110
f 7 2110 2109
f 7 2109 2033
f 7 2033 2035
f 7 2035 2032
f 7 2032 2031
f 7 2031 2108
f 7 2108 2177
f 7 2177 2232
f 7 2232 2284
f 7 2284 2325
f 7 2325 2335
f 7 2335 2334
f 7 2334 2291
f 7 2291 2290
f 7 2290 2239
f 7 2239 2183
f 7 2183 2119
f 7 2119 2118
f 7 2118 2117
f 7 2117 2043
f 7 2043 1965
f 7 1965 1888
f 7 1888 1805
f 7 1805 1708
f 7 1708 1609
f 7 1609 1608
f 7 1608 1506
f 7 1506 1398
f 7 1398 1290
f 7 1290 1177
f 7 1177 1052
f 7 1052 1049
f 7 1049 935
f 7 935 818
f 7 818 815
f 7 815 691
f 7 691 690
f 7 690 563
f 7 563 562
f 7 562 446
f 7 446 339
f 7 339 237
f 7 237 135
f 7 135 56
f 7 56 20
f 7 20 11
f 7 11 10
f 8 18 19
f 8 19 9
f 8 11 20
f 8 20 21
f 8 21 22
f 8 22 23
f 8 23 24
f 8 24 25
f 8 25 18
f 9 19 26
f 12 26 14
f 13 14 27
f 14 28 88
f 14 88 188
f 14 188 296
f 14 296 403
f 14 403 518
f 14 518 517
f 14 517 474
f 14 474 367
f 14 367 264
f 14 264 165
f 14 165 84
f 14 84 83
f 14 83 82
f 14 82 81
f 14 81 80
f 14 80 29
f 14 29 27
f 14 26 30
f 14 30 31
f 14 31 32
f 14 32 33
f 14 33 34
f 14 34 35
f 14 35 36
f 14 36 37
f 14 37 38
f 14 38 39
f 14 39 40
f 14 40 41
f 14 41 42
f 14 42 43
f 14 43 44
f 14 44 45
f 14 45 89
f 14 89 28
f 15 27 87
f 15 87 46
f 15 46 47
f 15 47 48
f 15 48 49
f 15 49 50
f 15 50 51
f 15 51 52
f 15 52 53
f 18 25 55
f 18 55 19
f 19 54 26
f 19 55 76
f 19 76 54
f 20 56 21
f 21 56 57
f 21 57 58
f 21 58 59
f 21 59 60
f 21 60 61
f 21 61 62
f 21 62 63
f 21 63 64
f 21 64 65
f 21 65 66
f 21 66 67
f 21 67 68
f 21 68 69
f 21 69 22
f 22 70 71
f 22 71 72
f 22 72 23
f 22 69 70
f 23 72 24
f 24 72 73
f 24 73 74
f 24 74 25
f 25 74 75
f 25 75 55
f 26 54 76
f 26 76 77
f 26 77 78
f 26 78 79
f 26 79 30
f 27 29 80
f 27 80 81
f 27 81 82
f 27 82 83
f 27 83 84
f 27 84 85
f 27 85 86
f 27 86 87
f 28 89 90
f 28 90 91
f 28 91 92
f 28 92 93
f 28 93 94
f 28 94 95
f 28 95 96
f 28 96 97
f 28 97 98
f 28 98 99
f 28 99 100
f 28 100 101
f 28 101 102
f 28 102 103
f 28 103 104
f 28 104 105
f 28 105 106
f 28 106 107
f 28 107 88
f 30 79 108
f 30 108 109
f 30 109 110
f 30 110 111
f 30 111 112
f 30 112 113
f 30 113 114
f 30 114 115
f 30 115 116
f 30 116 117
f 30 117 118
f 30 118 119
f 30 119 31
f 31 119 120
f 31 120 121
f 31 121 32
f 32 121 122
f 32 122 33
f 33 122 34
f 34 122 123
f 34 123 35
f 35 123 124
f 35 124 125
f 35 125 126
f 35 126 37
f 35 37 36
f 37 126 38
f 38 126 127
f 38 127 128
f 38 128 39
f 39 128 40
f 40 128 129
f 40 129 130
f 40 130 41
f 41 130 42
f 42 130 131
f 42 131 132
f 42 132 43
f 43 132 44
f 44 132 133
f 44 133 45
f 45 133 195
f 45 195 89
f 46 87 86
f 46 86 134
f 55 75 76
f 56 135 57
f 57 135 136
f 57 136 137
f 57 137 138
f 57 138 139
f 57 139 140
f 57 140 58
f 58 139 141
f 58 141 142
f 58 142 143
f 58 143 144
f 58 144 60
f 58 60 59
f 58 140 139
f 60 144 145
f 60 145 61
f 61 145 146
f 61 146 62
f 62 146 63
f 63 146 147
f 63 147 64
f 64 147 148
f 64 148 65
f 65 148 149
f 65 149 150
f 65 150 66
f 66 150 151
f 66 151 152
f 66 152 68
f 66 68 67
f 68 152 69
f 69 152 70
f 70 152 151
f 70 151 153
f 70 153 71
f 71 153 154
f 71 154 155
f 71 155 72
f 72 155 73
f 73 155 156
f 73 156 157
f 73 157 74
f 74 157 75
f 75 158 76
f 75 157 159
f 75 159 160
f 75 160 158
f 76 158 77
f 77 158 161
f 77 161 162
f 77 162 78
f 78 162 79
f 79 162 163
f 79 163 164
f 79 164 108
f 84 165 269
f 84 269 166
f 84 166 167
f 84 167 85
f 85 167 168
f 85 168 169
f 85 169 170
f 85 170 171
f 85 171 172
f 85 172 173
f 85 173 174
f 85 174 175
f 85 175 176
f 85 176 177
f 85 177 178
f 85 178 134
f 85 134 86
f 88 179 180
f 88 180 181
f 88 181 182
f 88 182 183
f 88 183 184
f 88 184 185
f 88 185 186
f 88 186 187
f 88 187 294
f 88 294 188
f 88 107 189
f 88 189 190
f 88 190 191
f 88 191 192
f 88 192 193
f 88 193 194
f 88 194 179
f 89 195 90
f 90 195 196
f 90 196 91
f 91 196 197
f 91 197 198
f 91 198 92
f 92 198 93
f 93 198 199
f 93 199 200
f 93 200 94
f 94 200 95
f 95 200 201
f 95 201 96
f 96 201 202
f 96 202 203
f 96 203 97
f 97 203 204
f 97 204 98
f 98 204 99
f 99 204 205
f 99 205 206
f 99 206 100
f 100 206 101
f 101 206 207
f 101 207 102
f 102 207 208
f 102 208 209
f 102 209 103
f 103 209 104
f 104 209 210
f 104 210 211
f 104 211 105
f 105 211 212
f 105 212 106
f 106 212 213
f 106 213 107
f 107 213 189
f 108 164 214
f 108 214 109
f 109 214 111
f 109 111 110
f 111 214 215
f 111 215 216
f 111 216 112
f 112 216 217
f 112 217 218
f 112 218 113
f 113 218 219
f 113 219 114
f 114 219 220
f 114 220 115
f 115 220 116
f 116 220 221
f 116 221 117
f 117 221 222
f 117 222 119
f 117 119 118
f 119 222 223
f 119 223 224
f 119 224 122
f 119 122 121
f 119 121 120
f 122 224 225
f 122 225 123
f 123 225 124
f 124 225 226
f 124 226 227
f 124 227 125
f 125 227 228
f 125 228 229
f 125 229 126
f 126 229 127
f 127 229 128
f 128 229 230
f 128 230 231
f 128 231 129
f 129 231 232
f 129 232 130
f 130 232 233
f 130 233 131
f 131 233 132
f 132 233 234
f 132 234 133
f 133 234 235
f 133 235 236
f 133 236 301
f 133 301 195
f 135 237 136
f 136 237 238
f 136 238 137
f 137 238 239
f 137 239 138
f 138 239 240
f 138 240 141
f 138 141 139
f 141 241 242
f 141 242 243
f 141 243 142
f 141 240 241
f 142 243 244
f 142 244 143
f 143 245 145
f 143 145 144
f 143 244 246
f 143 246 245
f 145 245 247
f 145 247 146
f 146 247 147
f 147 247 248
f 147 248 249
f 147 249 148
f 148 249 250
f 148 250 149
f 149 250 150
f 150 250 251
f 150 251 151
f 151 251 252
f 151 252 153
f 153 252 253
f 153 253 254
f 153 254 154
f 154 254 155
f 155 254 255
f 155 255 156
f 156 255 256
f 156 256 257
f 156 257 157
f 157 257 258
f 157 258 159
f 158 160 161
f 159 258 160
f 160 259 161
f 160 258 260
f 160 260 259
f 161 259 261
f 161 261 162
f 162 261 163
f 163 261 262
f 163 262 263
f 163 263 164
f 164 263 215
f 164 215 214
f 165 264 265
f 165 265 266
f 165 266 267
f 165 267 268
f 165 268 269
f 166 269 167
f 167 269 270
f 167 270 168
f 168 270 271
f 168 271 272
f 168 272 169
f 169 272 170
f 170 272 273
f 170 273 274
f 170 274 171
f 171 274 275
f 171 275 172
f 172 275 276
f 172 276 173
f 173 276 174
f 174 276 277
f 174 277 278
f 174 278 175
f 175 278 279
f 175 279 176
f 176 279 280
f 176 280 177
f 179 281 282
f 179 282 283
f 179 283 180
f 179 194 284
f 179 284 281
f 180 283 285
f 180 285 182
f 180 182 181
f 182 285 286
f 182 286 287
f 182 287 183
f 183 287 288
f 183 288 289
f 183 289 184
f 184 289 290
f 184 290 291
f 184 291 185
f 185 291 292
f 185 292 186
f 186 292 293
f 186 293 187
f 187 293 295
f 187 295 402
f 187 402 294
f 188 294 296
f 189 213 297
f 189 297 298
f 189 298 190
f 190 298 191
f 191 298 299
f 191 299 192
f 192 299 300
f 192 300 284
f 192 284 193
f 193 284 194
f 195 301 302
f 195 302 196
f 196 302 303
f 196 303 197
f 197 303 198
f 198 303 304
f 198 304 305
f 198 305 199
f 199 305 306
f 199 306 200
f 200 306 307
f 200 307 201
f 201 308 202
f 201 307 308
f 202 308 203
f 203 308 309
f 203 309 204
f 204 309 310
f 204 310 311
f 204 311 205
f 205 312 206
f 205 311 312
f 206 312 313
f 206 313 207
f 207 313 208
f 208 313 314
f 208 314 209
f 209 315 316
f 209 316 210
f 209 314 315
f 210 316 211
f 211 316 317
f 211 317 318
f 211 318 212
f 212 318 319
f 212 319 213
f 213 319 297
f 215 263 320
f 215 320 321
f 215 321 216
f 216 321 322
f 216 322 217
f 217 322 218
f 218 322 323
f 218 323 219
f 219 323 324
f 219 324 325
f 219 325 220
f 220 325 221
f 221 325 326
f 221 326 223
f 221 223 222
f 223 326 327
f 223 327 328
f 223 328 224
f 224 328 225
f 225 328 226
f 226 328 329
f 226 329 227
f 227 329 330
f 227 330 228
f 228 230 229
f 228 330 331
f 228 331 332
f 228 332 333
f 228 333 230
f 230 333 334
f 230 334 231
f 231 334 232
f 232 334 335
f 232 335 233
f 233 335 336
f 233 336 337
f 233 337 234
f 234 337 338
f 234 338 235
f 235 338 236
f 236 338 408
f 236 408 301
f 237 339 238
f 238 340 239
f 238 339 340
f 239 340 341
f 239 341 240
f 240 341 241
f 241 341 342
f 241 342 242
f 242 342 343
f 242 343 243
f 243 343 344
f 243 344 244
f 244 344 345
f 244 345 346
f 244 346 246
f 245 246 247
f 246 346 347
f 246 347 348
f 246 348 247
f 247 348 349
f 247 349 248
f 248 349 350
f 248 350 249
f 249 350 250
f 250 350 351
f 250 351 251
f 251 351 352
f 251 352 353
f 251 353 252
f 252 353 253
f 253 353 354
f 253 354 355
f 253 355 254
f 254 355 255
f 255 355 356
f 255 356 357
f 255 357 256
f 256 357 257
f 257 357 358
f 257 358 359
f 257 359 258
f 258 359 260
f 259 260 360
f 259 360 361
f 259 361 261
f 260 359 362
f 260 362 363
f 260 363 360
f 261 361 364
f 261 364 262
f 262 364 263
f 263 364 365
f 263 365 320
f 264 366 265
f 264 367 368
f 264 368 369
f 264 369 370
f 264 370 366
f 265 371 372
f 265 372 266
f 265 366 370
f 265 370 371
f 266 372 373
f 266 373 267
f 267 373 268
f 268 373 374
f 268 374 269
f 269 375 376
f 269 376 377
f 269 377 270
f 269 374 375
f 270 377 378
f 270 378 271
f 271 378 379
f 271 379 272
f 272 379 273
f 273 379 380
f 273 380 381
f 273 381 274
f 274 381 275
f 275 381 382
f 275 382 383
f 275 383 276
f 276 383 277
f 277 383 384
f 277 384 385
f 277 385 278
f 278 385 279
f 279 385 386
f 279 386 280
f 280 386 387
f 281 388 282
f 281 284 388
f 282 388 283
f 283 389 286
f 283 286 285
f 283 388 389
f 284 300 390
f 284 390 391
f 284 391 388
f 286 389 392
f 286 392 393
f 286 393 287
f 287 394 395
f 287 395 396
f 287 396 397
f 287 397 288
f 287 393 394
f 288 397 289
f 289 397 398
f 289 398 290
f 290 398 291
f 291 398 399
f 291 399 292
f 292 399 400
f 292 400 293
f 293 400 401
f 293 401 295
f 294 402 403
f 294 403 296
f 295 401 515
f 295 515 402
f 297 404 405
f 297 405 298
f 297 319 404
f 298 405 299
f 299 406 407
f 299 407 300
f 299 405 406
f 300 407 390
f 301 408 302
f 302 408 409
f 302 409 410
f 302 410 303
f 303 410 411
f 303 411 304
f 304 411 305
f 305 411 412
f 305 412 306
f 306 413 307
f 306 412 414
f 306 414 413
f 307 413 308
f 308 413 415
f 308 415 309
f 309 416 417
f 309 417 310
f 309 415 416
f 310 417 311
f 311 417 418
f 311 418 419
f 311 419 312
f 312 419 313
f 313 420 421
f 313 421 314
f 313 419 420
f 314 421 315
f 315 422 423
f 315 423 316
f 315 421 422
f 316 423 424
f 316 424 317
f 317 424 318
f 318 424 425
f 318 425 426
f 318 426 427
f 318 427 319
f 319 427 404
f 320 365 428
f 320 428 321
f 321 428 429
f 321 429 430
f 321 430 322
f 322 430 431
f 322 431 323
f 323 431 324
f 324 431 432
f 324 432 325
f 325 432 433
f 325 433 327
f 325 327 326
f 327 433 434
f 327 434 435
f 327 435 328
f 328 435 329
f 329 435 330
f 330 436 331
f 330 435 436
f 331 437 332
f 331 436 437
f 332 437 438
f 332 438 439
f 332 439 440
f 332 440 334
f 332 334 333
f 334 440 335
f 335 440 441
f 335 441 442
f 335 442 336
f 336 442 443
f 336 443 337
f 337 443 338
f 338 443 444
f 338 444 445
f 338 445 525
f 338 525 408
f 339 446 340
f 340 447 341
f 340 446 447
f 341 447 448
f 341 448 342
f 342 449 450
f 342 450 451
f 342 451 343
f 342 448 449
f 343 451 452
f 343 452 344
f 344 452 345
f 345 452 453
f 345 453 346
f 346 453 454
f 346 454 347
f 347 349 348
f 347 454 455
f 347 455 456
f 347 456 457
f 347 457 349
f 349 457 350
f 350 457 458
f 350 458 459
f 350 459 351
f 351 459 460
f 351 460 352
f 352 460 461
f 352 461 353
f 353 461 462
f 353 462 354
f 354 462 355
f 355 462 463
f 355 463 464
f 355 464 356
f 356 464 357
f 357 464 465
f 357 465 466
f 357 466 358
f 358 466 359
f 359 466 467
f 359 467 468
f 359 468 362
f 360 363 361
f 361 363 469
f 361 469 470
f 361 470 364
f 362 468 363
f 363 468 471
f 363 471 472
f 363 472 469
f 364 470 365
f 365 470 473
f 365 473 428
f 367 474 475
f 367 475 476
f 367 476 368
f 368 476 477
f 368 477 478
f 368 478 369
f 369 478 370
f 370 478 479
f 370 479 480
f 370 480 371
f 371 480 481
f 371 481 482
f 371 482 372
f 372 482 375
f 372 375 373
f 373 375 374
f 375 482 481
f 375 481 483
f 375 483 484
f 375 484 376
f 376 484 485
f 376 485 486
f 376 486 377
f 377 486 487
f 377 487 378
f 378 487 379
f 379 487 488
f 379 488 489
f 379 489 380
f 380 489 490
f 380 490 381
f 381 490 382
f 382 490 491
f 382 491 383
f 383 491 492
f 383 492 493
f 383 493 384
f 384 493 495
f 384 495 385
f 385 494 386
f 385 495 494
f 386 494 387
f 387 494 496
f 387 496 497
f 388 391 498
f 388 498 499
f 388 499 500
f 388 500 389
f 389 500 392
f 390 407 501
f 390 501 502
f 390 502 498
f 390 498 391
f 392 500 394
f 392 394 393
f 394 503 504
f 394 504 395
f 394 500 503
f 395 504 505
f 395 505 396
f 396 505 506
f 396 506 397
f 397 506 507
f 397 507 508
f 397 508 398
f 398 508 509
f 398 509 510
f 398 510 399
f 399 510 511
f 399 511 400
f 400 511 512
f 400 512 401
f 401 512 513
f 401 513 514
f 401 514 630
f 401 630 515
f 402 516 517
f 402 517 518
f 402 518 403
f 402 515 519
f 402 519 516
f 404 520 405
f 404 427 426
f 404 426 520
f 405 521 406
f 405 520 521
f 406 522 407
f 406 521 522
f 407 522 523
f 407 523 501
f 408 524 409
f 408 525 524
f 409 524 410
f 410 524 526
f 410 526 411
f 411 527 412
f 411 526 528
f 411 528 527
f 412 527 414
f 413 414 529
f 413 529 530
f 413 530 415
f 414 527 529
f 415 531 416
f 415 530 532
f 415 532 531
f 416 531 417
f 417 531 533
f 417 533 534
f 417 534 418
f 418 534 535
f 418 535 419
f 419 535 536
f 419 536 420
f 420 536 537
f 420 537 421
f 421 537 422
f 422 538 423
f 422 537 538
f 423 538 539
f 423 539 424
f 424 539 540
f 424 540 541
f 424 541 425
f 425 541 542
f 425 542 543
f 425 543 426
f 426 543 544
f 426 544 520
f 428 473 545
f 428 545 546
f 428 546 429
f 429 546 547
f 429 547 430
f 430 547 548
f 430 548 431
f 431 548 549
f 431 549 550
f 431 550 432
f 432 550 434
f 432 434 433
f 434 550 551
f 434 551 552
f 434 552 436
f 434 436 435
f 436 552 553
f 436 553 437
f 437 553 554
f 437 554 438
f 438 554 439
f 439 441 440
f 439 554 555
f 439 555 556
f 439 556 557
f 439 557 441
f 441 557 558
f 441 558 442
f 442 558 443
f 443 558 559
f 443 559 560
f 443 560 444
f 444 560 445
f 445 560 561
f 445 561 658
f 445 658 525
f 446 562 447
f 447 562 563
f 447 563 564
f 447 564 449
f 447 449 448
f 449 565 566
f 449 566 450
f 449 564 565
f 450 566 567
f 450 567 568
f 450 568 451
f 451 568 569
f 451 569 452
f 452 569 453
f 453 569 570
f 453 570 454
f 454 570 571
f 454 571 572
f 454 572 455
f 455 572 456
f 456 573 457
f 456 572 574
f 456 574 573
f 457 573 458
f 458 573 459
f 459 573 575
f 459 575 576
f 459 576 460
f 460 576 577
f 460 577 461
f 461 577 462
f 462 577 578
f 462 578 579
f 462 579 463
f 463 579 464
f 464 579 580
f 464 580 581
f 464 581 465
f 465 581 466
f 466 581 582
f 466 582 583
f 466 583 467
f 467 583 468
f 468 583 584
f 468 584 585
f 468 585 471
f 469 472 470
f 470 472 586
f 470 586 545
f 470 545 473
f 471 585 472
f 472 585 587
f 472 587 588
f 472 588 586
f 474 517 589
f 474 589 475
f 475 589 590
f 475 590 476
f 476 590 591
f 476 591 477
f 477 591 592
f 477 592 593
f 477 593 478
f 478 593 479
f 479 593 594
f 479 594 595
f 479 595 480
f 480 595 596
f 480 596 481
f 481 596 483
f 483 596 597
f 483 597 484
f 484 597 598
f 484 598 599
f 484 599 485
f 485 599 486
f 486 599 600
f 486 600 487
f 487 600 601
f 487 601 602
f 487 602 488
f 488 602 489
f 489 602 603
f 489 603 604
f 489 604 490
f 490 604 605
f 490 605 491
f 491 605 492
f 492 605 606
f 492 606 607
f 492 607 493
f 493 607 608
f 493 608 495
f 494 495 496
f 495 608 496
f 496 609 610
f 496 610 611
f 496 611 497
f 496 608 609
f 498 502 499
f 499 502 500
f 500 502 612
f 500 612 503
f 501 523 613
f 501 613 614
f 501 614 615
f 501 615 502
f 502 615 616
f 502 616 617
f 502 617 612
f 503 612 618
f 503 618 619
f 503 619 504
f 504 619 620
f 504 620 505
f 505 620 621
f 505 621 622
f 505 622 506
f 506 622 623
f 506 623 507
f 507 623 624
f 507 624 625
f 507 625 508
f 508 625 626
f 508 626 509
f 509 626 510
f 510 626 627
f 510 627 511
f 511 627 628
f 511 628 512
f 512 514 513
f 512 628 629
f 512 629 514
f 514 629 762
f 514 762 630
f 515 630 631
f 515 631 519
f 516 632 517
f 516 519 632
f 517 632 633
f 517 633 634
f 517 634 635
f 517 635 636
f 517 636 637
f 517 637 638
f 517 638 639
f 517 639 640
f 517 640 641
f 517 641 642
f 517 642 643
f 517 643 644
f 517 644 645
f 517 645 646
f 517 646 647
f 517 647 648
f 517 648 589
f 519 631 649
f 519 649 650
f 519 650 651
f 519 651 632
f 520 544 521
f 521 652 653
f 521 653 522
f 521 544 654
f 521 654 652
f 522 653 523
f 523 653 655
f 523 655 613
f 524 525 656
f 524 656 657
f 524 657 526
f 525 658 656
f 526 657 528
f 527 659 529
f 527 528 660
f 527 660 661
f 527 661 659
f 528 657 660
f 529 659 530
f 530 659 662
f 530 662 663
f 530 663 532
f 531 532 663
f 531 663 664
f 531 664 665
f 531 665 533
f 533 665 534
f 534 666 667
f 534 667 535
f 534 665 666
f 535 667 536
f 536 667 668
f 536 668 537
f 537 668 669
f 537 669 670
f 537 670 538
f 538 670 539
f 539 670 671
f 539 671 672
f 539 672 540
f 540 672 541
f 541 672 673
f 541 673 674
f 541 674 675
f 541 675 542
f 542 675 676
f 542 676 654
f 542 654 544
f 542 544 543
f 545 586 588
f 545 588 677
f 545 677 678
f 545 678 546
f 546 678 547
f 547 678 679
f 547 679 548
f 548 679 680
f 548 680 681
f 548 681 549
f 549 681 550
f 550 681 551
f 551 681 682
f 551 682 553
f 551 553 552
f 553 682 554
f 554 683 684
f 554 684 555
f 554 682 683
f 555 684 556
f 556 558 557
f 556 684 685
f 556 685 686
f 556 686 687
f 556 687 558
f 558 687 559
f 559 687 688
f 559 688 560
f 560 688 689
f 560 689 561
f 561 689 784
f 561 784 658
f 563 690 564
f 564 690 565
f 565 690 691
f 565 691 692
f 565 692 693
f 565 693 566
f 566 693 694
f 566 694 567
f 567 694 568
f 568 694 695
f 568 695 569
f 569 695 696
f 569 696 697
f 569 697 570
f 570 697 571
f 571 697 698
f 571 698 699
f 571 699 572
f 572 699 574
f 573 574 700
f 573 700 701
f 573 701 575
f 574 699 702
f 574 702 700
f 575 701 576
f 576 701 703
f 576 703 577
f 577 703 704
f 577 704 578
f 578 704 705
f 578 705 706
f 578 706 579
f 579 706 707
f 579 707 580
f 580 707 581
f 581 707 708
f 581 708 582
f 582 708 709
f 582 709 583
f 583 709 710
f 583 710 711
f 583 711 584
f 584 711 712
f 584 712 585
f 585 712 713
f 585 713 587
f 587 713 714
f 587 714 588
f 588 714 677
f 589 715 716
f 589 716 717
f 589 717 590
f 589 648 715
f 590 717 591
f 591 717 718
f 591 718 592
f 592 718 719
f 592 719 593
f 593 719 720
f 593 720 721
f 593 721 594
f 594 721 722
f 594 722 723
f 594 723 595
f 595 723 724
f 595 724 596
f 596 724 597
f 597 724 725
f 597 725 726
f 597 726 727
f 597 727 728
f 597 728 598
f 598 728 599
f 599 728 729
f 599 729 730
f 599 730 600
f 600 730 731
f 600 731 601
f 601 731 602
f 602 731 732
f 602 732 733
f 602 733 603
f 603 733 604
f 604 733 734
f 604 734 735
f 604 735 605
f 605 735 736
f 605 736 606
f 606 736 607
f 607 736 737
f 607 737 609
f 607 609 608
f 609 737 738
f 609 738 739
f 609 739 740
f 609 740 610
f 610 740 611
f 611 740 741
f 612 617 618
f 613 655 742
f 613 742 743
f 613 743 744
f 613 744 745
f 613 745 614
f 614 745 746
f 614 746 747
f 614 747 616
f 614 616 615
f 616 747 617
f 617 748 749
f 617 749 618
f 617 747 748
f 618 749 619
f 619 749 750
f 619 750 621
f 619 621 620
f 621 751 622
f 621 750 751
f 622 751 752
f 622 752 753
f 622 753 754
f 622 754 623
f 623 754 755
f 623 755 624
f 624 755 756
f 624 756 625
f 625 756 626
f 626 756 757
f 626 757 627
f 627 757 758
f 627 758 628
f 628 758 759
f 628 759 760
f 628 760 761
f 628 761 629
f 629 761 760
f 629 760 763
f 629 763 764
f 629 764 888
f 629 888 762
f 630 762 765
f 630 765 631
f 631 765 649
f 632 651 766
f 632 766 633
f 633 766 635
f 633 635 634
f 635 766 767
f 635 767 768
f 635 768 769
f 635 769 636
f 636 769 770
f 636 770 637
f 637 770 771
f 637 771 638
f 638 771 639
f 639 771 640
f 640 771 772
f 640 772 773
f 640 773 641
f 641 643 642
f 641 773 643
f 643 773 644
f 644 773 774
f 644 774 775
f 644 775 776
f 644 776 646
f 644 646 645
f 646 776 715
f 646 715 648
f 646 648 647
f 649 765 650
f 650 767 651
f 650 765 767
f 651 767 766
f 652 777 653
f 652 654 676
f 652 676 778
f 652 778 777
f 653 779 780
f 653 780 655
f 653 777 779
f 655 780 742
f 656 658 781
f 656 781 657
f 657 781 782
f 657 782 783
f 657 783 660
f 658 784 781
f 659 661 785
f 659 785 786
f 659 786 662
f 660 787 661
f 660 783 787
f 661 787 785
f 662 786 663
f 663 786 788
f 663 788 789
f 663 789 664
f 664 789 665
f 665 790 666
f 665 789 791
f 665 791 790
f 666 790 667
f 667 792 668
f 667 790 793
f 667 793 792
f 668 792 794
f 668 794 669
f 669 794 670
f 670 794 795
f 670 795 671
f 671 795 796
f 671 796 797
f 671 797 672
f 672 797 798
f 672 798 673
f 673 798 674
f 674 798 799
f 674 799 800
f 674 800 801
f 674 801 802
f 674 802 675
f 675 802 778
f 675 778 676
f 677 714 803
f 677 803 804
f 677 804 678
f 678 804 805
f 678 805 679
f 679 805 806
f 679 806 680
f 680 806 681
f 681 806 807
f 681 807 682
f 682 807 683
f 683 807 808
f 683 808 809
f 683 809 684
f 684 809 685
f 685 809 810
f 685 810 686
f 686 810 811
f 686 811 812
f 686 812 688
f 686 688 687
f 688 812 689
f 689 812 813
f 689 813 814
f 689 814 784
f 691 815 692
f 692 816 817
f 692 817 693
f 692 815 818
f 692 818 816
f 693 817 694
f 694 817 819
f 694 819 820
f 694 820 695
f 695 820 821
f 695 821 696
f 696 821 697
f 697 821 822
f 697 822 823
f 697 823 698
f 698 823 699
f 699 823 824
f 699 824 825
f 699 825 702
f 700 702 826
f 700 826 827
f 700 827 701
f 701 827 828
f 701 828 703
f 702 825 829
f 702 829 826
f 703 828 704
f 704 828 830
f 704 830 705
f 705 830 831
f 705 831 832
f 705 832 706
f 706 832 833
f 706 833 707
f 707 833 834
f 707 834 708
f 708 834 709
f 709 834 835
f 709 835 710
f 710 835 836
f 710 836 837
f 710 837 711
f 711 837 838
f 711 838 712
f 712 838 713
f 713 838 839
f 713 839 714
f 714 839 840
f 714 840 803
f 715 776 841
f 715 841 716
f 716 841 842
f 716 842 843
f 716 843 717
f 717 843 718
f 718 843 844
f 718 844 719
f 719 844 845
f 719 845 846
f 719 846 720
f 720 846 721
f 721 846 847
f 721 847 848
f 721 848 849
f 721 849 850
f 721 850 722
f 722 724 723
f 722 850 851
f 722 851 725
f 722 725 724
f 725 851 852
f 725 852 726
f 726 852 727
f 727 852 853
f 727 853 854
f 727 854 855
f 727 855 728
f 728 855 729
f 729 855 856
f 729 856 730
f 730 856 857
f 730 857 731
f 731 857 858
f 731 858 732
f 732 858 733
f 733 858 859
f 733 859 734
f 734 859 860
f 734 860 861
f 734 861 735
f 735 861 862
f 735 862 736
f 736 862 738
f 736 738 737
f 738 862 863
f 738 863 864
f 738 864 739
f 739 864 740
f 740 864 865
f 740 865 866
f 740 866 741
f 742 780 867
f 742 867 868
f 742 868 869
f 742 869 870
f 742 870 743
f 743 870 744
f 744 871 872
f 744 872 873
f 744 873 746
f 744 746 745
f 744 870 871
f 746 873 874
f 746 874 875
f 746 875 747
f 747 875 748
f 748 875 749
f 749 875 876
f 749 876 750
f 750 876 751
f 751 876 877
f 751 877 878
f 751 878 752
f 752 878 879
f 752 879 880
f 752 880 881
f 752 881 753
f 753 881 882
f 753 882 883
f 753 883 754
f 754 883 755
f 755 883 756
f 756 883 884
f 756 884 757
f 757 884 885
f 757 885 758
f 758 885 759
f 759 885 886
f 759 886 760
f 760 886 887
f 760 887 891
f 760 891 763
f 762 888 889
f 762 889 765
f 763 890 888
f 763 888 764
f 763 891 892
f 763 892 1009
f 763 1009 890
f 765 889 893
f 765 893 894
f 765 894 895
f 765 895 767
f 767 895 896
f 767 896 897
f 767 897 768
f 768 897 898
f 768 898 769
f 769 898 770
f 770 898 772
f 770 772 771
f 772 899 773
f 772 898 900
f 772 900 899
f 773 899 775
f 773 775 774
f 775 899 901
f 775 901 776
f 776 901 841
f 777 902 903
f 777 903 779
f 777 778 802
f 777 802 801
f 777 801 902
f 779 903 867
f 779 867 780
f 781 784 904
f 781 904 905
f 781 905 906
f 781 906 782
f 782 906 783
f 783 907 787
f 783 906 908
f 783 908 907
f 784 814 904
f 785 909 786
f 785 787 907
f 785 907 910
f 785 910 909
f 786 909 911
f 786 911 788
f 788 911 789
f 789 912 791
f 789 911 913
f 789 913 912
f 790 791 912
f 790 912 914
f 790 914 915
f 790 915 793
f 792 793 916
f 792 916 794
f 793 915 916
f 794 917 918
f 794 918 795
f 794 916 917
f 795 918 796
f 796 919 797
f 796 918 919
f 797 919 920
f 797 920 798
f 798 920 921
f 798 921 922
f 798 922 799
f 799 922 923
f 799 923 924
f 799 924 800
f 800 924 902
f 800 902 801
f 803 840 925
f 803 925 926
f 803 926 804
f 804 926 927
f 804 927 805
f 805 927 806
f 806 927 928
f 806 928 807
f 807 928 808
f 808 928 929
f 808 929 809
f 809 929 930
f 809 930 810
f 810 930 931
f 810 931 811
f 811 932 812
f 811 931 932
f 812 932 813
f 813 904 814
f 813 932 933
f 813 933 934
f 813 934 1021
f 813 1021 904
f 816 818 935
f 816 935 936
f 816 936 817
f 817 936 937
f 817 937 938
f 817 938 819
f 819 938 939
f 819 939 820
f 820 939 821
f 821 939 940
f 821 940 822
f 822 940 941
f 822 941 823
f 823 941 942
f 823 942 943
f 823 943 824
f 824 943 825
f 825 943 944
f 825 944 829
f 826 829 945
f 826 945 827
f 827 945 828
f 828 945 946
f 828 946 947
f 828 947 830
f 829 944 948
f 829 948 1060
f 829 1060 945
f 830 947 831
f 831 947 949
f 831 949 832
f 832 949 950
f 832 950 833
f 833 950 951
f 833 951 834
f 834 951 952
f 834 952 953
f 834 953 835
f 835 953 954
f 835 954 836
f 836 954 837
f 837 954 955
f 837 955 838
f 838 955 956
f 838 956 957
f 838 957 839
f 839 957 958
f 839 958 840
f 840 958 959
f 840 959 925
f 841 901 960
f 841 960 961
f 841 961 842
f 842 961 962
f 842 962 963
f 842 963 843
f 843 963 964
f 843 964 844
f 844 964 845
f 845 965 847
f 845 847 846
f 845 964 965
f 847 965 966
f 847 966 967
f 847 967 848
f 848 967 849
f 849 851 850
f 849 967 968
f 849 968 969
f 849 969 970
f 849 970 851
f 851 970 971
f 851 971 852
f 852 971 972
f 852 972 853
f 853 972 854
f 854 972 973
f 854 973 974
f 854 974 975
f 854 975 856
f 854 856 855
f 856 975 857
f 857 975 976
f 857 976 977
f 857 977 858
f 858 977 859
f 859 977 978
f 859 978 979
f 859 979 860
f 860 979 861
f 861 979 980
f 861 980 862
f 862 980 981
f 862 981 863
f 863 981 982
f 863 982 983
f 863 983 985
f 863 985 864
f 864 984 865
f 864 985 984
f 865 984 866
f 866 984 986
f 867 987 988
f 867 988 868
f 867 903 989
f 867 989 987
f 868 988 990
f 868 990 991
f 868 991 992
f 868 992 869
f 869 992 870
f 870 992 871
f 871 992 872
f 872 992 993
f 872 993 994
f 872 994 874
f 872 874 873
f 874 994 995
f 874 995 876
f 874 876 875
f 876 995 996
f 876 996 878
f 876 878 877
f 878 996 879
f 879 996 997
f 879 997 998
f 879 998 880
f 880 999 881
f 880 998 999
f 881 999 1000
f 881 1000 1001
f 881 1001 882
f 882 1001 883
f 883 1001 1002
f 883 1002 1003
f 883 1003 884
f 884 1003 1004
f 884 1004 1005
f 884 1005 885
f 885 1005 886
f 886 1005 1006
f 886 1006 1007
f 886 1007 887
f 887 1007 891
f 888 890 889
f 889 890 1008
f 889 1008 893
f 890 1009 1008
f 891 1007 1010
f 891 1010 892
f 892 1010 1133
f 892 1133 1009
f 893 1008 1011
f 893 1011 1012
f 893 1012 894
f 894 1013 895
f 894 1012 1013
f 895 1013 896
f 896 1013 1014
f 896 1014 897
f 897 1014 898
f 898 1014 1015
f 898 1015 900
f 899 900 1016
f 899 1016 1017
f 899 1017 901
f 900 1015 1018
f 900 1018 1019
f 900 1019 1016
f 901 1017 960
f 902 1020 903
f 902 924 1020
f 903 1020 989
f 904 1021 905
f 905 1021 1022
f 905 1022 1023
f 905 1023 906
f 906 1023 1024
f 906 1024 908
f 907 908 1024
f 907 1024 1025
f 907 1025 1026
f 907 1026 910
f 909 910 1027
f 909 1027 911
f 910 1026 1027
f 911 1028 1029
f 911 1029 913
f 911 1027 1028
f 912 913 1029
f 912 1029 1030
f 912 1030 914
f 914 1030 1031
f 914 1031 1032
f 914 1032 915
f 915 1032 1033
f 915 1033 916
f 916 1033 1034
f 916 1034 917
f 917 1034 918
f 918 1035 1036
f 918 1036 919
f 918 1034 1035
f 919 1036 920
f 920 1036 1037
f 920 1037 1038
f 920 1038 921
f 921 1038 922
f 922 1038 1039
f 922 1039 1040
f 922 1040 1041
f 922 1041 923
f 923 1041 1020
f 923 1020 924
f 925 959 1042
f 925 1042 926
f 926 1042 927
f 927 1042 1043
f 927 1043 929
f 927 929 928
f 929 1043 1044
f 929 1044 930
f 930 1044 931
f 931 1044 1045
f 931 1045 1046
f 931 1046 1047
f 931 1047 932
f 932 1047 1048
f 932 1048 933
f 933 1048 934
f 934 1048 1147
f 934 1147 1021
f 935 1049 936
f 936 1050 1051
f 936 1051 937
f 936 1049 1052
f 936 1052 1050
f 937 1051 938
f 938 1051 1053
f 938 1053 1054
f 938 1054 939
f 939 1054 940
f 940 1054 1055
f 940 1055 1056
f 940 1056 941
f 941 1056 1057
f 941 1057 942
f 942 1057 943
f 943 1057 1058
f 943 1058 1059
f 943 1059 944
f 944 1059 948
f 945 1060 1061
f 945 1061 946
f 946 1061 947
f 947 1061 1062
f 947 1062 1063
f 947 1063 949
f 948 1059 1064
f 948 1064 1065
f 948 1065 1060
f 949 1063 950
f 950 1063 1066
f 950 1066 1067
f 950 1067 951
f 951 1067 952
f 952 1067 1068
f 952 1068 953
f 953 1068 1069
f 953 1069 1070
f 953 1070 954
f 954 1070 1071
f 954 1071 955
f 955 1071 1072
f 955 1072 956
f 956 1072 1073
f 956 1073 957
f 957 1073 958
f 958 1073 1074
f 958 1074 1075
f 958 1075 959
f 959 1075 1042
f 960 1017 1076
f 960 1076 961
f 961 1076 1077
f 961 1077 962
f 962 1078 1079
f 962 1079 1080
f 962 1080 1081
f 962 1081 964
f 962 964 963
f 962 1077 1076
f 962 1076 1078
f 964 1081 965
f 965 1081 1080
f 965 1080 1082
f 965 1082 966
f 966 1082 1083
f 966 1083 967
f 967 1083 1084
f 967 1084 968
f 968 1084 1085
f 968 1085 1086
f 968 1086 969
f 969 971 970
f 969 1086 1087
f 969 1087 1088
f 969 1088 1089
f 969 1089 971
f 971 1089 1090
f 971 1090 972
f 972 1090 1091
f 972 1091 973
f 973 1091 974
f 974 1091 1092
f 974 1092 1093
f 974 1093 1094
f 974 1094 975
f 975 1094 976
f 976 1094 1095
f 976 1095 977
f 977 1095 978
f 978 1095 1096
f 978 1096 979
f 979 1096 1097
f 979 1097 1098
f 979 1098 980
f 980 1098 982
f 980 982 981
f 982 1098 1099
f 982 1099 1100
f 982 1100 1101
f 982 1101 983
f 983 1101 985
f 984 1102 986
f 984 985 1103
f 984 1103 1104
f 984 1104 1102
f 985 1101 1105
f 985 1105 1106
f 985 1106 1107
f 985 1107 1108
f 985 1108 1103
f 987 989 1109
f 987 1109 988
f 988 1109 1110
f 988 1110 990
f 989 1020 1111
f 989 1111 1109
f 990 1110 1112
f 990 1112 1113
f 990 1113 1114
f 990 1114 991
f 991 1114 1234
f 991 1234 1115
f 991 1115 992
f 992 1115 993
f 993 1115 1116
f 993 1116 1117
f 993 1117 994
f 994 1117 1118
f 994 1118 1119
f 994 1119 995
f 995 1119 996
f 996 1119 997
f 997 1120 1121
f 997 1121 998
f 997 1119 1118
f 997 1118 1120
f 998 1121 999
f 999 1121 1122
f 999 1122 1123
f 999 1123 1124
f 999 1124 1000
f 1000 1124 1125
f 1000 1125 1001
f 1001 1125 1002
f 1002 1125 1126
f 1002 1126 1127
f 1002 1127 1003
f 1003 1127 1004
f 1004 1127 1128
f 1004 1128 1005
f 1005 1128 1129
f 1005 1129 1130
f 1005 1130 1006
f 1006 1130 1007
f 1007 1130 1131
f 1007 1131 1132
f 1007 1132 1010
f 1008 1009 1133
f 1008 1133 1134
f 1008 1134 1135
f 1008 1135 1011
f 1010 1132 1136
f 1010 1136 1137
f 1010 1137 1133
f 1011 1135 1012
f 1012 1135 1138
f 1012 1138 1139
f 1012 1139 1140
f 1012 1140 1013
f 1013 1140 1014
f 1014 1140 1141
f 1014 1141 1018
f 1014 1018 1015
f 1016 1019 1142
f 1016 1142 1143
f 1016 1143 1017
f 1017 1143 1144
f 1017 1144 1076
f 1018 1141 1145
f 1018 1145 1142
f 1018 1142 1019
f 1020 1146 1111
f 1020 1041 1040
f 1020 1040 1146
f 1021 1147 1148
f 1021 1148 1022
f 1022 1148 1149
f 1022 1149 1023
f 1023 1149 1024
f 1024 1150 1025
f 1024 1149 1151
f 1024 1151 1150
f 1025 1152 1026
f 1025 1150 1152
f 1026 1152 1027
f 1027 1153 1028
f 1027 1152 1154
f 1027 1154 1153
f 1028 1155 1029
f 1028 1153 1155
f 1029 1155 1030
f 1030 1156 1157
f 1030 1157 1031
f 1030 1155 1156
f 1031 1157 1032
f 1032 1158 1159
f 1032 1159 1033
f 1032 1157 1158
f 1033 1159 1034
f 1034 1160 1161
f 1034 1161 1035
f 1034 1159 1160
f 1035 1161 1036
f 1036 1162 1163
f 1036 1163 1037
f 1036 1161 1162
f 1037 1163 1164
f 1037 1164 1038
f 1038 1164 1039
f 1039 1164 1165
f 1039 1165 1166
f 1039 1166 1167
f 1039 1167 1040
f 1040 1167 1146
f 1042 1075 1168
f 1042 1168 1044
f 1042 1044 1043
f 1044 1168 1045
f 1045 1168 1169
f 1045 1169 1046
f 1046 1169 1170
f 1046 1170 1171
f 1046 1171 1172
f 1046 1172 1048
f 1046 1048 1047
f 1048 1173 1147
f 1048 1172 1173
f 1050 1052 1174
f 1050 1174 1051
f 1051 1175 1176
f 1051 1176 1053
f 1051 1174 1175
f 1052 1177 1292
f 1052 1292 1178
f 1052 1178 1174
f 1053 1176 1054
f 1054 1179 1180
f 1054 1180 1055
f 1054 1176 1179
f 1055 1180 1181
f 1055 1181 1056
f 1056 1181 1057
f 1057 1182 1058
f 1057 1181 1182
f 1058 1182 1183
f 1058 1183 1059
f 1059 1184 1064
f 1059 1183 1184
f 1060 1065 1061
f 1061 1065 1185
f 1061 1185 1062
f 1062 1185 1186
f 1062 1186 1063
f 1063 1186 1187
f 1063 1187 1188
f 1063 1188 1066
f 1064 1184 1189
f 1064 1189 1065
f 1065 1190 1191
f 1065 1191 1185
f 1065 1189 1190
f 1066 1188 1067
f 1067 1188 1192
f 1067 1192 1193
f 1067 1193 1068
f 1068 1193 1194
f 1068 1194 1069
f 1069 1194 1195
f 1069 1195 1070
f 1070 1195 1071
f 1071 1195 1196
f 1071 1196 1072
f 1072 1196 1197
f 1072 1197 1073
f 1073 1197 1198
f 1073 1198 1199
f 1073 1199 1074
f 1074 1199 1075
f 1075 1199 1200
f 1075 1200 1169
f 1075 1169 1168
f 1076 1144 1078
f 1078 1144 1143
f 1078 1143 1142
f 1078 1142 1201
f 1078 1201 1202
f 1078 1202 1079
f 1079 1202 1203
f 1079 1203 1204
f 1079 1204 1205
f 1079 1205 1082
f 1079 1082 1080
f 1082 1205 1083
f 1083 1205 1206
f 1083 1206 1084
f 1084 1206 1085
f 1085 1207 1208
f 1085 1208 1087
f 1085 1087 1086
f 1085 1206 1207
f 1087 1208 1088
f 1088 1209 1089
f 1088 1208 1210
f 1088 1210 1209
f 1089 1209 1090
f 1090 1209 1091
f 1091 1209 1211
f 1091 1211 1212
f 1091 1212 1092
f 1092 1212 1213
f 1092 1213 1093
f 1093 1213 1214
f 1093 1214 1215
f 1093 1215 1095
f 1093 1095 1094
f 1095 1215 1216
f 1095 1216 1096
f 1096 1216 1097
f 1097 1099 1098
f 1097 1216 1217
f 1097 1217 1218
f 1097 1218 1099
f 1099 1218 1219
f 1099 1219 1100
f 1100 1219 1105
f 1100 1105 1101
f 1103 1108 1104
f 1104 1108 1220
f 1105 1219 1221
f 1105 1221 1106
f 1106 1222 1223
f 1106 1223 1224
f 1106 1224 1225
f 1106 1225 1107
f 1106 1221 1222
f 1107 1225 1226
f 1107 1226 1220
f 1107 1220 1108
f 1109 1227 1228
f 1109 1228 1110
f 1109 1111 1229
f 1109 1229 1227
f 1110 1228 1230
f 1110 1230 1112
f 1111 1146 1229
f 1112 1230 1113
f 1113 1231 1232
f 1113 1232 1233
f 1113 1233 1114
f 1113 1230 1231
f 1114 1233 1234
f 1115 1234 1235
f 1115 1235 1236
f 1115 1236 1116
f 1116 1236 1237
f 1116 1237 1238
f 1116 1238 1117
f 1117 1238 1118
f 1118 1238 1239
f 1118 1239 1240
f 1118 1240 1120
f 1120 1240 1241
f 1120 1241 1242
f 1120 1242 1121
f 1121 1242 1122
f 1122 1243 1123
f 1122 1242 1243
f 1123 1243 1244
f 1123 1244 1124
f 1124 1244 1245
f 1124 1245 1246
f 1124 1246 1125
f 1125 1246 1247
f 1125 1247 1126
f 1126 1247 1127
f 1127 1247 1248
f 1127 1248 1249
f 1127 1249 1128
f 1128 1249 1250
f 1128 1250 1129
f 1129 1250 1130
f 1130 1250 1251
f 1130 1251 1131
f 1131 1251 1132
f 1132 1137 1136
f 1132 1251 1252
f 1132 1252 1253
f 1132 1253 1137
f 1133 1137 1254
f 1133 1254 1134
f 1134 1255 1135
f 1134 1254 1255
f 1135 1255 1138
f 1137 1253 1256
f 1137 1256 1254
f 1138 1255 1257
f 1138 1257 1258
f 1138 1258 1139
f 1139 1145 1140
f 1139 1258 1145
f 1140 1145 1141
f 1142 1145 1259
f 1142 1259 1260
f 1142 1260 1201
f 1145 1258 1261
f 1145 1261 1259
f 1146 1262 1229
f 1146 1167 1262
f 1147 1173 1263
f 1147 1263 1264
f 1147 1264 1148
f 1148 1264 1149
f 1149 1264 1265
f 1149 1265 1151
f 1150 1151 1266
f 1150 1266 1152
f 1151 1267 1266
f 1151 1265 1267
f 1152 1266 1268
f 1152 1268 1269
f 1152 1269 1154
f 1153 1154 1269
f 1153 1269 1270
f 1153 1270 1271
f 1153 1271 1155
f 1155 1271 1272
f 1155 1272 1156
f 1156 1272 1157
f 1157 1272 1273
f 1157 1273 1274
f 1157 1274 1158
f 1158 1274 1159
f 1159 1274 1275
f 1159 1275 1276
f 1159 1276 1160
f 1160 1276 1161
f 1161 1277 1278
f 1161 1278 1162
f 1161 1276 1277
f 1162 1278 1163
f 1163 1278 1279
f 1163 1279 1164
f 1164 1279 1280
f 1164 1280 1281
f 1164 1281 1165
f 1165 1281 1282
f 1165 1282 1283
f 1165 1283 1166
f 1166 1283 1284
f 1166 1284 1262
f 1166 1262 1167
f 1169 1200 1285
f 1169 1285 1170
f 1170 1285 1171
f 1171 1286 1263
f 1171 1263 1172
f 1171 1285 1287
f 1171 1287 1392
f 1171 1392 1286
f 1172 1263 1173
f 1174 1178 1175
f 1175 1288 1176
f 1175 1178 1288
f 1176 1288 1289
f 1176 1289 1179
f 1177 1290 1291
f 1177 1291 1292
f 1178 1292 1402
f 1178 1402 1293
f 1178 1293 1288
f 1179 1289 1294
f 1179 1294 1295
f 1179 1295 1180
f 1180 1295 1181
f 1181 1295 1296
f 1181 1296 1297
f 1181 1297 1182
f 1182 1297 1183
f 1183 1297 1298
f 1183 1298 1184
f 1184 1298 1299
f 1184 1299 1189
f 1185 1191 1186
f 1186 1191 1300
f 1186 1300 1301
f 1186 1301 1187
f 1187 1301 1188
f 1188 1301 1302
f 1188 1302 1192
f 1189 1299 1303
f 1189 1303 1304
f 1189 1304 1190
f 1190 1304 1191
f 1191 1305 1306
f 1191 1306 1300
f 1191 1304 1305
f 1192 1302 1307
f 1192 1307 1308
f 1192 1308 1193
f 1193 1308 1194
f 1194 1308 1309
f 1194 1309 1195
f 1195 1309 1310
f 1195 1310 1311
f 1195 1311 1196
f 1196 1311 1312
f 1196 1312 1197
f 1197 1312 1198
f 1198 1312 1313
f 1198 1313 1314
f 1198 1314 1199
f 1199 1314 1285
f 1199 1285 1200
f 1201 1260 1202
f 1202 1259 1315
f 1202 1315 1316
f 1202 1316 1317
f 1202 1317 1203
f 1202 1260 1259
f 1203 1206 1204
f 1203 1317 1429
f 1203 1429 1318
f 1203 1318 1206
f 1204 1206 1205
f 1206 1318 1319
f 1206 1319 1207
f 1207 1319 1320
f 1207 1320 1208
f 1208 1320 1321
f 1208 1321 1210
f 1209 1210 1321
f 1209 1321 1211
f 1211 1321 1322
f 1211 1322 1323
f 1211 1323 1324
f 1211 1324 1212
f 1212 1324 1213
f 1213 1324 1323
f 1213 1323 1325
f 1213 1325 1214
f 1214 1216 1215
f 1214 1325 1217
f 1214 1217 1216
f 1217 1325 1326
f 1217 1326 1218
f 1218 1326 1327
f 1218 1327 1328
f 1218 1328 1219
f 1219 1328 1222
f 1219 1222 1221
f 1222 1327 1329
f 1222 1329 1330
f 1222 1330 1223
f 1222 1328 1327
f 1223 1330 1331
f 1223 1331 1224
f 1224 1331 1443
f 1224 1443 1444
f 1224 1444 1332
f 1224 1332 1226
f 1224 1226 1225
f 1227 1333 1228
f 1227 1229 1333
f 1228 1333 1334
f 1228 1334 1335
f 1228 1335 1336
f 1228 1336 1230
f 1229 1262 1284
f 1229 1284 1337
f 1229 1337 1333
f 1230 1336 1338
f 1230 1338 1231
f 1231 1339 1340
f 1231 1340 1232
f 1231 1338 1339
f 1232 1340 1341
f 1232 1341 1342
f 1232 1342 1343
f 1232 1343 1233
f 1233 1343 1234
f 1234 1343 1235
f 1235 1343 1236
f 1236 1343 1344
f 1236 1344 1345
f 1236 1345 1237
f 1237 1345 1346
f 1237 1346 1238
f 1238 1346 1347
f 1238 1347 1239
f 1239 1347 1240
f 1240 1347 1348
f 1240 1348 1241
f 1241 1348 1349
f 1241 1349 1242
f 1242 1349 1350
f 1242 1350 1243
f 1243 1351 1244
f 1243 1350 1351
f 1244 1351 1352
f 1244 1352 1353
f 1244 1353 1245
f 1245 1353 1246
f 1246 1353 1354
f 1246 1354 1247
f 1247 1354 1355
f 1247 1355 1356
f 1247 1356 1248
f 1248 1356 1249
f 1249 1356 1357
f 1249 1357 1250
f 1250 1357 1358
f 1250 1358 1359
f 1250 1359 1251
f 1251 1359 1360
f 1251 1360 1361
f 1251 1361 1252
f 1252 1361 1253
f 1253 1361 1362
f 1253 1362 1256
f 1254 1256 1363
f 1254 1363 1255
f 1255 1363 1364
f 1255 1364 1257
f 1256 1365 1363
f 1256 1362 1366
f 1256 1366 1365
f 1257 1364 1258
f 1258 1364 1367
f 1258 1367 1368
f 1258 1368 1261
f 1259 1261 1368
f 1259 1368 1315
f 1263 1286 1264
f 1264 1286 1369
f 1264 1369 1370
f 1264 1370 1265
f 1265 1371 1267
f 1265 1370 1371
f 1266 1267 1371
f 1266 1371 1372
f 1266 1372 1268
f 1268 1373 1374
f 1268 1374 1269
f 1268 1372 1373
f 1269 1374 1270
f 1270 1374 1375
f 1270 1375 1271
f 1271 1376 1377
f 1271 1377 1272
f 1271 1375 1376
f 1272 1377 1273
f 1273 1378 1379
f 1273 1379 1274
f 1273 1377 1378
f 1274 1379 1380
f 1274 1380 1275
f 1275 1380 1381
f 1275 1381 1276
f 1276 1381 1277
f 1277 1381 1382
f 1277 1382 1278
f 1278 1383 1384
f 1278 1384 1279
f 1278 1382 1383
f 1279 1384 1280
f 1280 1385 1281
f 1280 1384 1385
f 1281 1385 1386
f 1281 1386 1387
f 1281 1387 1388
f 1281 1388 1282
f 1282 1388 1284
f 1282 1284 1283
f 1284 1389 1390
f 1284 1390 1337
f 1284 1388 1389
f 1285 1314 1391
f 1285 1391 1287
f 1286 1392 1393
f 1286 1393 1369
f 1287 1391 1394
f 1287 1394 1502
f 1287 1502 1392
f 1288 1293 1395
f 1288 1395 1289
f 1289 1396 1397
f 1289 1397 1294
f 1289 1395 1396
f 1290 1398 1291
f 1291 1398 1399
f 1291 1399 1400
f 1291 1400 1401
f 1291 1401 1292
f 1292 1401 1402
f 1293 1402 1395
f 1294 1397 1295
f 1295 1397 1403
f 1295 1403 1404
f 1295 1404 1296
f 1296 1404 1297
f 1297 1404 1405
f 1297 1405 1406
f 1297 1406 1407
f 1297 1407 1298
f 1298 1408 1409
f 1298 1409 1299
f 1298 1407 1408
f 1299 1409 1517
f 1299 1517 1410
f 1299 1410 1303
f 1300 1306 1301
f 1301 1411 1412
f 1301 1412 1302
f 1301 1306 1411
f 1302 1412 1413
f 1302 1413 1307
f 1303 1410 1304
f 1304 1410 1414
f 1304 1414 1415
f 1304 1415 1416
f 1304 1416 1305
f 1305 1416 1417
f 1305 1417 1306
f 1306 1417 1418
f 1306 1418 1419
f 1306 1419 1411
f 1307 1413 1308
f 1308 1413 1420
f 1308 1420 1309
f 1309 1420 1421
f 1309 1421 1422
f 1309 1422 1310
f 1310 1422 1311
f 1311 1422 1423
f 1311 1423 1424
f 1311 1424 1312
f 1312 1425 1313
f 1312 1424 1425
f 1313 1425 1314
f 1314 1425 1391
f 1315 1368 1316
f 1316 1368 1426
f 1316 1426 1427
f 1316 1427 1317
f 1317 1427 1428
f 1317 1428 1429
f 1318 1429 1319
f 1319 1429 1430
f 1319 1430 1320
f 1320 1430 1431
f 1320 1431 1432
f 1320 1432 1433
f 1320 1433 1321
f 1321 1433 1434
f 1321 1434 1322
f 1322 1434 1435
f 1322 1435 1323
f 1323 1435 1542
f 1323 1542 1436
f 1323 1436 1325
f 1325 1436 1437
f 1325 1437 1326
f 1326 1437 1327
f 1327 1438 1329
f 1327 1437 1543
f 1327 1543 1438
f 1329 1439 1440
f 1329 1440 1330
f 1329 1438 1545
f 1329 1545 1439
f 1330 1440 1331
f 1331 1440 1441
f 1331 1441 1442
f 1331 1442 1443
f 1333 1337 1390
f 1333 1390 1445
f 1333 1445 1446
f 1333 1446 1334
f 1334 1446 1335
f 1335 1338 1336
f 1335 1446 1447
f 1335 1447 1448
f 1335 1448 1449
f 1335 1449 1338
f 1338 1449 1339
f 1339 1449 1340
f 1340 1450 1451
f 1340 1451 1341
f 1340 1449 1450
f 1341 1451 1452
f 1341 1452 1453
f 1341 1453 1342
f 1342 1453 1454
f 1342 1454 1344
f 1342 1344 1343
f 1344 1454 1345
f 1345 1454 1455
f 1345 1455 1456
f 1345 1456 1346
f 1346 1456 1347
f 1347 1456 1457
f 1347 1457 1458
f 1347 1458 1348
f 1348 1458 1459
f 1348 1459 1349
f 1349 1459 1460
f 1349 1460 1350
f 1350 1460 1351
f 1351 1460 1352
f 1352 1461 1462
f 1352 1462 1463
f 1352 1463 1353
f 1352 1460 1461
f 1353 1463 1464
f 1353 1464 1465
f 1353 1465 1466
f 1353 1466 1354
f 1354 1466 1467
f 1354 1467 1355
f 1355 1467 1356
f 1356 1467 1468
f 1356 1468 1357
f 1357 1468 1469
f 1357 1469 1470
f 1357 1470 1358
f 1358 1470 1359
f 1359 1470 1471
f 1359 1471 1360
f 1360 1471 1361
f 1361 1471 1472
f 1361 1472 1473
f 1361 1473 1362
f 1362 1473 1366
f 1363 1365 1474
f 1363 1474 1475
f 1363 1475 1364
f 1364 1475 1476
f 1364 1476 1367
f 1365 1366 1477
f 1365 1477 1478
f 1365 1478 1474
f 1366 1473 1479
f 1366 1479 1480
f 1366 1480 1477
f 1367 1476 1368
f 1368 1476 1426
f 1369 1393 1481
f 1369 1481 1370
f 1370 1481 1371
f 1371 1481 1482
f 1371 1482 1483
f 1371 1483 1372
f 1372 1483 1484
f 1372 1484 1373
f 1373 1484 1374
f 1374 1484 1485
f 1374 1485 1486
f 1374 1486 1375
f 1375 1486 1487
f 1375 1487 1376
f 1376 1487 1488
f 1376 1488 1377
f 1377 1488 1489
f 1377 1489 1378
f 1378 1489 1379
f 1379 1489 1490
f 1379 1490 1380
f 1380 1490 1491
f 1380 1491 1381
f 1381 1492 1493
f 1381 1493 1382
f 1381 1491 1492
f 1382 1493 1494
f 1382 1494 1383
f 1383 1494 1384
f 1384 1494 1495
f 1384 1495 1496
f 1384 1496 1385
f 1385 1496 1386
f 1386 1496 1497
f 1386 1497 1498
f 1386 1498 1387
f 1387 1498 1499
f 1387 1499 1389
f 1387 1389 1388
f 1389 1499 1390
f 1390 1499 1500
f 1390 1500 1501
f 1390 1501 1445
f 1391 1425 1394
f 1392 1502 1393
f 1393 1502 1503
f 1393 1503 1481
f 1394 1425 1532
f 1394 1532 1502
f 1395 1402 1504
f 1395 1504 1396
f 1396 1504 1505
f 1396 1505 1397
f 1397 1505 1512
f 1397 1512 1403
f 1398 1506 1507
f 1398 1507 1399
f 1399 1507 1400
f 1400 1508 1509
f 1400 1509 1510
f 1400 1510 1401
f 1400 1507 1511
f 1400 1511 1508
f 1401 1510 1504
f 1401 1504 1402
f 1403 1512 1513
f 1403 1513 1404
f 1404 1513 1405
f 1405 1513 1406
f 1406 1513 1514
f 1406 1514 1515
f 1406 1515 1408
f 1406 1408 1407
f 1408 1515 1409
f 1409 1515 1516
f 1409 1516 1517
f 1410 1517 1414
f 1411 1518 1412
f 1411 1419 1518
f 1412 1518 1413
f 1413 1519 1526
f 1413 1526 1420
f 1413 1518 1519
f 1414 1517 1415
f 1415 1517 1520
f 1415 1520 1521
f 1415 1521 1416
f 1416 1521 1418
f 1416 1418 1417
f 1418 1521 1522
f 1418 1522 1523
f 1418 1523 1524
f 1418 1524 1419
f 1419 1524 1525
f 1419 1525 1518
f 1420 1526 1527
f 1420 1527 1421
f 1421 1527 1422
f 1422 1528 1633
f 1422 1633 1529
f 1422 1529 1423
f 1422 1527 1631
f 1422 1631 1528
f 1423 1529 1424
f 1424 1530 1531
f 1424 1531 1425
f 1424 1529 1530
f 1425 1531 1532
f 1426 1476 1427
f 1427 1476 1533
f 1427 1533 1534
f 1427 1534 1535
f 1427 1535 1536
f 1427 1536 1428
f 1428 1536 1429
f 1429 1536 1430
f 1430 1536 1431
f 1431 1536 1537
f 1431 1537 1432
f 1432 1537 1538
f 1432 1538 1539
f 1432 1539 1540
f 1432 1540 1434
f 1432 1434 1433
f 1434 1540 1541
f 1434 1541 1435
f 1435 1541 1542
f 1436 1542 1437
f 1437 1542 1543
f 1438 1543 1544
f 1438 1544 1545
f 1439 1545 1546
f 1439 1546 1547
f 1439 1547 1441
f 1439 1441 1440
f 1441 1548 1549
f 1441 1549 1442
f 1441 1547 1646
f 1441 1646 1548
f 1442 1549 1443
f 1443 1549 1550
f 1443 1550 1444
f 1445 1501 1551
f 1445 1551 1446
f 1446 1551 1447
f 1447 1551 1552
f 1447 1552 1553
f 1447 1553 1554
f 1447 1554 1555
f 1447 1555 1448
f 1448 1555 1449
f 1449 1555 1450
f 1450 1555 1451
f 1451 1555 1556
f 1451 1556 1452
f 1452 1556 1557
f 1452 1557 1558
f 1452 1558 1559
f 1452 1559 1560
f 1452 1560 1453
f 1453 1560 1454
f 1454 1560 1455
f 1455 1560 1561
f 1455 1561 1562
f 1455 1562 1563
f 1455 1563 1457
f 1455 1457 1456
f 1457 1563 1458
f 1458 1563 1564
f 1458 1564 1459
f 1459 1564 1460
f 1460 1564 1461
f 1461 1564 1565
f 1461 1565 1566
f 1461 1566 1462
f 1462 1566 1464
f 1462 1464 1463
f 1464 1566 1567
f 1464 1567 1568
f 1464 1568 1465
f 1465 1568 1569
f 1465 1569 1466
f 1466 1569 1467
f 1467 1569 1570
f 1467 1570 1468
f 1468 1570 1571
f 1468 1571 1572
f 1468 1572 1469
f 1469 1572 1470
f 1470 1572 1573
f 1470 1573 1574
f 1470 1574 1471
f 1471 1574 1575
f 1471 1575 1479
f 1471 1479 1472
f 1472 1479 1473
f 1474 1478 1533
f 1474 1533 1475
f 1475 1533 1476
f 1477 1480 1576
f 1477 1576 1577
f 1477 1577 1478
f 1478 1577 1533
f 1479 1575 1578
f 1479 1578 1579
f 1479 1579 1580
f 1479 1580 1480
f 1480 1580 1581
f 1480 1581 1576
f 1481 1582 1482
f 1481 1503 1583
f 1481 1583 1582
f 1482 1584 1483
f 1482 1582 1584
f 1483 1584 1585
f 1483 1585 1484
f 1484 1585 1586
f 1484 1586 1485
f 1485 1586 1587
f 1485 1587 1486
f 1486 1587 1487
f 1487 1587 1588
f 1487 1588 1488
f 1488 1588 1589
f 1488 1589 1590
f 1488 1590 1489
f 1489 1590 1591
f 1489 1591 1490
f 1490 1591 1592
f 1490 1592 1491
f 1491 1592 1492
f 1492 1593 1594
f 1492 1594 1493
f 1492 1592 1593
f 1493 1594 1595
f 1493 1595 1494
f 1494 1595 1596
f 1494 1596 1495
f 1495 1596 1496
f 1496 1597 1598
f 1496 1598 1497
f 1496 1596 1597
f 1497 1598 1599
f 1497 1599 1600
f 1497 1600 1498
f 1498 1600 1499
f 1499 1601 1602
f 1499 1602 1500
f 1499 1600 1601
f 1500 1602 1603
f 1500 1603 1501
f 1501 1603 1604
f 1501 1604 1551
f 1502 1532 1605
f 1502 1605 1503
f 1503 1606 1583
f 1503 1605 1606
f 1504 1607 1505
f 1504 1510 1607
f 1505 1607 1512
f 1506 1608 1507
f 1507 1608 1609
f 1507 1609 1610
f 1507 1610 1511
f 1508 1611 1612
f 1508 1612 1613
f 1508 1613 1509
f 1508 1511 1614
f 1508 1614 1615
f 1508 1615 1611
f 1509 1613 1510
f 1510 1613 1607
f 1511 1610 1614
f 1512 1607 1616
f 1512 1616 1617
f 1512 1617 1513
f 1513 1617 1514
f 1514 1617 1618
f 1514 1618 1515
f 1515 1618 1619
f 1515 1619 1620
f 1515 1620 1516
f 1516 1620 1621
f 1516 1621 1622
f 1516 1622 1517
f 1517 1622 1520
f 1518 1525 1623
f 1518 1623 1519
f 1519 1623 1630
f 1519 1630 1526
f 1520 1624 1521
f 1520 1622 1624
f 1521 1625 1522
f 1521 1624 1626
f 1521 1626 1625
f 1522 1627 1523
f 1522 1625 1627
f 1523 1628 1525
f 1523 1525 1524
f 1523 1627 1628
f 1525 1628 1629
f 1525 1629 1623
f 1526 1630 1631
f 1526 1631 1527
f 1528 1631 1730
f 1528 1730 1632
f 1528 1632 1732
f 1528 1732 1633
f 1529 1633 1634
f 1529 1634 1530
f 1530 1634 1531
f 1531 1634 1532
f 1532 1634 1635
f 1532 1635 1605
f 1533 1577 1636
f 1533 1636 1534
f 1534 1636 1637
f 1534 1637 1535
f 1535 1637 1638
f 1535 1638 1536
f 1536 1638 1537
f 1537 1638 1538
f 1538 1638 1639
f 1538 1639 1640
f 1538 1640 1539
f 1539 1640 1641
f 1539 1641 1541
f 1539 1541 1540
f 1541 1641 1642
f 1541 1642 1643
f 1541 1643 1542
f 1542 1643 1544
f 1542 1544 1543
f 1544 1644 1546
f 1544 1546 1545
f 1544 1643 1644
f 1546 1645 1646
f 1546 1646 1547
f 1546 1644 1739
f 1546 1739 1645
f 1548 1646 1742
f 1548 1742 1647
f 1548 1647 1648
f 1548 1648 1549
f 1549 1648 1649
f 1549 1649 1550
f 1550 1649 1650
f 1550 1650 1651
f 1551 1604 1652
f 1551 1652 1552
f 1552 1653 1654
f 1552 1654 1553
f 1552 1652 1653
f 1553 1654 1655
f 1553 1655 1554
f 1554 1655 1557
f 1554 1557 1556
f 1554 1556 1555
f 1557 1656 1657
f 1557 1657 1755
f 1557 1755 1658
f 1557 1658 1558
f 1557 1655 1656
f 1558 1658 1659
f 1558 1659 1559
f 1559 1659 1660
f 1559 1660 1661
f 1559 1661 1562
f 1559 1562 1561
f 1559 1561 1560
f 1562 1661 1662
f 1562 1662 1663
f 1562 1663 1564
f 1562 1564 1563
f 1564 1664 1565
f 1564 1663 1664
f 1565 1664 1665
f 1565 1665 1566
f 1566 1665 1666
f 1566 1666 1567
f 1567 1666 1667
f 1567 1667 1668
f 1567 1668 1568
f 1568 1668 1569
f 1569 1668 1669
f 1569 1669 1670
f 1569 1670 1570
f 1570 1670 1671
f 1570 1671 1571
f 1571 1671 1572
f 1572 1671 1672
f 1572 1672 1673
f 1572 1673 1573
f 1573 1673 1574
f 1574 1673 1674
f 1574 1674 1575
f 1575 1674 1675
f 1575 1675 1579
f 1575 1579 1578
f 1576 1581 1577
f 1577 1581 1676
f 1577 1676 1677
f 1577 1677 1636
f 1579 1675 1678
f 1579 1678 1679
f 1579 1679 1774
f 1579 1774 1680
f 1579 1680 1580
f 1580 1680 1581
f 1581 1680 1681
f 1581 1681 1682
f 1581 1682 1676
f 1582 1583 1683
f 1582 1683 1584
f 1583 1606 1683
f 1584 1683 1684
f 1584 1684 1585
f 1585 1685 1686
f 1585 1686 1586
f 1585 1684 1685
f 1586 1686 1687
f 1586 1687 1587
f 1587 1687 1588
f 1588 1687 1688
f 1588 1688 1689
f 1588 1689 1589
f 1589 1689 1590
f 1590 1690 1691
f 1590 1691 1591
f 1590 1689 1690
f 1591 1691 1692
f 1591 1692 1592
f 1592 1692 1693
f 1592 1693 1593
f 1593 1693 1694
f 1593 1694 1594
f 1594 1694 1695
f 1594 1695 1595
f 1595 1695 1596
f 1596 1695 1696
f 1596 1696 1697
f 1596 1697 1597
f 1597 1698 1598
f 1597 1697 1698
f 1598 1698 1699
f 1598 1699 1700
f 1598 1700 1599
f 1599 1700 1601
f 1599 1601 1600
f 1601 1701 1702
f 1601 1702 1602
f 1601 1700 1701
f 1602 1702 1703
f 1602 1703 1603
f 1603 1703 1704
f 1603 1704 1705
f 1603 1705 1604
f 1604 1705 1652
f 1605 1635 1706
f 1605 1706 1606
f 1606 1706 1683
f 1607 1613 1707
f 1607 1707 1616
f 1609 1708 1610
f 1610 1708 1709
f 1610 1709 1614
f 1611 1615 1710
f 1611 1710 1711
f 1611 1711 1712
f 1611 1712 1612
f 1612 1712 1613
f 1613 1712 1707
f 1614 1713 1615
f 1614 1709 1714
f 1614 1714 1713
f 1615 1713 1710
f 1616 1707 1617
f 1617 1707 1715
f 1617 1715 1618
f 1618 1716 1619
f 1618 1715 1717
f 1618 1717 1718
f 1618 1718 1716
f 1619 1716 1620
f 1620 1719 1621
f 1620 1716 1720
f 1620 1720 1719
f 1621 1719 1624
f 1621 1624 1622
f 1623 1721 1630
f 1623 1629 1721
f 1624 1719 1722
f 1624 1722 1626
f 1625 1626 1723
f 1625 1723 1627
f 1626 1722 1724
f 1626 1724 1723
f 1627 1723 1725
f 1627 1725 1726
f 1627 1726 1727
f 1627 1727 1628
f 1628 1727 1728
f 1628 1728 1629
f 1629 1728 1729
f 1629 1729 1721
f 1630 1730 1631
f 1630 1721 1730
f 1632 1730 1824
f 1632 1824 1731
f 1632 1731 1804
f 1632 1804 1732
f 1633 1732 1634
f 1634 1732 1635
f 1635 1732 1706
f 1636 1677 1637
f 1637 1677 1733
f 1637 1733 1734
f 1637 1734 1639
f 1637 1639 1638
f 1639 1734 1640
f 1640 1735 1736
f 1640 1736 1737
f 1640 1737 1641
f 1640 1734 1735
f 1641 1737 1738
f 1641 1738 1642
f 1642 1644 1643
f 1642 1738 1739
f 1642 1739 1644
f 1645 1740 1741
f 1645 1741 1742
f 1645 1742 1646
f 1645 1739 1740
f 1647 1743 1648
f 1647 1742 1744
f 1647 1744 1745
f 1647 1745 1743
f 1648 1743 1650
f 1648 1650 1649
f 1650 1743 1745
f 1650 1745 1746
f 1650 1746 1747
f 1650 1747 1651
f 1652 1705 1653
f 1653 1705 1748
f 1653 1748 1749
f 1653 1749 1750
f 1653 1750 1654
f 1654 1750 1751
f 1654 1751 1752
f 1654 1752 1655
f 1655 1752 1753
f 1655 1753 1656
f 1656 1753 1657
f 1657 1753 1754
f 1657 1754 1755
f 1658 1755 1659
f 1659 1755 1756
f 1659 1756 1660
f 1660 1756 1844
f 1660 1844 1757
f 1660 1757 1661
f 1661 1757 1662
f 1662 1757 1758
f 1662 1758 1664
f 1662 1664 1663
f 1664 1758 1665
f 1665 1758 1759
f 1665 1759 1667
f 1665 1667 1666
f 1667 1759 1760
f 1667 1760 1761
f 1667 1761 1762
f 1667 1762 1763
f 1667 1763 1764
f 1667 1764 1668
f 1668 1764 1765
f 1668 1765 1669
f 1669 1765 1670
f 1670 1765 1766
f 1670 1766 1671
f 1671 1766 1767
f 1671 1767 1768
f 1671 1768 1672
f 1672 1768 1673
f 1673 1768 1769
f 1673 1769 1674
f 1674 1769 1770
f 1674 1770 1678
f 1674 1678 1675
f 1676 1682 1733
f 1676 1733 1677
f 1678 1770 1771
f 1678 1771 1772
f 1678 1772 1773
f 1678 1773 1679
f 1679 1773 1774
f 1680 1774 1681
f 1681 1774 1775
f 1681 1775 1776
f 1681 1776 1777
f 1681 1777 1682
f 1682 1777 1778
f 1682 1778 1733
f 1683 1779 1780
f 1683 1780 1684
f 1683 1706 1779
f 1684 1780 1781
f 1684 1781 1685
f 1685 1781 1686
f 1686 1782 1687
f 1686 1781 1782
f 1687 1783 1688
f 1687 1782 1783
f 1688 1784 1785
f 1688 1785 1689
f 1688 1783 1784
f 1689 1785 1786
f 1689 1786 1690
f 1690 1786 1787
f 1690 1787 1691
f 1691 1787 1692
f 1692 1788 1789
f 1692 1789 1693
f 1692 1787 1788
f 1693 1789 1694
f 1694 1790 1791
f 1694 1791 1695
f 1694 1789 1790
f 1695 1791 1792
f 1695 1792 1696
f 1696 1792 1793
f 1696 1793 1697
f 1697 1793 1698
f 1698 1793 1794
f 1698 1794 1699
f 1699 1794 1795
f 1699 1795 1796
f 1699 1796 1797
f 1699 1797 1701
f 1699 1701 1700
f 1701 1797 1798
f 1701 1798 1702
f 1702 1798 1703
f 1703 1798 1799
f 1703 1799 1800
f 1703 1800 1801
f 1703 1801 1704
f 1704 1801 1802
f 1704 1802 1705
f 1705 1802 1803
f 1705 1803 1748
f 1706 1732 1804
f 1706 1804 1866
f 1706 1866 1779
f 1707 1712 1715
f 1708 1805 1709
f 1709 1806 1714
f 1709 1805 1807
f 1709 1807 1806
f 1710 1713 1808
f 1710 1808 1809
f 1710 1809 1810
f 1710 1810 1711
f 1711 1811 1712
f 1711 1810 1811
f 1712 1811 1717
f 1712 1717 1715
f 1713 1714 1806
f 1713 1806 1812
f 1713 1812 1808
f 1716 1718 1813
f 1716 1813 1814
f 1716 1814 1720
f 1717 1811 1718
f 1718 1811 1815
f 1718 1815 1813
f 1719 1720 1814
f 1719 1814 1816
f 1719 1816 1817
f 1719 1817 1722
f 1721 1729 1730
f 1722 1817 1818
f 1722 1818 1724
f 1723 1724 1818
f 1723 1818 1819
f 1723 1819 1820
f 1723 1820 1725
f 1725 1820 1821
f 1725 1821 1726
f 1726 1822 1727
f 1726 1821 1822
f 1727 1822 1728
f 1728 1822 1729
f 1729 1822 1823
f 1729 1823 1907
f 1729 1907 1824
f 1729 1824 1730
f 1731 1824 1825
f 1731 1825 1804
f 1733 1778 1735
f 1733 1735 1734
f 1735 1778 1736
f 1736 1826 1827
f 1736 1827 1828
f 1736 1828 1738
f 1736 1738 1737
f 1736 1778 1826
f 1738 1828 1829
f 1738 1829 1740
f 1738 1740 1739
f 1740 1829 1830
f 1740 1830 1741
f 1741 1830 1742
f 1742 1830 1831
f 1742 1831 1744
f 1744 1831 1832
f 1744 1832 1833
f 1744 1833 1745
f 1745 1833 1834
f 1745 1834 1746
f 1746 1834 1747
f 1747 1834 1835
f 1748 1803 1749
f 1749 1803 1836
f 1749 1836 1837
f 1749 1837 1751
f 1749 1751 1750
f 1751 1837 1838
f 1751 1838 1753
f 1751 1753 1752
f 1753 1838 1754
f 1754 1838 1839
f 1754 1839 1840
f 1754 1840 1841
f 1754 1841 1755
f 1755 1841 1842
f 1755 1842 1843
f 1755 1843 1756
f 1756 1843 1844
f 1757 1844 1758
f 1758 1844 1845
f 1758 1845 1760
f 1758 1760 1759
f 1760 1845 1761
f 1761 1846 1847
f 1761 1847 1762
f 1761 1845 1848
f 1761 1848 1846
f 1762 1847 1763
f 1763 1847 1849
f 1763 1849 1850
f 1763 1850 1764
f 1764 1850 1851
f 1764 1851 1765
f 1765 1851 1852
f 1765 1852 1766
f 1766 1852 1767
f 1767 1852 1853
f 1767 1853 1768
f 1768 1853 1854
f 1768 1854 1855
f 1768 1855 1769
f 1769 1855 1771
f 1769 1771 1770
f 1771 1855 1856
f 1771 1856 1857
f 1771 1857 1858
f 1771 1858 1772
f 1772 1858 1859
f 1772 1859 1773
f 1773 1859 1860
f 1773 1860 1861
f 1773 1861 1862
f 1773 1862 1775
f 1773 1775 1774
f 1775 1862 1776
f 1776 1862 1861
f 1776 1861 1863
f 1776 1863 1864
f 1776 1864 1777
f 1777 1864 1778
f 1778 1864 1826
f 1779 1865 1780
f 1779 1866 1865
f 1780 1865 1781
f 1781 1867 1868
f 1781 1868 1782
f 1781 1865 1867
f 1782 1868 1783
f 1783 1869 1870
f 1783 1870 1784
f 1783 1868 1869
f 1784 1870 1785
f 1785 1871 1872
f 1785 1872 1786
f 1785 1870 1871
f 1786 1872 1787
f 1787 1872 1873
f 1787 1873 1874
f 1787 1874 1788
f 1788 1874 1789
f 1789 1874 1875
f 1789 1875 1876
f 1789 1876 1790
f 1790 1876 1791
f 1791 1877 1792
f 1791 1876 1877
f 1792 1877 1878
f 1792 1878 1879
f 1792 1879 1793
f 1793 1879 1880
f 1793 1880 1794
f 1794 1880 1795
f 1795 1880 1881
f 1795 1881 1882
f 1795 1882 1796
f 1796 1882 1959
f 1796 1959 1883
f 1796 1883 1798
f 1796 1798 1797
f 1798 1883 1884
f 1798 1884 1799
f 1799 1884 1885
f 1799 1885 1800
f 1800 1885 1802
f 1800 1802 1801
f 1802 1885 1886
f 1802 1886 1887
f 1802 1887 1803
f 1803 1887 1836
f 1804 1825 1866
f 1805 1888 1807
f 1806 1807 1889
f 1806 1889 1890
f 1806 1890 1812
f 1807 1888 1889
f 1808 1812 1891
f 1808 1891 1809
f 1809 1892 1893
f 1809 1893 1810
f 1809 1891 1894
f 1809 1894 1892
f 1810 1893 1811
f 1811 1893 1895
f 1811 1895 1815
f 1812 1890 1896
f 1812 1896 1891
f 1813 1815 1897
f 1813 1897 1814
f 1814 1897 1898
f 1814 1898 1899
f 1814 1899 1816
f 1815 1895 1897
f 1816 1899 1900
f 1816 1900 1817
f 1817 1900 1818
f 1818 1900 1901
f 1818 1901 1819
f 1819 1901 1902
f 1819 1902 1903
f 1819 1903 1820
f 1820 1903 1905
f 1820 1905 1821
f 1821 1904 1822
f 1821 1905 1904
f 1822 1904 1906
f 1822 1906 1823
f 1823 1906 1908
f 1823 1908 1907
f 1824 1907 1825
f 1825 1907 1908
f 1825 1908 1909
f 1825 1909 1865
f 1825 1865 1866
f 1826 1864 1827
f 1827 1910 1911
f 1827 1911 1912
f 1827 1912 1829
f 1827 1829 1828
f 1827 1864 1910
f 1829 1912 1830
f 1830 1912 1913
f 1830 1913 1831
f 1831 1914 1915
f 1831 1915 1832
f 1831 1913 1914
f 1832 1915 1833
f 1833 1915 1916
f 1833 1916 1917
f 1833 1917 1834
f 1834 1917 1918
f 1834 1918 1835
f 1836 1919 1920
f 1836 1920 1921
f 1836 1921 1922
f 1836 1922 1837
f 1836 1887 1919
f 1837 1922 1838
f 1838 1922 1923
f 1838 1923 1839
f 1839 1923 1924
f 1839 1924 1840
f 1840 1924 1998
f 1840 1998 1925
f 1840 1925 1841
f 1841 1925 1842
f 1842 1925 2000
f 1842 2000 1926
f 1842 1926 1843
f 1843 1926 1927
f 1843 1927 1844
f 1844 1927 1848
f 1844 1848 1845
f 1846 1848 1928
f 1846 1928 1929
f 1846 1929 1930
f 1846 1930 1931
f 1846 1931 1847
f 1847 1931 1932
f 1847 1932 1849
f 1848 1927 1926
f 1848 1926 1928
f 1849 1932 1850
f 1850 1932 1851
f 1851 1932 1933
f 1851 1933 1852
f 1852 1933 1934
f 1852 1934 1935
f 1852 1935 1853
f 1853 1935 1936
f 1853 1936 1854
f 1854 1936 1855
f 1855 1936 1856
f 1856 1937 1857
f 1856 1936 1937
f 1857 1937 1938
f 1857 1938 1939
f 1857 1939 1858
f 1858 1939 1859
f 1859 1939 1940
f 1859 1940 1860
f 1860 1940 1941
f 1860 1941 1861
f 1861 1941 1942
f 1861 1942 1863
f 1863 1942 1864
f 1864 1942 1910
f 1865 1909 1867
f 1867 1943 1944
f 1867 1944 1868
f 1867 1909 1943
f 1868 1944 1945
f 1868 1945 1869
f 1869 1945 1870
f 1870 1946 1947
f 1870 1947 1871
f 1870 1945 1946
f 1871 1947 1872
f 1872 1948 1949
f 1872 1949 1873
f 1872 1947 1948
f 1873 1949 1950
f 1873 1950 1874
f 1874 1950 1951
f 1874 1951 1875
f 1875 1951 1876
f 1876 1952 1953
f 1876 1953 1877
f 1876 1951 1952
f 1877 1953 1954
f 1877 1954 1878
f 1878 1954 1879
f 1879 1954 1955
f 1879 1955 1956
f 1879 1956 1880
f 1880 1956 1881
f 1881 1956 1957
f 1881 1957 1882
f 1882 1957 1958
f 1882 1958 2034
f 1882 2034 1959
f 1883 1959 1884
f 1884 1959 1960
f 1884 1960 2038
f 1884 2038 1961
f 1884 1961 1885
f 1885 1961 1962
f 1885 1962 1886
f 1886 1962 1963
f 1886 1963 1887
f 1887 1963 1964
f 1887 1964 1919
f 1888 1965 1889
f 1889 1965 1966
f 1889 1966 1967
f 1889 1967 1890
f 1890 1967 1968
f 1890 1968 1896
f 1891 1896 1968
f 1891 1968 1969
f 1891 1969 1894
f 1892 1970 1895
f 1892 1895 1893
f 1892 1894 1971
f 1892 1971 1972
f 1892 1972 1970
f 1894 1969 1973
f 1894 1973 1974
f 1894 1974 1971
f 1895 1975 1897
f 1895 1970 1975
f 1897 1975 1976
f 1897 1976 1898
f 1898 1976 1977
f 1898 1977 1899
f 1899 1977 1900
f 1900 1977 1978
f 1900 1978 1979
f 1900 1979 1901
f 1901 1979 1980
f 1901 1980 1902
f 1902 1980 1903
f 1903 1980 1981
f 1903 1981 1982
f 1903 1982 1905
f 1904 1905 1983
f 1904 1983 1984
f 1904 1984 1906
f 1905 1982 2060
f 1905 2060 1983
f 1906 1984 1908
f 1908 1984 1985
f 1908 1985 1909
f 1909 1985 1943
f 1910 1942 1911
f 1911 1913 1912
f 1911 1942 1986
f 1911 1986 1987
f 1911 1987 1913
f 1913 1987 1988
f 1913 1988 1914
f 1914 1988 1915
f 1915 1988 1989
f 1915 1989 1990
f 1915 1990 1916
f 1916 1990 1917
f 1917 1990 1991
f 1917 1991 1918
f 1918 1991 1992
f 1919 1964 1920
f 1920 1964 1993
f 1920 1993 1994
f 1920 1994 1995
f 1920 1995 1921
f 1921 1995 1923
f 1921 1923 1922
f 1923 1995 1996
f 1923 1996 1924
f 1924 1996 1997
f 1924 1997 1998
f 1925 1998 1999
f 1925 1999 2000
f 1926 2000 1929
f 1926 1929 1928
f 1929 2001 1930
f 1929 2000 1999
f 1929 1999 2001
f 1930 2002 1931
f 1930 2001 2003
f 1930 2003 2004
f 1930 2004 2005
f 1930 2005 2002
f 1931 2002 1932
f 1932 2006 1933
f 1932 2002 2006
f 1933 2007 2008
f 1933 2008 1934
f 1933 2006 2007
f 1934 2008 1935
f 1935 2008 2009
f 1935 2009 2010
f 1935 2010 1936
f 1936 2010 1937
f 1937 2010 2011
f 1937 2011 2012
f 1937 2012 2013
f 1937 2013 1938
f 1938 2013 2014
f 1938 2014 1939
f 1939 2014 2015
f 1939 2015 1940
f 1940 2015 2016
f 1940 2016 2017
f 1940 2017 1941
f 1941 2017 1942
f 1942 2017 1986
f 1943 1985 1944
f 1944 1985 2018
f 1944 2018 1945
f 1945 2018 2019
f 1945 2019 2020
f 1945 2020 1946
f 1946 2020 1947
f 1947 2020 2021
f 1947 2021 2022
f 1947 2022 1948
f 1948 2022 1949
f 1949 2022 2023
f 1949 2023 2024
f 1949 2024 1950
f 1950 2024 2025
f 1950 2025 1951
f 1951 2025 2026
f 1951 2026 1952
f 1952 2026 1953
f 1953 2026 2027
f 1953 2027 1954
f 1954 2027 2028
f 1954 2028 2029
f 1954 2029 1955
f 1955 2029 1956
f 1956 2029 2030
f 1956 2030 2031
f 1956 2031 2032
f 1956 2032 1957
f 1957 2032 2035
f 1957 2035 1958
f 1958 2033 2034
f 1958 2035 2033
f 1959 2034 2036
f 1959 2036 1960
f 1960 2036 2037
f 1960 2037 2038
f 1961 2038 2039
f 1961 2039 2040
f 1961 2040 1962
f 1962 2040 2114
f 1962 2114 2041
f 1962 2041 1963
f 1963 2041 2042
f 1963 2042 1964
f 1964 2042 1993
f 1965 2043 1966
f 1966 2044 2045
f 1966 2045 1967
f 1966 2043 2044
f 1967 2045 2046
f 1967 2046 1968
f 1968 2046 1969
f 1969 2046 2047
f 1969 2047 2048
f 1969 2048 1973
f 1970 1972 1975
f 1971 1974 1972
f 1972 2049 1975
f 1972 1974 2050
f 1972 2050 2051
f 1972 2051 2049
f 1973 2048 1974
f 1974 2048 2052
f 1974 2052 2053
f 1974 2053 2050
f 1975 2049 2054
f 1975 2054 1976
f 1976 2054 1977
f 1977 2054 2055
f 1977 2055 2056
f 1977 2056 1978
f 1978 2056 2057
f 1978 2057 1979
f 1979 2057 1980
f 1980 2057 2058
f 1980 2058 2059
f 1980 2059 1981
f 1981 2059 2061
f 1981 2061 1982
f 1982 2061 2062
f 1982 2062 2060
f 1983 2060 1984
f 1984 2060 2063
f 1984 2063 2018
f 1984 2018 1985
f 1986 2017 2064
f 1986 2064 2065
f 1986 2065 2066
f 1986 2066 1987
f 1987 2066 2067
f 1987 2067 1988
f 1988 2067 2068
f 1988 2068 1989
f 1989 2068 2069
f 1989 2069 1990
f 1990 2069 1991
f 1991 2069 2070
f 1991 2070 2071
f 1991 2071 2072
f 1991 2072 1992
f 1993 2042 2073
f 1993 2073 2074
f 1993 2074 1994
f 1994 2074 2075
f 1994 2075 2076
f 1994 2076 2077
f 1994 2077 1995
f 1995 2077 1996
f 1996 2077 1997
f 1997 2077 2078
f 1997 2078 2079
f 1997 2079 1999
f 1997 1999 1998
f 1999 2079 2001
f 2001 2079 2003
f 2002 2005 2080
f 2002 2080 2006
f 2003 2079 2081
f 2003 2081 2004
f 2004 2081 2082
f 2004 2082 2083
f 2004 2083 2084
f 2004 2084 2005
f 2005 2084 2085
f 2005 2085 2006
f 2005 2006 2080
f 2006 2085 2086
f 2006 2086 2087
f 2006 2087 2007
f 2007 2087 2088
f 2007 2088 2008
f 2008 2088 2089
f 2008 2089 2009
f 2009 2089 2010
f 2010 2089 2011
f 2011 2089 2159
f 2011 2159 2090
f 2011 2090 2012
f 2012 2090 2091
f 2012 2091 2092
f 2012 2092 2013
f 2013 2092 2014
f 2014 2092 2093
f 2014 2093 2015
f 2015 2093 2094
f 2015 2094 2095
f 2015 2095 2016
f 2016 2095 2064
f 2016 2064 2017
f 2018 2063 2096
f 2018 2096 2019
f 2019 2096 2020
f 2020 2097 2098
f 2020 2098 2021
f 2020 2096 2097
f 2021 2098 2022
f 2022 2099 2100
f 2022 2100 2023
f 2022 2098 2099
f 2023 2100 2024
f 2024 2101 2102
f 2024 2102 2025
f 2024 2100 2101
f 2025 2102 2026
f 2026 2103 2104
f 2026 2104 2027
f 2026 2102 2103
f 2027 2104 2105
f 2027 2105 2028
f 2028 2105 2029
f 2029 2105 2106
f 2029 2106 2031
f 2029 2031 2030
f 2031 2106 2107
f 2031 2107 2108
f 2033 2109 2036
f 2033 2036 2034
f 2036 2109 2110
f 2036 2110 2037
f 2037 2110 2111
f 2037 2111 2038
f 2038 2111 2112
f 2038 2112 2039
f 2039 2112 2113
f 2039 2113 2114
f 2039 2114 2040
f 2041 2114 2042
f 2042 2114 2115
f 2042 2115 2116
f 2042 2116 2073
f 2043 2117 2044
f 2044 2117 2118
f 2044 2118 2119
f 2044 2119 2120
f 2044 2120 2121
f 2044 2121 2045
f 2045 2121 2046
f 2046 2121 2122
f 2046 2122 2123
f 2046 2123 2047
f 2047 2123 2048
f 2048 2123 2124
f 2048 2124 2125
f 2048 2125 2052
f 2049 2051 2054
f 2050 2053 2051
f 2051 2053 2126
f 2051 2126 2127
f 2051 2127 2128
f 2051 2128 2054
f 2052 2125 2053
f 2053 2125 2129
f 2053 2129 2130
f 2053 2130 2126
f 2054 2128 2131
f 2054 2131 2055
f 2055 2131 2132
f 2055 2132 2056
f 2056 2132 2133
f 2056 2133 2057
f 2057 2133 2058
f 2058 2133 2134
f 2058 2134 2135
f 2058 2135 2059
f 2059 2135 2061
f 2060 2062 2063
f 2061 2135 2136
f 2061 2136 2062
f 2062 2136 2137
f 2062 2137 2096
f 2062 2096 2063
f 2064 2095 2065
f 2065 2095 2138
f 2065 2138 2139
f 2065 2139 2067
f 2065 2067 2066
f 2067 2139 2068
f 2068 2139 2140
f 2068 2140 2141
f 2068 2141 2070
f 2068 2070 2069
f 2070 2141 2142
f 2070 2142 2071
f 2071 2142 2143
f 2071 2143 2144
f 2071 2144 2072
f 2073 2116 2145
f 2073 2145 2074
f 2074 2145 2146
f 2074 2146 2075
f 2075 2146 2147
f 2075 2147 2148
f 2075 2148 2149
f 2075 2149 2076
f 2076 2149 2077
f 2077 2149 2078
f 2078 2149 2150
f 2078 2150 2151
f 2078 2151 2079
f 2079 2151 2081
f 2081 2151 2150
f 2081 2150 2082
f 2082 2152 2153
f 2082 2153 2083
f 2082 2150 2152
f 2083 2153 2084
f 2084 2154 2155
f 2084 2155 2085
f 2084 2153 2154
f 2085 2155 2156
f 2085 2156 2086
f 2086 2156 2157
f 2086 2157 2087
f 2087 2157 2088
f 2088 2157 2158
f 2088 2158 2159
f 2088 2159 2089
f 2090 2160 2161
f 2090 2161 2091
f 2090 2159 2160
f 2091 2161 2162
f 2091 2162 2092
f 2092 2162 2093
f 2093 2162 2163
f 2093 2163 2164
f 2093 2164 2165
f 2093 2165 2138
f 2093 2138 2095
f 2093 2095 2094
f 2096 2137 2097
f 2097 2137 2098
f 2098 2166 2099
f 2098 2137 2166
f 2099 2167 2168
f 2099 2168 2100
f 2099 2166 2167
f 2100 2168 2169
f 2100 2169 2101
f 2101 2169 2102
f 2102 2169 2170
f 2102 2170 2171
f 2102 2171 2103
f 2103 2171 2172
f 2103 2172 2104
f 2104 2172 2105
f 2105 2172 2173
f 2105 2173 2107
f 2105 2107 2106
f 2107 2174 2108
f 2107 2173 2175
f 2107 2175 2174
f 2108 2176 2177
f 2108 2174 2176
f 2110 2178 2112
f 2110 2112 2111
f 2112 2178 2179
f 2112 2179 2180
f 2112 2180 2113
f 2113 2180 2237
f 2113 2237 2181
f 2113 2181 2115
f 2113 2115 2114
f 2115 2181 2182
f 2115 2182 2116
f 2116 2182 2145
f 2119 2183 2184
f 2119 2184 2120
f 2120 2184 2121
f 2121 2184 2185
f 2121 2185 2186
f 2121 2186 2122
f 2122 2186 2187
f 2122 2187 2123
f 2123 2187 2188
f 2123 2188 2124
f 2124 2188 2189
f 2124 2189 2125
f 2125 2189 2190
f 2125 2190 2129
f 2126 2130 2127
f 2127 2191 2131
f 2127 2131 2128
f 2127 2130 2192
f 2127 2192 2191
f 2129 2190 2130
f 2130 2190 2193
f 2130 2193 2194
f 2130 2194 2192
f 2131 2191 2132
f 2132 2191 2195
f 2132 2195 2196
f 2132 2196 2133
f 2133 2196 2197
f 2133 2197 2134
f 2134 2197 2198
f 2134 2198 2135
f 2135 2198 2136
f 2136 2198 2199
f 2136 2199 2166
f 2136 2166 2137
f 2138 2165 2200
f 2138 2200 2139
f 2139 2200 2201
f 2139 2201 2140
f 2140 2201 2141
f 2141 2201 2142
f 2142 2202 2203
f 2142 2203 2143
f 2142 2201 2202
f 2145 2182 2204
f 2145 2204 2205
f 2145 2205 2146
f 2146 2205 2206
f 2146 2206 2147
f 2147 2206 2260
f 2147 2260 2207
f 2147 2207 2208
f 2147 2208 2148
f 2148 2208 2150
f 2148 2150 2149
f 2150 2208 2152
f 2152 2209 2153
f 2152 2208 2207
f 2152 2207 2209
f 2153 2209 2210
f 2153 2210 2211
f 2153 2211 2154
f 2154 2211 2155
f 2155 2212 2266
f 2155 2266 2213
f 2155 2213 2156
f 2155 2211 2212
f 2156 2213 2157
f 2157 2214 2215
f 2157 2215 2158
f 2157 2213 2214
f 2158 2215 2159
f 2159 2215 2216
f 2159 2216 2160
f 2160 2216 2217
f 2160 2217 2218
f 2160 2218 2219
f 2160 2219 2161
f 2161 2219 2163
f 2161 2163 2162
f 2163 2219 2220
f 2163 2220 2221
f 2163 2221 2222
f 2163 2222 2164
f 2164 2222 2165
f 2165 2222 2223
f 2165 2223 2200
f 2166 2199 2224
f 2166 2224 2167
f 2167 2224 2168
f 2168 2224 2225
f 2168 2225 2169
f 2169 2226 2170
f 2169 2225 2226
f 2170 2226 2227
f 2170 2227 2228
f 2170 2228 2171
f 2171 2228 2172
f 2172 2229 2175
f 2172 2175 2173
f 2172 2228 2229
f 2174 2175 2176
f 2175 2229 2230
f 2175 2230 2231
f 2175 2231 2176
f 2176 2231 2177
f 2177 2231 2233
f 2177 2233 2234
f 2177 2234 2232
f 2178 2235 2236
f 2178 2236 2179
f 2179 2236 2237
f 2179 2237 2180
f 2181 2237 2182
f 2182 2238 2257
f 2182 2257 2204
f 2182 2237 2238
f 2183 2239 2184
f 2184 2239 2185
f 2185 2239 2240
f 2185 2240 2186
f 2186 2240 2241
f 2186 2241 2242
f 2186 2242 2187
f 2187 2242 2188
f 2188 2242 2243
f 2188 2243 2244
f 2188 2244 2189
f 2189 2244 2190
f 2190 2244 2245
f 2190 2245 2246
f 2190 2246 2193
f 2191 2192 2247
f 2191 2247 2248
f 2191 2248 2195
f 2192 2194 2249
f 2192 2249 2247
f 2193 2246 2250
f 2193 2250 2194
f 2194 2250 2251
f 2194 2251 2249
f 2195 2248 2196
f 2196 2248 2252
f 2196 2252 2197
f 2197 2252 2253
f 2197 2253 2254
f 2197 2254 2198
f 2198 2254 2224
f 2198 2224 2199
f 2200 2223 2201
f 2201 2223 2202
f 2202 2223 2255
f 2202 2255 2203
f 2203 2255 2256
f 2204 2257 2258
f 2204 2258 2205
f 2205 2258 2259
f 2205 2259 2206
f 2206 2259 2309
f 2206 2309 2260
f 2207 2260 2261
f 2207 2261 2209
f 2209 2261 2210
f 2210 2262 2263
f 2210 2263 2211
f 2210 2261 2262
f 2211 2263 2212
f 2212 2264 2265
f 2212 2265 2266
f 2212 2263 2267
f 2212 2267 2268
f 2212 2268 2264
f 2213 2266 2269
f 2213 2269 2214
f 2214 2269 2215
f 2215 2270 2217
f 2215 2217 2216
f 2215 2269 2270
f 2217 2270 2271
f 2217 2271 2218
f 2218 2271 2272
f 2218 2272 2273
f 2218 2273 2219
f 2219 2273 2220
f 2220 2273 2274
f 2220 2274 2275
f 2220 2275 2276
f 2220 2276 2221
f 2221 2276 2277
f 2221 2277 2222
f 2222 2277 2255
f 2222 2255 2223
f 2224 2254 2225
f 2225 2254 2278
f 2225 2278 2226
f 2226 2279 2280
f 2226 2280 2227
f 2226 2278 2279
f 2227 2280 2228
f 2228 2280 2281
f 2228 2281 2229
f 2229 2281 2230
f 2230 2282 2233
f 2230 2233 2231
f 2230 2281 2283
f 2230 2283 2282
f 2232 2234 2285
f 2232 2285 2286
f 2232 2286 2284
f 2233 2282 2287
f 2233 2287 2234
f 2234 2287 2285
f 2235 2288 2289
f 2235 2289 2236
f 2236 2289 2237
f 2237 2289 2238
f 2238 2289 2257
f 2239 2290 2240
f 2240 2290 2291
f 2240 2291 2292
f 2240 2292 2241
f 2241 2292 2293
f 2241 2293 2242
f 2242 2293 2294
f 2242 2294 2295
f 2242 2295 2243
f 2243 2295 2296
f 2243 2296 2244
f 2244 2296 2245
f 2245 2296 2297
f 2245 2297 2298
f 2245 2298 2246
f 2246 2298 2250
f 2247 2249 2248
f 2248 2249 2299
f 2248 2299 2300
f 2248 2300 2252
f 2249 2251 2301
f 2249 2301 2299
f 2250 2298 2302
f 2250 2302 2303
f 2250 2303 2251
f 2251 2303 2301
f 2252 2300 2304
f 2252 2304 2253
f 2253 2304 2254
f 2254 2304 2278
f 2255 2277 2256
f 2256 2277 2276
f 2256 2276 2305
f 2257 2289 2306
f 2257 2306 2307
f 2257 2307 2258
f 2258 2307 2308
f 2258 2308 2259
f 2259 2308 2309
f 2260 2309 2261
f 2261 2309 2310
f 2261 2310 2262
f 2262 2310 2263
f 2263 2310 2267
f 2264 2268 2311
f 2264 2311 2312
f 2264 2312 2265
f 2265 2312 2313
f 2265 2313 2266
f 2266 2313 2269
f 2267 2310 2314
f 2267 2314 2268
f 2268 2314 2311
f 2269 2313 2315
f 2269 2315 2270
f 2270 2315 2271
f 2271 2316 2272
f 2271 2315 2317
f 2271 2317 2316
f 2272 2274 2273
f 2272 2316 2274
f 2274 2318 2319
f 2274 2319 2275
f 2274 2316 2320
f 2274 2320 2318
f 2275 2319 2321
f 2275 2321 2276
f 2276 2321 2305
f 2278 2304 2322
f 2278 2322 2279
f 2279 2322 2323
f 2279 2323 2280
f 2280 2323 2281
f 2281 2323 2283
f 2282 2283 2287
f 2283 2323 2324
f 2283 2324 2287
f 2284 2286 2326
f 2284 2326 2327
f 2284 2327 2328
f 2284 2328 2329
f 2284 2329 2330
f 2284 2330 2325
f 2285 2287 2331
f 2285 2331 2326
f 2285 2326 2286
f 2287 2324 2332
f 2287 2332 2331
f 2288 2333 2289
f 2289 2333 2306
f 2291 2334 2292
f 2292 2334 2293
f 2293 2334 2335
f 2293 2335 2336
f 2293 2336 2294
f 2294 2336 2337
f 2294 2337 2295
f 2295 2337 2338
f 2295 2338 2296
f 2296 2338 2339
f 2296 2339 2340
f 2296 2340 2297
f 2297 2340 2298
f 2298 2340 2341
f 2298 2341 2342
f 2298 2342 2302
f 2299 2301 2300
f 2300 2301 2343
f 2300 2343 2322
f 2300 2322 2304
f 2301 2303 2344
f 2301 2344 2345
f 2301 2345 2343
f 2302 2342 2303
f 2303 2342 2346
f 2303 2346 2332
f 2303 2332 2344
f 2306 2333 2307
f 2307 2333 2347
f 2307 2347 2348
f 2307 2348 2308
f 2308 2348 2349
f 2308 2349 2309
f 2309 2349 2350
f 2309 2350 2310
f 2310 2351 2311
f 2310 2311 2314
f 2310 2350 2352
f 2310 2352 2353
f 2310 2353 2354
f 2310 2354 2351
f 2311 2354 2355
f 2311 2355 2356
f 2311 2356 2312
f 2311 2351 2354
f 2312 2356 2357
f 2312 2357 2358
f 2312 2358 2317
f 2312 2317 2315
f 2312 2315 2313
f 2316 2317 2320
f 2317 2358 2320
f 2322 2343 2323
f 2323 2345 2324
f 2323 2343 2345
f 2324 2345 2332
f 2325 2330 2359
f 2325 2359 2338
f 2325 2338 2337
f 2325 2337 2335
f 2326 2331 2332
f 2326 2332 2346
f 2326 2346 2342
f 2326 2342 2327
f 2327 2342 2328
f 2328 2342 2341
f 2328 2341 2329
f 2329 2341 2340
f 2329 2340 2330
f 2330 2340 2339
f 2330 2339 2359
f 2332 2345 2344
f 2335 2337 2336
f 2338 2359 2339
f 2349 2352 2350
