# Derived from Apache-2.0 SO-ARM100 STL; see THIRD_PARTY.md
v -0.00790089836 0.000162718011 0.104371436
v -0.00790089836 -2.04822401e-06 0.104367549
v -0.00790089836 0.000303703556 0.104352003
v -0.00790661037 0.000169512508 0.104437517
v -0.00790280236 -1.73358179e-05 0.104418084
v -0.00790089836 -0.000204183948 0.104348114
v -0.00790661037 0.000313895252 0.104414194
v -0.00790089836 0.000444689002 0.104320905
v -0.00791232316 0.000325785647 0.104472502
v -0.00791232316 0.000176307005 0.104491938
v -0.00790851437 -2.07330174e-05 0.104480275
v -0.00790851437 -0.00017021156 0.104464729
v -0.00790280236 -0.000165115761 0.104402532
v -0.00790089836 -0.000401224069 0.104313131
v -0.00790280236 -0.000309498505 0.104383096
v -0.00791232316 0.00047356559 0.104441403
v -0.00790089836 0.000585674547 0.104282033
v -0.00792184396 0.000335977343 0.10453081
v -0.00792184396 0.000183101502 0.104554129
v -0.00791613117 -2.04822401e-06 0.104538583
v -0.00790851437 -0.0003196903 0.104441403
v -0.00791803517 -0.000178704755 0.10452692
v -0.00790280236 -0.00045218265 0.104352003
v -0.00790280236 -0.000594866794 0.104313131
v -0.00790089836 -0.000586373599 0.104262597
v -0.00790851437 -0.000465771644 0.104414194
v -0.00791232316 0.000621345632 0.104398648
v -0.00792184396 0.000640030425 0.104456953
v -0.00792184396 0.000490551784 0.104495825
v -0.00790089836 0.000728358691 0.104231501
v -0.00793707755 0.000347867639 0.104593001
v -0.00793707755 0.000191594599 0.104612437
v -0.00792184396 2.68283641e-05 0.104569682
v -0.00792184396 -2.04822401e-06 0.104569682
v -0.00791803517 -0.000329881898 0.104499711
v -0.00791803517 -0.000479360638 0.104472502
v -0.00793136476 -0.000340073693 0.104569682
v -0.00790280236 -0.000739249538 0.104262597
v -0.00790851437 -0.000611852987 0.104367549
v -0.00790089836 -0.00076303013 0.104200406
v -0.00791803517 -0.000630537781 0.104429744
v -0.00791232316 0.000770824273 0.104344227
v -0.00792184396 0.000792906266 0.104398648
v -0.00793707755 0.000813289757 0.104456953
v -0.00793707755 0.000657016619 0.104511374
v -0.00793707755 0.000502442178 0.104558019
v -0.00790089836 0.000871042835 0.104173193
v -0.00795421515 0.000358059434 0.104651309
v -0.00795421515 0.000198389096 0.104670745
v -0.00793707755 3.02255635e-05 0.104627986
v -0.00793326876 -2.04822401e-06 0.104616327
v -0.00793136476 -0.000185499154 0.104589114
v -0.00793136476 -0.000494648035 0.10453081
v -0.00793136476 -0.000649222574 0.104488048
v -0.00794850235 -0.000193992349 0.104651309
v -0.00794850235 -0.000351964088 0.1046241
v -0.00794850235 -0.000509935826 0.104593001
v -0.00790851437 -0.000907412874 0.104254824
v -0.00790280236 -0.000883632282 0.104200406
v -0.00790851437 -0.000757934331 0.104313131
v -0.00790089836 -0.000939686662 0.104114889
v -0.00793136476 -0.000803797113 0.104437517
v -0.00791803517 -0.000781714924 0.104371436
v -0.00791232316 0.000922001416 0.104282033
v -0.00792184396 0.000945782107 0.104336451
v -0.00793707755 0.000971261495 0.104386985
v -0.00795421515 0.000995042186 0.104445293
v -0.00795421515 0.000835371848 0.104511374
v -0.00795421515 0.00067740011 0.104569682
v -0.00795421515 0.000516031172 0.104612437
v -0.00790089836 0.00100183658 0.104107113
v -0.00791232316 0.00105958976 0.104215952
v -0.00797516075 0.000531318766 0.104670745
v -0.00797516075 0.000368251131 0.104705727
v -0.00797516075 0.000203484896 0.104725163
v -0.00797516075 -2.04822401e-06 0.104744599
v -0.00795421515 3.36229593e-05 0.104686291
v -0.00794850235 -2.04822401e-06 0.104666855
v -0.00794850235 -0.000666208768 0.104550246
v -0.00796754395 -0.000200786748 0.104709616
v -0.00796754395 -0.000362155686 0.104682407
v -0.00796754395 -0.000523524623 0.104651309
v -0.00791803517 -0.000932892263 0.104309242
v -0.00791803517 -0.00107557641 0.104243161
v -0.00790851437 -0.00104669982 0.104188743
v -0.00790280236 -0.00101782343 0.104134325
v -0.00790089836 -0.00111464479 0.104017709
v -0.00794850235 -0.000987248239 0.104425857
v -0.00793136476 -0.000960070251 0.104367549
v -0.00794850235 -0.000825879106 0.104491938
v -0.00792184396 0.00108846625 0.104262597
v -0.00793707755 0.00111564424 0.104313131
v -0.00795421515 0.00114282213 0.104367549
v -0.00797516075 0.00117169872 0.104421967
v -0.00797516075 0.00102052148 0.104495825
v -0.00797516075 0.000857453841 0.104569682
v -0.00797516075 0.000692687704 0.1046241
v -0.00790089836 0.00114112353 0.104029372
v -0.00791232316 0.0012039725 0.104130435
v -0.00792184396 0.00123624629 0.10418097
v -0.00800181914 0.000711372497 0.104678518
v -0.00800181914 0.000544907662 0.104721276
v -0.00803038154 0.000556797958 0.104775697
v -0.00803038154 0.000386936022 0.104810679
v -0.00803038154 0.000218772489 0.104837888
v -0.00800181914 0.000211978091 0.104779584
v -0.00796754395 -3.43220115e-05 0.104721276
v -0.00800181914 -2.04822401e-06 0.10479902
v -0.00799229834 -3.94178107e-05 0.104779584
v -0.00796754395 -0.000846262499 0.104550246
v -0.00796754395 -0.000684893561 0.104604664
v -0.00799229834 -0.000207581344 0.104764034
v -0.00799229834 -0.000372347481 0.104736825
v -0.00799229834 -0.000537113618 0.104705727
v -0.00799229834 -0.000703578551 0.104659082
v -0.00793136476 -0.001104453 0.104293696
v -0.00793136476 -0.00125393154 0.104212065
v -0.00791803517 -0.00122165775 0.104157644
v -0.00790851437 -0.00118768536 0.104103226
v -0.00790280236 -0.00115711018 0.104052691
v -0.00790280236 -0.00129979432 0.103959402
v -0.00790089836 -0.00129979432 0.103893321
v -0.00796754395 -0.00101102883 0.104480275
v -0.00794850235 -0.00113163079 0.104348114
v -0.00793707755 0.00126682148 0.104231501
v -0.00795421515 0.00129739667 0.104278146
v -0.00803038154 0.00138402624 0.104425857
v -0.00800181914 0.00119717801 0.104468612
v -0.00800181914 0.00104430217 0.104550246
v -0.00797516075 0.00132797176 0.104328678
v -0.00800181914 0.00135684835 0.104375323
v -0.00800181914 0.000876138732 0.10462021
v -0.00790089836 0.00128210907 0.103932193
v -0.00790661037 0.00131608146 0.103986611
v -0.00791232316 0.00135175245 0.104033256
v -0.00792184396 0.00138402624 0.10408379
v -0.00803038154 0.000894823526 0.104670745
v -0.00806084794 0.000915207017 0.104721276
v -0.00806084794 0.000740249085 0.104779584
v -0.00806084794 0.000570386953 0.104826229
v -0.00806084794 0.000395429021 0.104865101
v -0.00806084794 0.000223868387 0.10489231
v -0.00805132714 -2.04822401e-06 0.10489231
v -0.00802086074 -4.11164104e-05 0.104837888
v -0.00802086074 -0.000214375742 0.104822342
v -0.00799229834 -0.00103480942 0.10453081
v -0.00799229834 -0.000866646088 0.104600774
v -0.00802086074 -0.000382539275 0.104795133
v -0.00805132714 -0.000564291606 0.104810679
v -0.00802086074 -0.000720564744 0.104713503
v -0.00802086074 -0.000888728081 0.104655195
v -0.00794850235 -0.00144077986 0.104161534
v -0.00793136476 -0.00140341028 0.104110999
v -0.00791803517 -0.00136943789 0.104060468
v -0.00794850235 -0.00128620533 0.104262597
v -0.00790851437 -0.00133376671 0.104006047
v -0.00790851437 -0.00148494385 0.103893321
v -0.00790280236 -0.00144927286 0.103846676
v -0.00790089836 -0.00148664245 0.103753386
v -0.00799229834 -0.00118938396 0.104456953
v -0.00796754395 -0.00116050738 0.104398648
v -0.00796754395 -0.00131678051 0.104313131
v -0.00793707755 0.00141969732 0.104130435
v -0.00795421515 0.00145366971 0.10417708
v -0.00797516075 0.0014876421 0.104227615
v -0.00806084794 0.00141290282 0.104468612
v -0.00806084794 0.00124813659 0.104569682
v -0.00800181914 0.00151991588 0.10427037
v -0.00803038154 0.00155049107 0.104313131
v -0.00806084794 0.00158106626 0.104355887
v -0.00806084794 0.00109016495 0.104647422
v -0.00790089836 0.00142819042 0.103819467
v -0.00790661037 0.0014655601 0.103869998
v -0.00791232316 0.00150123109 0.10392053
v -0.00792184396 0.00154199797 0.103967175
v -0.00793707755 0.00157936766 0.104013823
v -0.00813320711 0.000949179404 0.104810679
v -0.00813320711 0.000774221472 0.10487676
v -0.00809702713 0.00111054834 0.104694067
v -0.00809702713 0.000582277347 0.10487676
v -0.00809702713 0.000407319415 0.104915632
v -0.00809702713 0.000228964284 0.104942841
v -0.00806846473 -2.04822401e-06 0.104919522
v -0.00805132714 -4.45136099e-05 0.10489231
v -0.00805132714 -0.000221170141 0.10487676
v -0.00805132714 -0.000392730874 0.104849551
v -0.00802086074 -0.00105859021 0.104581341
v -0.00805132714 -0.000737550938 0.104764034
v -0.00808560233 -0.000576182 0.104865101
v -0.00805132714 -0.000907412874 0.104705727
v -0.00805132714 -0.0010840696 0.104631873
v -0.00796754395 -0.00163781979 0.104087677
v -0.00794850235 -0.0016004502 0.104041032
v -0.00793136476 -0.00156308062 0.103994387
v -0.00796754395 -0.00147645085 0.104208179
v -0.00791803517 -0.00152401204 0.103943855
v -0.00790851437 -0.00164631279 0.103765049
v -0.00790280236 -0.0016072446 0.103718404
v -0.00790089836 -0.00168707997 0.103574579
v -0.00802086074 -0.00137623229 0.104414194
v -0.00799229834 -0.0013473557 0.104359776
v -0.00805132714 -0.00124034274 0.104554129
v -0.00799229834 -0.00150702604 0.10425871
v -0.00795421515 0.00161503865 0.104060468
v -0.00797516075 0.00164901113 0.104103226
v -0.00800181914 0.00168468212 0.104149871
v -0.00813320711 0.00163881934 0.104441403
v -0.00813320711 0.0014655601 0.104554129
v -0.00813320711 0.00129569797 0.104655195
v -0.00803038154 0.00171865451 0.104192629
v -0.00806084794 0.00175092829 0.104231501
v -0.00790089836 0.00158446346 0.103691192
v -0.00791232316 0.00166599732 0.103784485
v -0.00792184396 0.00170506551 0.10382724
v -0.00793707755 0.00174753109 0.103869998
v -0.00795421515 0.00178490068 0.103916646
v -0.00813320711 0.00113093183 0.104732936
v -0.00817509831 0.00115131523 0.104775697
v -0.00817509831 0.000966165598 0.104853441
v -0.00817509831 0.000786111867 0.104919522
v -0.00813320711 0.000595866341 0.104923405
v -0.00813320711 0.000412415215 0.104962277
v -0.00813320711 0.000235758683 0.104989486
v -0.00808560233 -4.79110057e-05 0.104946731
v -0.00813320711 5.23077527e-05 0.105005035
v -0.00813320711 -2.04822401e-06 0.105008922
v -0.00808560233 -0.000227964737 0.104927295
v -0.00808560233 -0.000402922668 0.104903969
v -0.00808560233 -0.000927796464 0.104752372
v -0.00808560233 -0.000752838532 0.104810679
v -0.00812368552 -0.000589770798 0.104911745
v -0.00812368552 -0.000766427526 0.104861214
v -0.00808560233 -0.001104453 0.104682407
v -0.00799229834 -0.00167349078 0.104134325
v -0.00799229834 -0.0018484489 0.1039905
v -0.00796754395 -0.00180768173 0.103943855
v -0.00794850235 -0.00177031214 0.103897211
v -0.00793136476 -0.00172954535 0.103850566
v -0.00791803517 -0.00168877817 0.103803918
v -0.00791803517 -0.0018586405 0.103644547
v -0.00790851437 -0.00181447612 0.103597902
v -0.00790280236 -0.00177370973 0.10355903
v -0.00790089836 -0.00189940768 0.103353011
v -0.00805132714 -0.00140341028 0.104456953
v -0.00805132714 -0.00156987501 0.104344227
v -0.00802086074 -0.00154099843 0.104301469
v -0.00808560233 -0.00126582193 0.104596891
v -0.00808560233 -0.00143228687 0.104499711
v -0.00802086074 -0.00170916216 0.10417708
v -0.00797516075 0.00182227046 0.103959402
v -0.00800181914 0.00185964005 0.104002163
v -0.00809702713 0.00178490068 0.10427037
v -0.00813320711 0.00181207867 0.104309242
v -0.00817509831 0.00166599732 0.104484165
v -0.00817509831 0.00148934079 0.104596891
v -0.00817509831 0.00131778006 0.104694067
v -0.00806084794 0.00193268082 0.10408379
v -0.00790089836 0.00175092829 0.103539594
v -0.00791232316 0.00183755806 0.103621224
v -0.00792184396 0.00187832484 0.103663983
v -0.00793707755 0.00192079043 0.103706741
v -0.00795421515 0.00196155721 0.103749496
v -0.00797516075 0.00200232419 0.103792258
v -0.0082207983 0.00117000012 0.104814569
v -0.0082207983 0.000983151791 0.104896196
v -0.00826649829 0.000811591059 0.105001149
v -0.00826649829 0.000624742831 0.105055567
v -0.0082207983 0.000614551135 0.105012812
v -0.00817509831 0.000422607009 0.105008922
v -0.00817509831 0.00024085458 0.105036131
v -0.00817509831 5.57049521e-05 0.105055567
v -0.00816367351 -5.30068049e-05 0.105043907
v -0.00812368552 -0.000231361936 0.104977826
v -0.00816367351 -0.000419908862 0.104997262
v -0.00816367351 -0.000963467451 0.104841778
v -0.00816367351 -0.000781714924 0.104907859
v -0.00820746949 -0.000611852987 0.105005035
v -0.00816367351 -0.00114521998 0.104764034
v -0.00816367351 -0.00131168471 0.104682407
v -0.00812368552 -0.00128960253 0.104639646
v -0.00802086074 -0.00188581849 0.104033256
v -0.00799229834 -0.00203020104 0.103811694
v -0.00796754395 -0.00198773565 0.103776709
v -0.00794850235 -0.00194696887 0.10373395
v -0.00793136476 -0.00190280488 0.103691192
v -0.00793136476 -0.00209305041 0.103492949
v -0.00791803517 -0.00204379023 0.103446304
v -0.00790851437 -0.00199792725 0.103403546
v -0.00790280236 -0.00195376327 0.103368564
v -0.00790280236 -0.00214740599 0.103135333
v -0.00790089836 -0.00217628258 0.103014834
v -0.00808560233 -0.0016021488 0.104386985
v -0.00805132714 -0.00174143594 0.104219842
v -0.00812368552 -0.00145946466 0.104546356
v -0.00800181914 0.00204478978 0.10382724
v -0.00809702713 0.00196665321 0.104122662
v -0.00817509831 0.00184265386 0.104344227
v -0.00813320711 0.00199722839 0.104157644
v -0.00817509831 0.00202950218 0.104192629
v -0.00826649829 0.00171186011 0.104550246
v -0.00826649829 0.00153520348 0.104666855
v -0.0082207983 0.00186983184 0.104379212
v -0.00826649829 0.00189361244 0.104414194
v -0.0082207983 0.00133816355 0.104729052
v -0.00826649829 0.00118528761 0.104853441
v -0.00806084794 0.00211952895 0.103904984
v -0.00790089836 0.00192928342 0.103349128
v -0.00791232316 0.00202100899 0.103422982
v -0.00792184396 0.00206687177 0.103465737
v -0.00793707755 0.00210933735 0.103508499
v -0.00795421515 0.00215350134 0.10354737
v -0.00797516075 0.00219766552 0.103582353
v -0.00800181914 0.0022384325 0.103621224
v -0.00826649829 0.000996740786 0.104935068
v -0.00831600707 0.000821782854 0.105036131
v -0.0082207983 0.000431100106 0.105055567
v -0.00831600707 0.000634934528 0.105090552
v -0.00831600707 0.000444689002 0.10513331
v -0.00826649829 0.000251046277 0.105121648
v -0.0082207983 5.91021516e-05 0.105098328
v -0.00825316948 -2.04822401e-06 0.10513331
v -0.0082207983 -2.04822401e-06 0.105102212
v -0.00820746949 -5.64040043e-05 0.105086665
v -0.00820746949 -0.000243252331 0.105071116
v -0.00816367351 -0.000238156335 0.105024471
v -0.00820746949 -0.000428401861 0.105043907
v -0.00820746949 -0.000977056445 0.104888423
v -0.00820746949 -0.000793605318 0.104950614
v -0.00825316948 -0.000807194312 0.104989486
v -0.00825316948 -0.000620345986 0.105043907
v -0.00820746949 -0.00116390457 0.104806793
v -0.00816367351 -0.00148494385 0.104585228
v -0.00820746949 -0.00133376671 0.104721276
v -0.00805132714 -0.00192148948 0.104072127
v -0.00805132714 -0.0021083378 0.103889434
v -0.00802086074 -0.00206926922 0.103850566
v -0.00802086074 -0.00226800814 0.103648433
v -0.00799229834 -0.00222384376 0.103609562
v -0.00796754395 -0.00218307698 0.10357069
v -0.00794850235 -0.002137214 0.103531821
v -0.00794850235 -0.00233935012 0.10329082
v -0.00793136476 -0.00229009033 0.103255835
v -0.00791803517 -0.00224252875 0.103213077
v -0.00790851437 -0.00219326897 0.103174205
v -0.00790851437 -0.00232915852 0.102999288
v -0.00790280236 -0.00227989834 0.102960416
v -0.00790089836 -0.00232236412 0.102816592
v -0.00812368552 -0.00162932679 0.104429744
v -0.00808560233 -0.00177370973 0.104262597
v -0.00816367351 -0.00165820338 0.104468612
v -0.00803038154 0.00228089789 0.103660096
v -0.00809702713 0.00215689873 0.103939966
v -0.00813320711 0.00219087112 0.103974951
v -0.0082207983 0.00205837857 0.104227615
v -0.00817509831 0.00222314491 0.104009936
v -0.00831600707 0.0017356407 0.104581341
v -0.00831600707 0.00155558697 0.104701843
v -0.00831600707 0.00191909183 0.104445293
v -0.00826649829 0.00135684835 0.104764034
v -0.00826649829 0.00208385796 0.10425871
v -0.00831600707 0.00120227391 0.10489231
v -0.00806084794 0.00231826767 0.103691192
v -0.00809702713 0.00235733586 0.103730064
v -0.00790089836 0.00212122755 0.103119787
v -0.00791232316 0.00221804891 0.10319753
v -0.00792184396 0.00226391169 0.103232513
v -0.00793707755 0.00230977448 0.103271384
v -0.00795421515 0.00235733586 0.103306366
v -0.00797516075 0.00240150004 0.103341352
v -0.00800181914 0.00244736282 0.103372447
v -0.00836932386 0.00102391868 0.105005035
v -0.00836932386 0.000835371848 0.105071116
v -0.00836932386 0.000641729123 0.105125537
v -0.00842073664 0.000648523522 0.105156633
v -0.00842073664 0.000456579396 0.105195505
v -0.00831600707 0.000254443575 0.105160519
v -0.00825316948 -5.8102604e-05 0.105129424
v -0.00831600707 6.2499351e-05 0.105176069
v -0.00835218626 -2.04822401e-06 0.105203281
v -0.00830077348 -6.14998035e-05 0.105168293
v -0.00825316948 -0.00024834813 0.105109988
v -0.00825316948 -0.000433497856 0.105082779
v -0.00830077348 -0.00119617836 0.10488065
v -0.00830077348 -0.000820783306 0.105028358
v -0.00825316948 -0.000992344039 0.104923405
v -0.00830077348 -0.000441990855 0.105121648
v -0.00830077348 -0.000630537781 0.105078892
v -0.00825316948 -0.0013541501 0.104756261
v -0.00820746949 -0.00150702604 0.1046241
v -0.00808560233 -0.00214570739 0.103928306
v -0.00808560233 -0.00195716046 0.104110999
v -0.00808560233 -0.00234784351 0.103722287
v -0.00805132714 -0.00230707633 0.103683416
v -0.00805132714 -0.00251770505 0.103430755
v -0.00802086074 -0.00247354146 0.103395773
v -0.00799229834 -0.00243107568 0.103360788
v -0.00796754395 -0.0023852127 0.103325802
v -0.00796754395 -0.00252449984 0.103143109
v -0.00794850235 -0.00247523966 0.103112014
v -0.00793136476 -0.00242767848 0.103073142
v -0.00791803517 -0.0023767197 0.103038157
v -0.00791803517 -0.00260433481 0.102703866
v -0.00790851437 -0.00255337643 0.102668881
v -0.00790280236 -0.00250411625 0.102641672
v -0.00790089836 -0.00260263661 0.102381235
v -0.00816367351 -0.00183486011 0.104336451
v -0.00816367351 -0.00202170804 0.104184853
v -0.00820746949 -0.0018620377 0.104371436
v -0.00820746949 -0.00168368277 0.104503598
v -0.00803038154 0.00248982821 0.103407433
v -0.00806084794 0.00253059519 0.103438528
v -0.00813320711 0.00239300684 0.103761159
v -0.00826649829 0.00228259649 0.104068244
v -0.00817509831 0.00242867803 0.103792258
v -0.0082207983 0.00246095181 0.103819467
v -0.00842073664 0.00177301048 0.104639646
v -0.00842073664 0.00158955936 0.104752372
v -0.00842073664 0.00140780693 0.104861214
v -0.00831600707 0.00137723184 0.10479902
v -0.00831600707 0.00211103595 0.104282033
v -0.00836932386 0.00213481654 0.104309242
v -0.00836932386 0.00193947522 0.104472502
v -0.00831600707 0.00230977448 0.104095453
v -0.00842073664 0.0012311504 0.104950614
v -0.00809702713 0.00256966338 0.103473513
v -0.00813320711 0.00260873176 0.103504609
v -0.00790089836 0.0022537201 0.102944867
v -0.00790661037 0.00230298008 0.102979852
v -0.00791232316 0.00235054146 0.103014834
v -0.00792184396 0.00240150004 0.103053706
v -0.00793707755 0.00244906142 0.103088688
v -0.00795421515 0.0024949242 0.103119787
v -0.00797516075 0.00254078698 0.103154769
v -0.00800181914 0.00258834836 0.103189754
v -0.00842073664 0.00103580907 0.105032247
v -0.00842073664 0.000843864945 0.105102212
v -0.00847786143 0.000850659442 0.105129424
v -0.00847786143 0.000657016619 0.105179955
v -0.00847786143 0.000461675294 0.105222714
v -0.00842073664 0.000264635271 0.105222714
v -0.00842073664 6.58967468e-05 0.10524215
v -0.00830077348 -0.000253443929 0.10514886
v -0.00842073664 -2.04822401e-06 0.105246036
v -0.00835218626 -0.000256841325 0.105183845
v -0.00835218626 -0.00102122063 0.104993376
v -0.00835218626 -0.00121316475 0.104911745
v -0.00835218626 -0.00138812249 0.104822342
v -0.00830077348 -0.00136943789 0.104791243
v -0.00835218626 -0.000829276501 0.105063343
v -0.00835218626 -0.00044878545 0.105156633
v -0.00835218626 -0.000639030976 0.105113874
v -0.00830077348 -0.00154779283 0.104694067
v -0.00825316948 -0.00152740963 0.104659082
v -0.00830077348 -0.00173124395 0.104573565
v -0.00825316948 -0.00170746316 0.104538583
v -0.00812368552 -0.00218137838 0.103967175
v -0.00812368552 -0.00238351449 0.103749496
v -0.00812368552 -0.00259754042 0.103496836
v -0.00808560233 -0.00255677363 0.103465737
v -0.00816367351 -0.00221365217 0.104002163
v -0.00805132714 -0.00266208799 0.103244175
v -0.00802086074 -0.00261792401 0.103213077
v -0.00799229834 -0.00257036282 0.103181978
v -0.00796754395 -0.00275890935 0.102804929
v -0.00794850235 -0.00270964957 0.102773833
v -0.00793136476 -0.00265869079 0.102738848
v -0.00791803517 -0.00285063492 0.102303491
v -0.00790851437 -0.00279627933 0.102268509
v -0.00790280236 -0.00274532056 0.10223741
v -0.00790089836 -0.00297973007 0.101693217
v -0.00820746949 -0.00204888603 0.104215952
v -0.00820746949 -0.00224762455 0.104033256
v -0.00825316948 -0.00188921569 0.104402532
v -0.00825316948 -0.00207776262 0.104247051
v -0.00803038154 0.00263081375 0.103224739
v -0.00806084794 0.00267497793 0.103255835
v -0.00826649829 0.002491527 0.103846676
v -0.00817509831 0.00264440275 0.103535708
v -0.0082207983 0.00267667653 0.103562917
v -0.00853689102 0.00180358547 0.104682407
v -0.00847786143 0.00160484695 0.104779584
v -0.00842073664 0.00195985861 0.104495825
v -0.00853689102 0.001993831 0.104538583
v -0.00847786143 0.00141969732 0.104888423
v -0.00836932386 0.00233525386 0.104122662
v -0.00842073664 0.00215689873 0.104332567
v -0.00831600707 0.00252040339 0.103869998
v -0.00853689102 0.00125323249 0.105001149
v -0.00847786143 0.00104600077 0.105063343
v -0.00813320711 0.0027548131 0.103314143
v -0.00790089836 0.00247454081 0.102622236
v -0.00790661037 0.00252889659 0.102657221
v -0.00791232316 0.00257815657 0.102688317
v -0.00792184396 0.00262911515 0.102719412
v -0.00793707755 0.00267667653 0.102754397
v -0.00795421515 0.00272763511 0.102789383
v -0.00797516075 0.00277689509 0.102816592
v -0.00800181914 0.00282275788 0.10284769
v -0.00803038154 0.00286862066 0.102878786
v -0.00853689102 0.000859152539 0.105152746
v -0.00853689102 0.000663811116 0.105203281
v -0.00853689102 0.000466771191 0.105246036
v -0.00847786143 0.000266333871 0.105249926
v -0.00847786143 6.75953466e-05 0.105269362
v -0.00845881984 -0.000265334323 0.10524215
v -0.00840550305 -0.000261937124 0.105214941
v -0.00849690303 -2.04822401e-06 0.105281021
v -0.00851594463 -6.82943988e-05 0.105288795
v -0.00840550305 -0.00103141223 0.105024471
v -0.00840550305 -0.00122675355 0.104942841
v -0.00840550305 -0.00158516241 0.104748488
v -0.00835218626 -0.00156647782 0.104721276
v -0.00840550305 -0.00140341028 0.104849551
v -0.00840550305 -0.0008394681 0.105090552
v -0.00845881984 -0.000654318373 0.105176069
v -0.00840550305 -0.000453881249 0.105187728
v -0.00835218626 -0.00174992855 0.104600774
v -0.00835218626 -0.00193507867 0.104464729
v -0.00830077348 -0.00191299648 0.104437517
v -0.00816367351 -0.00241748649 0.103780595
v -0.00816367351 -0.0026349104 0.103524045
v -0.00816367351 -0.00278269014 0.103333575
v -0.00812368552 -0.00274362156 0.103306366
v -0.00808560233 -0.00270285517 0.103275271
v -0.00808560233 -0.00294575768 0.102925431
v -0.00805132714 -0.00289989509 0.102894335
v -0.00802086074 -0.00285573072 0.10287101
v -0.00799229834 -0.00280647093 0.102836028
v -0.00799229834 -0.00305956504 0.102423993
v -0.00796754395 -0.00301030525 0.102392898
v -0.00794850235 -0.00295934648 0.102365689
v -0.00793136476 -0.00290499089 0.10233459
v -0.00791803517 -0.00312411261 0.101786507
v -0.00790851437 -0.00306805843 0.101759298
v -0.00790280236 -0.00301540145 0.101732089
v -0.00790280236 -0.00330926234 0.1010946
v -0.00790089836 -0.0034128785 0.100721438
v -0.00830077348 -0.00230367913 0.104087677
v -0.00825316948 -0.00248373306 0.103838903
v -0.00820746949 -0.00245315748 0.103807804
v -0.00835218626 -0.0021270224 0.104301469
v -0.00806084794 0.00291278484 0.102902108
v -0.00809702713 0.00295694902 0.102929317
v -0.00813320711 0.00299771581 0.102960416
v -0.00826649829 0.00271234752 0.103582353
v -0.00831600707 0.00273952551 0.103609562
v -0.00817509831 0.00279218269 0.103341352
v -0.0082207983 0.00282785387 0.103364674
v -0.00859591981 0.00200572139 0.104558019
v -0.00859591981 0.00181547587 0.104697954
v -0.00859591981 0.00162862764 0.104818452
v -0.00853689102 0.00161843594 0.10479902
v -0.00847786143 0.00217558353 0.104352003
v -0.00853689102 0.00219087112 0.104371436
v -0.00853689102 0.00143328632 0.104907859
v -0.00836932386 0.00254588278 0.103893321
v -0.00842073664 0.00256966338 0.103916646
v -0.00842073664 0.00235733586 0.104145984
v -0.00836932386 0.0027684021 0.103632887
v -0.00859591981 0.00126172558 0.105020585
v -0.00853689102 0.00115471252 0.105043907
v -0.00853689102 0.00105449386 0.105086665
v -0.00790089836 0.00271914211 0.102225751
v -0.00791232316 0.00282275788 0.102287945
v -0.00792184396 0.00287541525 0.102315154
v -0.00793707755 0.00292807243 0.102346253
v -0.00795421515 0.00297733241 0.102377348
v -0.00797516075 0.003028291 0.102404557
v -0.00800181914 0.00307755098 0.102431769
v -0.00803038154 0.00312511236 0.102455089
v -0.00806084794 0.00317097514 0.102482298
v -0.00859591981 0.000865946938 0.105176069
v -0.00859591981 0.000668906915 0.1052266
v -0.00859591981 0.000470168391 0.105269362
v -0.00859591981 0.000273128368 0.105296571
v -0.00859591981 7.26911457e-05 0.105316007
v -0.00857307021 -2.04822401e-06 0.105312117
v -0.00845881984 -0.000457278449 0.105214941
v -0.00851594463 -0.000267032923 0.105269362
v -0.008630195 -6.99929985e-05 0.105331553
v -0.00845881984 -0.00104160402 0.105051683
v -0.00851594463 -0.00142888947 0.104903969
v -0.00845881984 -0.00141699908 0.10487676
v -0.00845881984 -0.00123864394 0.104966167
v -0.00845881984 -0.0016004502 0.104771808
v -0.00840550305 -0.00176861354 0.104627986
v -0.00845881984 -0.000846262499 0.105117764
v -0.00851594463 -0.000464073044 0.105238263
v -0.00857307021 -0.000666208768 0.105218827
v -0.00851594463 -0.000856454293 0.105144973
v -0.00840550305 -0.00195376327 0.104491938
v -0.00820746949 -0.00266888239 0.103555144
v -0.00825316948 -0.00285063492 0.10338411
v -0.00820746949 -0.00306466123 0.103003171
v -0.00816367351 -0.00302729125 0.102975962
v -0.00812368552 -0.00298652486 0.102948753
v -0.00812368552 -0.00324471516 0.102525059
v -0.00808560233 -0.00320224938 0.10249785
v -0.00805132714 -0.0031563864 0.102474525
v -0.00802086074 -0.00311052382 0.102447316
v -0.00802086074 -0.00338909771 0.101926442
v -0.00799229834 -0.00333983753 0.101899233
v -0.00796754395 -0.00328718054 0.101872024
v -0.00794850235 -0.00323282457 0.101844815
v -0.00793136476 -0.00317846859 0.101817606
v -0.00791803517 -0.00342137149 0.101149018
v -0.00790851437 -0.00336191972 0.101121809
v -0.00790280236 -0.0036591782 0.100216114
v -0.00790089836 -0.00362350722 0.100161696
v -0.00835218626 -0.00232915852 0.104114889
v -0.00835218626 -0.00253978724 0.103889434
v -0.00830077348 -0.00251260964 0.103862225
v -0.00830077348 -0.00273342996 0.103601788
v -0.00825316948 -0.00270285517 0.103578466
v -0.00840550305 -0.00214910459 0.104324791
v -0.00813320711 0.00325590611 0.102532832
v -0.00817509831 0.00329667329 0.102556155
v -0.00817509831 0.00303678419 0.102983735
v -0.00826649829 0.00286012766 0.103387997
v -0.00831600707 0.00289070285 0.103411319
v -0.0082207983 0.00307415378 0.103007061
v -0.00826649829 0.00310982476 0.103030383
v -0.00859591981 0.00220446011 0.104386985
v -0.00871778698 0.00222484351 0.104414194
v -0.00865685339 0.00201761179 0.104569682
v -0.00865685339 0.00182736626 0.104713503
v -0.00865685339 0.00163881934 0.104834005
v -0.00859591981 0.00144177941 0.104927295
v -0.00847786143 0.00237771925 0.104161534
v -0.00853689102 0.00239470564 0.10418097
v -0.00859591981 0.00240999304 0.104196516
v -0.00853689102 0.00261043036 0.103955515
v -0.00842073664 0.00279388148 0.103652323
v -0.00847786143 0.00281766208 0.103667869
v -0.00836932386 0.00292127803 0.103430755
v -0.00842073664 0.00294505863 0.103454077
v -0.00871778698 0.00127531458 0.105047794
v -0.00865685339 0.00117000012 0.105078892
v -0.00859591981 0.00116320562 0.105063343
v -0.00865685339 0.00145197111 0.104942841
v -0.00859591981 0.00106298696 0.105106101
v -0.00859591981 0.000966165598 0.105141084
v -0.00790089836 0.00298582561 0.101720426
v -0.00791232316 0.00309453717 0.101774845
v -0.00792184396 0.00314889315 0.101802054
v -0.00793707755 0.00320155033 0.101829266
v -0.00795421515 0.00325420751 0.101856475
v -0.00797516075 0.00330516629 0.101883687
v -0.00800181914 0.00335612467 0.101907006
v -0.00803038154 0.00340538485 0.101930332
v -0.00806084794 0.00345294603 0.101953651
v -0.00813320711 0.0035412744 0.102000296
v -0.00865685339 0.000774221472 0.105218827
v -0.00865685339 0.000969562797 0.105156633
v -0.00865685339 0.00057378425 0.105265472
v -0.00865685339 0.00047356559 0.105284908
v -0.00871778698 0.000276525666 0.105331553
v -0.00865685339 7.43897455e-05 0.105335443
v -0.0086511406 -2.04822401e-06 0.105339326
v -0.008630195 -0.000272128919 0.10530823
v -0.008630195 -0.000470867443 0.105277135
v -0.00873492457 -2.04822401e-06 0.105358762
v -0.00868922458 -0.000273827518 0.105327666
v -0.00851594463 -0.00125053434 0.104989486
v -0.00851594463 -0.00105179581 0.105075003
v -0.00857307021 -0.00125732874 0.105012812
v -0.00857307021 -0.00144077986 0.104919522
v -0.00857307021 -0.00162592959 0.104810679
v -0.00851594463 -0.0016123404 0.104795133
v -0.00851594463 -0.00179918873 0.104674631
v -0.00845881984 -0.00178390133 0.104651309
v -0.008630195 -0.000669606163 0.105234373
v -0.008630195 -0.000866646088 0.105179955
v -0.00857307021 -0.000861550289 0.105164409
v -0.00857307021 -0.00106028881 0.105098328
v -0.00845881984 -0.00197414685 0.104511374
v -0.00830077348 -0.0028829087 0.103403546
v -0.00830077348 -0.00313260601 0.103045933
v -0.00825316948 -0.00336191972 0.10259114
v -0.00820746949 -0.00332624873 0.102571704
v -0.00816367351 -0.00328718054 0.102548379
v -0.00812368552 -0.00353008305 0.101988636
v -0.00808560233 -0.00348422047 0.1019692
v -0.00805132714 -0.00344005648 0.101945878
v -0.00802086074 -0.00369484958 0.101265634
v -0.00799229834 -0.00364219221 0.101246198
v -0.00796754395 -0.00358783623 0.101222875
v -0.00794850235 -0.00353348025 0.101195666
v -0.00793136476 -0.00347912467 0.101172344
v -0.00793136476 -0.00383243773 0.100278308
v -0.00791803517 -0.00377298596 0.100258872
v -0.00790851437 -0.00371353418 0.100235549
v -0.00790280236 -0.00404816265 0.0990422048
v -0.00790089836 -0.00420443579 0.0983192022
v -0.00840550305 -0.00234954171 0.104138208
v -0.00840550305 -0.00278608734 0.103648433
v -0.00835218626 -0.00276060835 0.103625111
v -0.00840550305 -0.00256356803 0.10390887
v -0.00851594463 -0.00218477558 0.104367549
v -0.00845881984 -0.0023716239 0.104157644
v -0.00817509831 0.00358374018 0.102015849
v -0.0082207983 0.00362450696 0.102039168
v -0.0082207983 0.00333574147 0.102579477
v -0.00831600707 0.00313870135 0.103053706
v -0.00836932386 0.00317097514 0.103073142
v -0.00826649829 0.00337311106 0.102598913
v -0.00871778698 0.00243207523 0.104219842
v -0.00878062456 0.00223333651 0.104421967
v -0.00871778698 0.00202440619 0.104581341
v -0.00878062456 0.00183925666 0.104729052
v -0.00871778698 0.00164561393 0.104845665
v -0.00878062456 0.00203120078 0.104589114
v -0.00859591981 0.00262741655 0.103967175
v -0.00871778698 0.00265119734 0.1039905
v -0.00853689102 0.00283634687 0.103687305
v -0.00842073664 0.00319645453 0.103088688
v -0.00847786143 0.00322023512 0.103104237
v -0.00853689102 0.00324061871 0.103119787
v -0.00853689102 0.00298752421 0.10348129
v -0.00878062456 0.00146216281 0.104962277
v -0.00878062456 0.00127871178 0.105055567
v -0.00878062456 0.00117849321 0.105102212
v -0.00871778698 0.00117509592 0.105090552
v -0.00871778698 0.00107317866 0.10513331
v -0.00790089836 0.0032796869 0.101082937
v -0.00790661037 0.00333574147 0.10111015
v -0.00791232316 0.00339179566 0.101133472
v -0.00792184396 0.00344615163 0.101156795
v -0.00793707755 0.00350220621 0.101184007
v -0.00795421515 0.00355486359 0.101207326
v -0.00797516075 0.00360921917 0.101230652
v -0.00800181914 0.00365847935 0.101250088
v -0.00803038154 0.00370943773 0.10126952
v -0.00806084794 0.00375869791 0.101292843
v -0.00813320711 0.00385042347 0.101331715
v -0.00817509831 0.00389458746 0.101351151
v -0.00871778698 0.000974658695 0.105168293
v -0.00871778698 0.000876138732 0.105199391
v -0.00871778698 0.000775920072 0.10523049
v -0.00871778698 0.00067740011 0.105257699
v -0.00871778698 0.00047526419 0.105300454
v -0.00878062456 0.000276525666 0.105343216
v -0.00871778698 7.43897455e-05 0.105350989
v -0.00868922458 -0.000474264642 0.105292681
v -0.00868922458 -0.000674701963 0.105249926
v -0.00884346215 7.43897455e-05 0.105366538
v -0.00884346215 -2.04822401e-06 0.105370425
v -0.00881109096 -7.33901979e-05 0.105362652
v -0.00881109096 -0.000277224718 0.105343216
v -0.00875015816 -0.000475963438 0.105304344
v -0.008630195 -0.00116730177 0.105075003
v -0.008630195 -0.00126582193 0.105028358
v -0.008630195 -0.00144927286 0.104935068
v -0.008630195 -0.00163442259 0.104826229
v -0.00857307021 -0.00181277792 0.104694067
v -0.00851594463 -0.00198603705 0.104534693
v -0.00868922458 -0.000871741887 0.105195505
v -0.00868922458 -0.000971960449 0.105164409
v -0.008630195 -0.00106708321 0.105113874
v -0.00835218626 -0.00291178529 0.103422982
v -0.00835218626 -0.00316148259 0.103069252
v -0.00830077348 -0.00339589211 0.102610576
v -0.00830077348 -0.00368465759 0.102070267
v -0.00825316948 -0.00364898661 0.102050831
v -0.00820746949 -0.00361161702 0.102031395
v -0.00816367351 -0.00357254883 0.102011959
v -0.00816367351 -0.00388169752 0.101351151
v -0.00808560233 -0.00379336955 0.101308392
v -0.00805132714 -0.00374410937 0.10128507
v -0.00805132714 -0.00410421683 0.100375484
v -0.00802086074 -0.00405155985 0.100359938
v -0.00799229834 -0.00399890247 0.100340502
v -0.00796754395 -0.00394454649 0.100321066
v -0.00794850235 -0.00388849231 0.10030163
v -0.00794850235 -0.00428087356 0.0991160588
v -0.00793136476 -0.00422312038 0.0990966229
v -0.00791803517 -0.00416366861 0.0990771901
v -0.00790851437 -0.00410251823 0.0990616407
v -0.00790280236 -0.0044490369 0.0975767637
v -0.00790089836 -0.00486010274 0.0954427412
v -0.00845881984 -0.00258565022 0.103928306
v -0.00845881984 -0.00280816953 0.103663983
v -0.00840550305 -0.00293726468 0.103446304
v -0.00857307021 -0.00220006337 0.104383096
v -0.00857307021 -0.00240389769 0.104192629
v -0.00851594463 -0.00239030889 0.104173193
v -0.00851594463 -0.00260263661 0.103947742
v -0.0082207983 0.00393365565 0.101370586
v -0.00826649829 0.00397102563 0.101386133
v -0.00826649829 0.00365847935 0.102054717
v -0.00831600707 0.00340368625 0.102618349
v -0.00836932386 0.00343596004 0.102633895
v -0.00842073664 0.00346313802 0.102649448
v -0.00831600707 0.00369415034 0.102070267
v -0.00878062456 0.00243886963 0.104227615
v -0.00890249173 0.00244566422 0.104231501
v -0.00890249173 0.0022367339 0.104425857
v -0.00890249173 0.00203799518 0.104596891
v -0.00884346215 0.00203629658 0.104593001
v -0.00884346215 0.00184265386 0.104732936
v -0.00878062456 0.00164901113 0.104853441
v -0.00859591981 0.00285163446 0.103698968
v -0.00865685339 0.00286522346 0.103710628
v -0.00884346215 0.00266138894 0.103998273
v -0.00871778698 0.00287541525 0.103718404
v -0.00878062456 0.00288390825 0.103722287
v -0.00884346215 0.00288730545 0.103730064
v -0.00859591981 0.003006209 0.103496836
v -0.00847786143 0.00348691842 0.102661107
v -0.00853689102 0.00350900061 0.102676657
v -0.00859591981 0.0035276856 0.10268443
v -0.00865685339 0.0032745911 0.103139223
v -0.00884346215 0.0014655601 0.104966167
v -0.00884346215 0.00128041038 0.105063343
v -0.00890249173 0.00156577866 0.104915632
v -0.00884346215 0.00118189041 0.105106101
v -0.00890249173 0.00103241177 0.105168293
v -0.00878062456 0.00107657595 0.105141084
v -0.00790089836 0.00362960276 0.100204451
v -0.00791232316 0.00374171152 0.100247212
v -0.00792184396 0.0037994647 0.100266648
v -0.00793707755 0.00385551927 0.100289968
v -0.00795421515 0.00390987525 0.100309403
v -0.00797516075 0.00396423083 0.100328839
v -0.00800181914 0.00401688821 0.100348275
v -0.00803038154 0.00406784699 0.100363821
v -0.00806084794 0.00411880537 0.100379374
v -0.00809702713 0.00416636695 0.10039881
v -0.00813320711 0.00421222954 0.100418243
v -0.00817509831 0.00425639391 0.100433792
v -0.0082207983 0.0042971607 0.100449338
v -0.00878062456 0.000976357294 0.105176069
v -0.00878062456 0.000879535932 0.105207164
v -0.00878062456 0.000779317272 0.105238263
v -0.00884346215 0.00078101597 0.105246036
v -0.00884346215 0.00067909871 0.105273245
v -0.00878062456 0.00057718145 0.105288795
v -0.00884346215 0.000478661487 0.105316007
v -0.00884346215 0.000378442827 0.105331553
v -0.00884346215 0.000276525666 0.105347102
v -0.00875015816 -0.000676400562 0.105261586
v -0.00875015816 -0.000776619124 0.105234373
v -0.00890249173 -2.04822401e-06 0.105374311
v -0.00890249173 0.000225566987 0.105354875
v -0.00887012054 -7.33901979e-05 0.105366538
v -0.00887012054 -0.000277224718 0.105347102
v -0.00887012054 -0.000477662038 0.105316007
v -0.00881109096 -0.000475963438 0.105312117
v -0.00881109096 -0.000678099162 0.105269362
v -0.00868922458 -0.00117409637 0.105086665
v -0.00868922458 -0.00127261653 0.105043907
v -0.00868922458 -0.00145606746 0.104950614
v -0.00868922458 -0.00164291559 0.104837888
v -0.008630195 -0.00182127092 0.104709616
v -0.008630195 -0.00201321504 0.104565792
v -0.00857307021 -0.00200132445 0.104550246
v -0.00875015816 -0.000977056445 0.105176069
v -0.00840550305 -0.00318866019 0.103084805
v -0.00840550305 -0.00345364528 0.102645558
v -0.00835218626 -0.00342476869 0.102630012
v -0.00835218626 -0.00371693138 0.102085813
v -0.00830077348 -0.00399550527 0.101397795
v -0.00825316948 -0.00395983428 0.101382249
v -0.00820746949 -0.00428766796 0.100445455
v -0.00816367351 -0.00424520257 0.100429902
v -0.00812368552 -0.00419933959 0.10041047
v -0.00808560233 -0.00415347701 0.10039492
v -0.00805132714 -0.00450169427 0.0991782562
v -0.00802086074 -0.0044490369 0.0991627037
v -0.00799229834 -0.00439468092 0.0991471575
v -0.00796754395 -0.00433862673 0.0991316113
v -0.00794659835 -0.00449659847 0.0983192022
v -0.00794659835 -0.0046851454 0.0976311818
v -0.00791613117 -0.00437090052 0.0983192022
v -0.00790851437 -0.00450339287 0.0975923131
v -0.00790661037 -0.00496711649 0.0953688842
v -0.00790280236 -0.0049280483 0.0953688842
v -0.00790089836 -0.00487539132 0.0953688842
v -0.00851594463 -0.00282855312 0.103679532
v -0.00851594463 -0.00298142867 0.1034774
v -0.00845881984 -0.00295934648 0.103461854
v -0.00845881984 -0.00321244137 0.103100351
v -0.00868922458 -0.00222214556 0.104410308
v -0.008630195 -0.00241748649 0.104204289
v -0.00857307021 -0.0026196226 0.103963291
v -0.00826649829 0.00433453029 0.100461001
v -0.00831600707 0.00437020127 0.10047655
v -0.00831600707 0.00400499801 0.101401682
v -0.00836932386 0.00372642412 0.102089702
v -0.00842073664 0.00375360211 0.102105249
v -0.00847786143 0.0037790815 0.102116911
v -0.00890249173 0.00263590975 0.104033256
v -0.0109190073 0.00256966338 0.104103226
v -0.0108904449 0.00240829444 0.104262597
v -0.0108828281 0.00234714426 0.104320905
v -0.0109856529 0.0022350353 0.104425857
v -0.0108523617 0.00207876216 0.104561905
v -0.0108409361 0.00193777662 0.104670745
v -0.00890249173 0.00181717447 0.104752372
v -0.00890249173 0.00165410693 0.104861214
v -0.00884346215 0.00165240833 0.104857324
v -0.00865685339 0.0030180994 0.103508499
v -0.00871778698 0.0030299896 0.103516272
v -0.00878062456 0.00304018139 0.103524045
v -0.00890249173 0.00294505863 0.103660096
v -0.00890249173 0.00288900405 0.103730064
v -0.00853689102 0.0038011633 0.102128574
v -0.00859591981 0.00382154689 0.102140234
v -0.00865685339 0.003542973 0.102692203
v -0.00871778698 0.0032847827 0.103146996
v -0.00871778698 0.00355486359 0.102703866
v -0.00890249173 0.00130249247 0.105055567
v -0.0109361449 0.00163712074 0.104872874
v -0.0108199905 0.00156577866 0.104915632
v -0.00890249173 0.00107997315 0.10514886
v -0.0108104697 0.00103241177 0.105168293
v -0.00890249173 0.000881234532 0.105218827
v -0.00884346215 0.000881234532 0.105214941
v -0.00790089836 0.00401688821 0.099030542
v -0.00790661037 0.00407633999 0.0990499779
v -0.00791232316 0.00413239456 0.0990694139
v -0.00792184396 0.00419184634 0.0990849632
v -0.00793707755 0.00424790052 0.0991043991
v -0.00795421515 0.0043039551 0.0991199485
v -0.00797516075 0.00436000968 0.0991354947
v -0.00800181914 0.00441266666 0.0991549306
v -0.00803038154 0.00446532404 0.0991704799
v -0.00806084794 0.00451458421 0.0991821396
v -0.00809702713 0.004563844 0.0991976921
v -0.00813320711 0.00461140558 0.0992093518
v -0.00817509831 0.00465556956 0.0992210114
v -0.00826649829 0.00473710353 0.0992482204
v -0.00890249173 0.000767426975 0.105249926
v -0.00890249173 0.00067909871 0.105273245
v -0.0108047569 0.000612852535 0.105288795
v -0.0108028529 0.000560195256 0.105300454
v -0.00890249173 0.000499044979 0.105312117
v -0.0108028529 0.000449784998 0.10532378
v -0.0108009489 0.000324087047 0.105343216
v -0.00881109096 -0.000776619124 0.10524215
v -0.0108009489 5.06091529e-05 0.105370425
v -0.0108009489 -2.04822401e-06 0.105374311
v -0.0108009489 -0.00019059515 0.105358762
v -0.0108009489 0.000225566987 0.105354875
v -0.0108009489 -0.000267032923 0.105350989
v -0.0108047569 -0.000688290957 0.105273245
v -0.00887012054 -0.000679797762 0.105273245
v -0.0109113905 -0.000438593655 0.10532378
v -0.00887012054 -0.000880234886 0.105218827
v -0.00875015816 -0.00117749377 0.105098328
v -0.00875015816 -0.00127771233 0.105051683
v -0.00875015816 -0.00146116326 0.10495839
v -0.00875015816 -0.00164970999 0.104849551
v -0.00875015816 -0.00203020104 0.104585228
v -0.00868922458 -0.00202170804 0.104577455
v -0.00875015816 -0.00183655831 0.104725163
v -0.00881109096 -0.00107727501 0.105144973
v -0.00881109096 -0.00117919236 0.105106101
v -0.00845881984 -0.00348082327 0.102661107
v -0.00840550305 -0.00374580797 0.102101365
v -0.00840550305 -0.00406005285 0.101425004
v -0.00835218626 -0.00402947766 0.101409458
v -0.00830077348 -0.00436070853 0.100472664
v -0.00825316948 -0.00432503754 0.100461001
v -0.00825316948 -0.00472591218 0.099244337
v -0.00820746949 -0.004686844 0.0992326742
v -0.00816367351 -0.00464267962 0.0992171249
v -0.00812368552 -0.00459681703 0.0992054652
v -0.00808560233 -0.00455095406 0.0991938024
v -0.00808560233 -0.0049586231 0.0977050389
v -0.00805132714 -0.00490596533 0.0976933792
v -0.00801895674 -0.00467835061 0.0983192022
v -0.00799229834 -0.00479895276 0.0976622805
v -0.00798087276 -0.00459341984 0.0983192022
v -0.00796754395 -0.00474119958 0.0976467311
v -0.00796373595 -0.00523040298 0.0953688842
v -0.00794659835 -0.00517604622 0.0953688842
v -0.00793707755 -0.00514377243 0.0953688842
v -0.00791613117 -0.00456454325 0.0976039728
v -0.00791613117 -0.00505034905 0.0953688842
v -0.0116064127 -0.00771718283 0.0657218772
v -0.0116006999 -0.00762885485 0.0657218772
v -0.00790089836 0.00489507527 0.0953688842
v -0.008630195 -0.00286082691 0.103706741
v -0.00857307021 -0.00299841466 0.103496836
v -0.00851594463 -0.00323282457 0.103115897
v -0.00875015816 -0.00222893996 0.104418084
v -0.00868922458 -0.00242937708 0.104215952
v -0.008630195 -0.0026332114 0.103974951
v -0.00831600707 0.00477447311 0.0992598832
v -0.00836932386 0.00440587226 0.10048821
v -0.00836932386 0.0040372718 0.101417231
v -0.00842073664 0.00406784699 0.101428894
v -0.00847786143 0.00409502498 0.101440554
v -0.0109342409 0.00265799174 0.104002163
v -0.0110979992 0.00286182626 0.103765049
v -0.0110313536 0.00254927998 0.104122662
v -0.0111132328 0.00232676067 0.104328678
v -0.0110827656 0.00208046076 0.104550246
v -0.0109704201 0.00210424136 0.104538583
v -0.0109551865 0.00194796841 0.104659082
v -0.0109418577 0.00175602409 0.104795133
v -0.0108276073 0.00171695591 0.104822342
v -0.00890249173 0.00304527719 0.103524045
v -0.00878062456 0.00329497429 0.103154769
v -0.00890249173 0.0032762897 0.103189754
v -0.0109951744 0.00292467523 0.103687305
v -0.00871778698 0.00384872487 0.102155783
v -0.00859591981 0.00413749036 0.10145999
v -0.00878062456 0.00356335659 0.102703866
v -0.0108123737 0.00130249247 0.105055567
v -0.0110484904 0.00161503865 0.10487676
v -0.0110408744 0.0014757518 0.104954504
v -0.0109285281 0.00149443659 0.104950614
v -0.0109171033 0.000938987708 0.105195505
v -0.0108047569 0.000811591059 0.105238263
v -0.0109190073 0.00108506905 0.105144973
v -0.00790470637 0.00427507851 0.0983192022
v -0.00790089836 0.00441606425 0.0975689906
v -0.00791232316 0.00453326881 0.0975961997
v -0.00791613117 0.00436680407 0.0983192022
v -0.00792184396 0.00459272059 0.097611749
v -0.00793707755 0.00464877516 0.0976234087
v -0.00795421515 0.00470652834 0.097638958
v -0.00797516075 0.00476258252 0.0976506177
v -0.00800181914 0.0048186371 0.097666167
v -0.00803038154 0.00486959588 0.0976817164
v -0.00806084794 0.00492225286 0.0976933792
v -0.00809512313 0.00497151304 0.0977089254
v -0.00809512313 0.0048033497 0.0983192022
v -0.00813320711 0.00501907422 0.0977166985
v -0.00817509831 0.0050649372 0.0977283613
v -0.0082207983 0.00510740259 0.0977400241
v -0.00826649829 0.00514816977 0.0977516838
v -0.0108047569 0.000767426975 0.105249926
v -0.0109132945 0.00060266074 0.105288795
v -0.0109151993 0.000775920072 0.105246036
v -0.0109113905 0.000441291803 0.10532378
v -0.0109113905 0.000295210459 0.105343216
v -0.0109094865 0.000167813909 0.105358762
v -0.0109094865 -2.04822401e-06 0.105370425
v -0.0109094865 -0.000165115761 0.105358762
v -0.0110218321 -0.000289115112 0.105339326
v -0.0109132945 -0.000601661193 0.105288795
v -0.0109151993 -0.000774920525 0.105246036
v -0.0108047569 -0.000810591512 0.105238263
v -0.00890249173 -0.000880234886 0.105218827
v -0.00890249173 -0.000810591512 0.105238263
v -0.0111341784 -0.000284019117 0.105331553
v -0.0110237368 -0.000593168194 0.105284908
v -0.00890249173 -0.00107048041 0.105152746
v -0.00887012054 -0.000978755044 0.105183845
v -0.00887012054 -0.00128280813 0.105063343
v -0.00881109096 -0.00146456065 0.104962277
v -0.00890249173 -0.00158346421 0.104907859
v -0.00881109096 -0.00165310719 0.104857324
v -0.00881109096 -0.00184165451 0.104732936
v -0.00881109096 -0.00203359824 0.104593001
v -0.00881109096 -0.00223403575 0.104425857
v -0.00887012054 -0.00118089096 0.105106101
v -0.00851594463 -0.00350460406 0.102668881
v -0.00851594463 -0.00379506815 0.102124685
v -0.00845881984 -0.00377128736 0.102113025
v -0.00845881984 -0.00408553223 0.101436667
v -0.00840550305 -0.00442695471 0.100495986
v -0.00835218626 -0.00439468092 0.100484323
v -0.00835218626 -0.00479895276 0.0992637729
v -0.00830077348 -0.00476158317 0.0992559967
v -0.00830077348 -0.00517434801 0.0977555703
v -0.00825126548 -0.00513527982 0.0977477972
v -0.00820746949 -0.00509451265 0.0977361344
v -0.00816367351 -0.00505034905 0.0977244748
v -0.00814082312 -0.00553785228 0.0953688842
v -0.00808941112 -0.00546651031 0.0953688842
v -0.00805132714 -0.00541045612 0.0953688842
v -0.00803990234 -0.00539177192 0.0953688842
v -0.00801895674 -0.00485330834 0.0976739433
v -0.00799229834 -0.00529664876 0.0953688842
v -0.0116787711 -0.00801274311 0.0657218772
v -0.0116635375 -0.00797367492 0.0657218772
v -0.0116387831 -0.00789044235 0.0657218772
v -0.0116178375 -0.00780381259 0.0657218772
v -0.0116121255 -0.0077613472 0.0657218772
v -0.0133049315 -0.00772227902 0.0656674576
v -0.0133030275 -0.00768660803 0.0656674576
v -0.0116006999 0.0076298546 0.0657218772
v -0.00790661037 0.00496641724 0.0953688842
v -0.00790470637 0.00447551563 0.0975806503
v -0.0116064127 0.00771648436 0.0657218772
v -0.00868922458 -0.00287271711 0.103714514
v -0.008630195 -0.00301370245 0.103504609
v -0.00868922458 -0.00264510199 0.103986611
v -0.00857307021 -0.00325320776 0.103123673
v -0.00875015816 -0.00243617148 0.104223725
v -0.00831600707 0.00518384075 0.09775946
v -0.00836741986 0.0050683344 0.0983192022
v -0.00842073664 0.00483902069 0.0992754326
v -0.00842073664 0.00443474885 0.100499873
v -0.00847786143 0.00446192684 0.100511536
v -0.00853689102 0.00448570763 0.100519309
v -0.00853689102 0.00411710677 0.10144833
v -0.011332212 0.00280407308 0.103803918
v -0.0111798784 0.00268856693 0.103955515
v -0.011286512 0.00308604417 0.103454077
v -0.0112979368 0.00265629314 0.103974951
v -0.0112636616 0.002491527 0.104153758
v -0.0113474456 0.00226391169 0.104352003
v -0.0111989208 0.00205328278 0.104558019
v -0.0110694368 0.00192588622 0.104666855
v -0.0111684536 0.00170846291 0.104802906
v -0.0111836872 0.00189870824 0.104674631
v -0.0110865736 0.00323212552 0.103259722
v -0.0110542032 0.00313190695 0.103399656
v -0.00884346215 0.00329667329 0.103154769
v -0.00884346215 0.00356675379 0.102707752
v -0.00890249173 0.00356845238 0.102707752
v -0.0112084408 0.0035412744 0.102762174
v -0.011240812 0.00332045368 0.103119787
v -0.0111684536 0.00311152336 0.103426868
v -0.00878062456 0.00385721787 0.102155783
v -0.00871778698 0.00416636695 0.101471649
v -0.00878062456 0.00417485995 0.101475539
v -0.00859591981 0.00450439222 0.100527082
v -0.00865685339 0.00452137861 0.100530972
v -0.00865685339 0.00415277776 0.101463876
v -0.00890249173 0.00364489016 0.102579477
v -0.0109247201 0.00131608146 0.105043907
v -0.0110370656 0.00129739667 0.105047794
v -0.0110313536 0.00119208211 0.105094439
v -0.0111608368 0.00159125796 0.10487676
v -0.011155124 0.00145197111 0.104954504
v -0.0111417952 0.00104939797 0.105141084
v -0.0110275448 0.000925398714 0.105191618
v -0.00791232316 0.00501907422 0.0953688842
v -0.00791803517 0.0050564442 0.0953688842
v -0.00792184396 0.0050802246 0.0953688842
v -0.00793707755 0.00514307357 0.0953688842
v -0.00796373595 0.00523140194 0.0953688842
v -0.00797516075 0.00525857993 0.0953688842
v -0.00799991514 0.0053129359 0.0953688842
v -0.00803990234 0.00539107228 0.0953688842
v -0.00809512313 0.00547770204 0.0953688842
v -0.00814082312 0.00553545522 0.0953688842
v -0.00817509831 0.005576222 0.0953688842
v -0.0081998527 0.00560339999 0.0953688842
v -0.00826649829 0.00566285177 0.0953688842
v -0.00831600707 0.00570022135 0.0953688842
v -0.0110237368 0.000595866341 0.105284908
v -0.0110256408 0.000762331078 0.10524215
v -0.0111341784 0.000285018664 0.105331553
v -0.0110218321 0.000288415962 0.105339326
v -0.0111303704 0.000159320812 0.105343216
v -0.0110370656 -2.04822401e-06 0.105358762
v -0.0111303704 -0.000158321362 0.105343216
v -0.0110199281 -0.000163417162 0.105350989
v -0.0110256408 -0.00076303013 0.10524215
v -0.0109171033 -0.000939686662 0.105195505
v -0.0108104697 -0.00107048041 0.105152746
v -0.011242716 -0.000153225367 0.105331553
v -0.011246524 -0.000275526118 0.105316007
v -0.011246524 -0.000413114463 0.105292681
v -0.011246524 -0.000569387405 0.105261586
v -0.0112484288 -0.000734153739 0.1052266
v -0.0109247201 -0.00131847911 0.105043907
v -0.0108180865 -0.00146456065 0.10497005
v -0.0108123737 -0.00121486335 0.105090552
v -0.0108199905 -0.00158346421 0.104907859
v -0.0109361449 -0.00163781979 0.104872874
v -0.0109418577 -0.00175672334 0.104795133
v -0.00887012054 -0.00184335271 0.104736825
v -0.00887012054 -0.00203529723 0.104596891
v -0.00890249173 -0.00209474861 0.104550246
v -0.00887012054 -0.00223743295 0.104425857
v -0.00890249173 -0.0023631309 0.104309242
v -0.00881109096 -0.00244126767 0.104227615
v -0.008630195 -0.00353857645 0.102692203
v -0.008630195 -0.00383073913 0.10214412
v -0.00857307021 -0.00412969622 0.101452213
v -0.00851594463 -0.00410931302 0.10144444
v -0.00851594463 -0.00447791348 0.100515419
v -0.00845881984 -0.00445243409 0.100503759
v -0.00845881984 -0.00485840453 0.0992832057
v -0.00840550305 -0.00482952795 0.0992754326
v -0.00835218626 -0.00520832001 0.0977672331
v -0.00835218626 -0.00572470061 0.0953688842
v -0.00826649829 -0.00566185202 0.0953688842
v -0.0081998527 -0.00560409885 0.0953688842
v -0.0118368167 -0.0082760296 0.0657218772
v -0.0117854047 -0.00820638583 0.0657218772
v -0.0117358967 -0.00813164666 0.0657218772
v -0.0116978127 -0.00805520849 0.0657218772
v -0.0133963323 -0.00806030468 0.0656674576
v -0.0133677699 -0.00799235991 0.0656674576
v -0.0133373027 -0.00789553855 0.0656674576
v -0.0133163571 -0.00780890878 0.0656674576
v -0.0133030275 0.007651936 0.0656674576
v -0.0133049315 0.00772327876 0.0656674576
v -0.0133106451 0.00777423675 0.0656674576
v -0.0116178375 0.00780481233 0.0657218772
v -0.00875015816 -0.0028812101 0.103722287
v -0.00868922458 -0.00302559304 0.103512385
v -0.00868922458 -0.00327868715 0.103143109
v -0.008630195 -0.00326849555 0.10313145
v -0.00881109096 -0.00265869079 0.103998273
v -0.00875015816 -0.00265359499 0.1039905
v -0.00833504867 0.00571381015 0.0953688842
v -0.00836741986 0.00521781314 0.0977672331
v -0.00842073664 0.00525008693 0.0977750062
v -0.00847786143 0.00486619868 0.0992870923
v -0.00853689102 0.00488828047 0.0992948685
v -0.00859591981 0.00490866406 0.0992987551
v -0.0115226295 0.003019798 0.103496836
v -0.0115816583 0.0030011132 0.103504609
v -0.0115073959 0.0027514159 0.103819467
v -0.0114140919 0.00262401935 0.103986611
v -0.0113607752 0.00329497429 0.103146996
v -0.0114769287 0.0032643993 0.103170318
v -0.0115968919 0.00323042692 0.103193641
v -0.0113779128 0.00245925321 0.10416542
v -0.0114369415 0.00244056823 0.104169307
v -0.0114616952 0.00222654211 0.104355887
v -0.0113131704 0.00202100899 0.104561905
v -0.0112979368 0.00186813324 0.104678518
v -0.0113398288 0.00166599732 0.104802906
v -0.0112750872 0.00156408006 0.10487676
v -0.0113150744 0.00350220621 0.102824365
v -0.0112541416 0.00364489016 0.102579477
v -0.00884346215 0.00386231367 0.10215967
v -0.00871778698 0.00453326881 0.100534855
v -0.00878062456 0.0045434608 0.100538745
v -0.00884346215 0.00417995575 0.101475539
v -0.00890249173 0.0040542578 0.101759298
v -0.00884346215 0.0045502552 0.100542631
v -0.00865685339 0.00492565045 0.0993026416
v -0.00871778698 0.00494093785 0.0993065282
v -0.00890249173 0.00386401227 0.10215967
v -0.0113417328 0.00382154689 0.1022413
v -0.011147508 0.00127701318 0.105043907
v -0.011324596 0.00141290282 0.104950614
v -0.0112541416 0.00102901457 0.10513331
v -0.0111379864 0.00091011112 0.105187728
v -0.0116216455 0.00782519553 0.0657218772
v -0.0116540167 0.00795259247 0.0657218772
v -0.0117054295 0.00807149603 0.0657218772
v -0.0117378007 0.0081326464 0.0657218772
v -0.0117701711 0.00818700159 0.0657218772
v -0.0118368167 0.00827533035 0.0657218772
v -0.0118501463 0.00829061735 0.0657218772
v -0.0118958462 0.00833987792 0.0657218772
v -0.0119415462 0.00838234331 0.0657218772
v -0.0119624918 0.00839932931 0.0657218772
v -0.0120291382 0.00845198708 0.0657218772
v -0.011246524 0.000415812512 0.105292681
v -0.0111341784 0.000426004209 0.105304344
v -0.0111379864 0.000748742084 0.105234373
v -0.0112484288 0.000735153188 0.1052266
v -0.011246524 0.000572085552 0.105261586
v -0.011246524 0.000276525666 0.105316007
v -0.011242716 0.000155923514 0.105331553
v -0.011242716 -2.04822401e-06 0.105339326
v -0.0111379864 -0.000907412874 0.105187728
v -0.0110275448 -0.000924399264 0.105191618
v -0.0110294488 -0.00106878181 0.105144973
v -0.0109190073 -0.0010840696 0.105144973
v -0.0112941288 -2.04822401e-06 0.105331553
v -0.0113550616 -0.000146430968 0.10530823
v -0.0114655039 -0.000143033572 0.105284908
v -0.0114693127 -0.000392730874 0.105253809
v -0.0113607752 -0.000557497011 0.105246036
v -0.0114731207 -0.000701879951 0.105187728
v -0.0113626792 -0.000871741887 0.105168293
v -0.0110313536 -0.00119278116 0.105094439
v -0.0110370656 -0.00129809572 0.105047794
v -0.0109285281 -0.00149343705 0.104950614
v -0.0110408744 -0.00147305365 0.104954504
v -0.0110484904 -0.001614039 0.10487676
v -0.0111684536 -0.00170916216 0.104802906
v -0.0111836872 -0.00189770869 0.104674631
v -0.0110694368 -0.00192488668 0.104666855
v -0.0109551865 -0.00195036607 0.104659082
v -0.0108352241 -0.00183486011 0.104740712
v -0.0108447449 -0.00196735246 0.104647422
v -0.0108580737 -0.00212532419 0.104523034
v -0.0108694985 -0.00222893996 0.10443363
v -0.0108866361 -0.0023733225 0.104297582
v -0.0109075825 -0.00250071905 0.104173193
v -0.00887012054 -0.00244466487 0.104227615
v -0.00887012054 -0.00266208799 0.104002163
v -0.00868922458 -0.00355046664 0.102696093
v -0.00868922458 -0.00384262933 0.102151894
v -0.00875015816 -0.00329057774 0.103150885
v -0.00868922458 -0.00416027141 0.101467763
v -0.008630195 -0.00414498401 0.101463876
v -0.008630195 -0.00451358447 0.100530972
v -0.00857307021 -0.00449659847 0.100523195
v -0.00857307021 -0.00490256891 0.0992987551
v -0.00851594463 -0.00488218572 0.0992909819
v -0.00845881984 -0.00526777217 0.0977788928
v -0.00840931106 -0.00576037238 0.0953688842
v -0.0121014966 -0.00849854891 0.0657218772
v -0.0120291382 -0.00845268554 0.0657218772
v -0.0119624918 -0.00840002856 0.0657218772
v -0.0118958462 -0.00834057717 0.0657218772
v -0.0135619955 -0.00831170058 0.0656674576
v -0.0135372403 -0.008281125 0.0656674576
v -0.0134858283 -0.00821148202 0.0656674576
v -0.0134363203 -0.00813844106 0.0656674576
v -0.0133373027 0.0078965375 0.0656674576
v -0.00881109096 -0.0028863059 0.103726177
v -0.00881109096 -0.00304088044 0.103524045
v -0.00875015816 -0.00303408604 0.103520158
v -0.00840931106 0.00576137173 0.0953688842
v -0.0120462758 0.00846387688 0.0657218772
v -0.00842073664 0.00576816613 0.0953688842
v -0.00848547823 0.00580213852 0.0953688842
v -0.00853498623 0.00530104531 0.097786669
v -0.00847786143 0.00512948478 0.0983192022
v -0.00855593261 0.00516345716 0.0983192022
v -0.00859591981 0.0053214289 0.0977944421
v -0.00861496141 0.00518384075 0.0983192022
v -0.0117168543 0.00318965993 0.103213077
v -0.0116444959 0.00298072961 0.103508499
v -0.0115664247 0.00273103251 0.10382724
v -0.0115549999 0.00240150004 0.104173193
v -0.0116254543 0.00271064892 0.10383113
v -0.0114350375 0.00347672682 0.102851574
v -0.0115530959 0.00344615163 0.102878786
v -0.0116730583 0.00341217925 0.102902108
v -0.0117320879 0.00339349465 0.102909881
v -0.0115778503 0.00218747392 0.104355887
v -0.0115473831 0.00194966701 0.104561905
v -0.0114140919 0.00183585926 0.104674631
v -0.0114559831 0.00163202484 0.104795133
v -0.0114369415 0.00138402624 0.104942841
v -0.0115283415 0.00180018827 0.104670745
v -0.0115854663 0.0037858759 0.102291832
v -0.0114655039 0.00381135529 0.102260736
v -0.00878062456 0.00494943085 0.0993104179
v -0.00890249173 0.00418165435 0.101475539
v -0.0114978743 0.00408823018 0.101685441
v -0.0118120631 0.00451288561 0.100635921
v -0.0117739799 0.0042954621 0.101195666
v -0.0116026039 0.00424110612 0.101335601
v -0.00884346215 0.00495282805 0.0993143013
v -0.00890249173 0.00495622564 0.0993143013
v -0.012126251 0.00485940389 0.0996291592
v -0.0119244086 0.00464367936 0.100278308
v -0.00865494939 0.0053384149 0.0977983287
v -0.00871778698 0.00535200409 0.0978022153
v -0.0112598536 0.00125493109 0.105036131
v -0.011376008 0.0012294518 0.105028358
v -0.0113664872 0.00101032978 0.105117764
v -0.0113626792 0.000874440034 0.105168293
v -0.0133639619 0.00797977007 0.0656674576
v -0.0133753859 0.00801204386 0.0656674576
v -0.0133963323 0.00805960543 0.0656674576
v -0.0134287027 0.00812245402 0.0656674576
v -0.0134363203 0.0081360436 0.0656674576
v -0.0134858283 0.00821248098 0.0656674576
v -0.0135372403 0.00827872755 0.0656674576
v -0.0135943659 0.00834327512 0.0656674576
v -0.0136191202 0.00836705552 0.0656674576
v -0.0136629162 0.0084044255 0.0656674576
v -0.0137143282 0.00844519189 0.0656674576
v -0.0113569664 0.000407319415 0.105273245
v -0.0113607752 0.000558496656 0.105246036
v -0.0114731207 0.0007028794 0.105187728
v -0.0114693127 0.000393730421 0.105253809
v -0.0114655039 0.000144033218 0.105284908
v -0.0113550616 0.000147430417 0.10530823
v -0.0112541416 -0.00103141223 0.10513331
v -0.0111417952 -0.00105009721 0.105141084
v -0.0115188207 -2.04822401e-06 0.105281021
v -0.0115759463 -0.000136239173 0.105257699
v -0.0115797543 -0.000382539275 0.10523049
v -0.0114693127 -0.000542209613 0.1052266
v -0.0115854663 -0.000681496362 0.105168293
v -0.0115873703 -0.000830975101 0.105125537
v -0.0114788327 -0.000987248239 0.105102212
v -0.0113664872 -0.00101102883 0.105117764
v -0.011147508 -0.00127771233 0.105043907
v -0.011155124 -0.00145097146 0.104954504
v -0.0111608368 -0.0015902586 0.10487676
v -0.0112750872 -0.00156477922 0.10487676
v -0.0112807992 -0.00168028557 0.104802906
v -0.0112979368 -0.0018688321 0.104678518
v -0.0111989208 -0.00205058463 0.104558019
v -0.0110827656 -0.00208115982 0.104550246
v -0.0109704201 -0.00210494021 0.104538583
v -0.0109856529 -0.00223573435 0.104425857
v -0.0110313536 -0.00254828063 0.104122662
v -0.0109494737 -0.00273852616 0.103912757
v -0.0110979992 -0.00286252511 0.103765049
v -0.00887012054 -0.0028897035 0.103730064
v -0.00875015816 -0.00355895964 0.102703866
v -0.00875015816 -0.00385451992 0.102155783
v -0.00881109096 -0.00329567354 0.103154769
v -0.00881109096 -0.00356575443 0.102707752
v -0.00881109096 -0.0041772578 0.101475539
v -0.00868922458 -0.00453057086 0.100534855
v -0.008630195 -0.0049212539 0.0993026416
v -0.00857116542 -0.00531363476 0.0977905556
v -0.00851594463 -0.00529155257 0.097786669
v -0.00851594463 -0.00581302936 0.0953688842
v -0.00845881984 -0.00578754997 0.0953688842
v -0.0121814718 -0.0085393153 0.0657218772
v -0.0138609498 -0.0085342199 0.0656674576
v -0.0138038242 -0.00850364432 0.0656674576
v -0.0137524122 -0.00847306952 0.0656674576
v -0.0136990954 -0.00843739853 0.0656674576
v -0.0136591074 -0.00840342575 0.0656674576
v -0.0135943659 -0.00834567258 0.0656674576
v -0.00890249173 -0.00293556608 0.103671756
v -0.00887012054 -0.00304257904 0.103524045
v -0.00890249173 -0.00324981057 0.103232513
v -0.0137314658 0.00845708248 0.0656674576
v -0.0138038242 0.00850294507 0.0656674576
v -0.0121053046 0.00849784966 0.0657218772
v -0.0121586214 0.00852842446 0.0657218772
v -0.00856545341 0.0058344123 0.0953688842
v -0.0104810482 0.00708799461 0.0853790064
v -0.010538173 0.00711177501 0.0853790064
v -0.00859591981 0.0058446039 0.0953688842
v -0.0118520503 0.00335102887 0.102929317
v -0.0119739174 0.00330346769 0.102944867
v -0.0120938806 0.00325081031 0.102960416
v -0.0118196791 0.00291108624 0.103527935
v -0.0117606503 0.00293486683 0.103524045
v -0.0117454167 0.00266478614 0.103838903
v -0.0116730583 0.00235733586 0.10417708
v -0.0117035255 0.00375699931 0.102322927
v -0.0118253927 0.00372132832 0.102346253
v -0.0119453542 0.00368395874 0.102369572
v -0.0116940039 0.00214330974 0.104355887
v -0.0116616335 0.00190890003 0.104554129
v -0.0116444959 0.00176112009 0.104662971
v -0.0116254543 0.00158106626 0.104779584
v -0.0116083167 0.00133646485 0.104919522
v -0.0114864503 0.00120227391 0.105012812
v -0.0117378007 0.0040474634 0.101751522
v -0.0116178375 0.00406954559 0.101720426
v -0.00877872056 0.00521951174 0.0983192022
v -0.00884346215 0.00536729149 0.0978061049
v -0.00890249173 0.00504115641 0.0990227689
v -0.0119282174 0.00449589922 0.100674793
v -0.0118920382 0.00427337991 0.101230652
v -0.0120481798 0.00447551563 0.100713662
v -0.0123242845 0.00504115641 0.0990227689
v -0.0122481174 0.00484411649 0.099668031
v -0.0124309181 0.0048118427 0.0997224491
v -0.0086492366 0.00585989169 0.0953688842
v -0.00877872056 0.00536049709 0.0978022153
v -0.00873111578 0.00587857629 0.0953688842
v -0.00890249173 0.00562718078 0.0966905039
v -0.0114788327 0.000986549089 0.105102212
v -0.0115854663 0.000684194509 0.105168293
v -0.0115873703 0.00083197455 0.105125537
v -0.0114693127 0.000544907662 0.1052266
v -0.0115797543 0.000383538725 0.10523049
v -0.0115759463 0.00013893732 0.105257699
v -0.011376008 -0.00123015075 0.105028358
v -0.0112598536 -0.00125563014 0.105036131
v -0.0117435127 -2.04822401e-06 0.105218827
v -0.0116863879 -0.000129444774 0.1052266
v -0.0118006375 -0.000357059887 0.105164409
v -0.0116940039 -0.000513333025 0.105176069
v -0.0115816583 -0.000526921823 0.105203281
v -0.0116959087 -0.000662811568 0.105141084
v -0.0116997175 -0.000807194312 0.105098328
v -0.0117054295 -0.000937988062 0.105055567
v -0.0115911791 -0.000963467451 0.105078892
v -0.0116026039 -0.00117579497 0.104993376
v -0.0114864503 -0.00120297296 0.105012812
v -0.0113817208 -0.00139831428 0.104946731
v -0.0112674704 -0.00142549227 0.104950614
v -0.0113874328 -0.00153590263 0.104872874
v -0.0113969544 -0.00164970999 0.10479902
v -0.0114140919 -0.00183486011 0.104674631
v -0.0115473831 -0.00195036607 0.104561905
v -0.0113131704 -0.00202170804 0.104561905
v -0.0113474456 -0.00226461094 0.104352003
v -0.0111132328 -0.00232576132 0.104328678
v -0.0112636616 -0.00249392465 0.104153758
v -0.0112979368 -0.00265869079 0.103974951
v -0.0111798784 -0.00268926598 0.103955515
v -0.0109856529 -0.0028846073 0.103737837
v -0.011332212 -0.00280477194 0.103803918
v -0.011286512 -0.00308674342 0.103454077
v -0.0111684536 -0.00311222281 0.103426868
v -0.0110408744 -0.00309183883 0.103457964
v -0.00881109096 -0.00385961572 0.10215967
v -0.00887012054 -0.00329907074 0.103154769
v -0.00890249173 -0.00358783623 0.102676657
v -0.00887012054 -0.004180655 0.101475539
v -0.00890249173 -0.00445073549 0.100810841
v -0.00881109096 -0.00454755686 0.100538745
v -0.00875015816 -0.00453906386 0.100538745
v -0.00890249173 -0.00395813568 0.101961427
v -0.00875015816 -0.0049450343 0.0993104179
v -0.00868922458 -0.00493314371 0.0993065282
v -0.00868922458 -0.00534590855 0.0977983287
v -0.008630195 -0.00533231975 0.0977944421
v -0.00856545341 -0.00583341256 0.0953688842
v -0.0104810482 -0.00709039206 0.0853790064
v -0.0122195558 -0.0085563013 0.0657218772
v -0.0138818954 -0.0085444115 0.0656674576
v -0.0110922872 -0.00324981057 0.103228626
v -0.0111265616 -0.00333983753 0.103092578
v -0.0138818954 0.00854371225 0.0656674576
v -0.0139352122 0.00856749264 0.0656674576
v -0.012263351 0.00857258884 0.0657218772
v -0.0105648314 0.0071219666 0.0853790064
v -0.0106467113 0.00714914498 0.0853790064
v -0.0120672214 0.00363639716 0.102392898
v -0.0121890886 0.00358713737 0.102412334
v -0.0123109557 0.0035310828 0.10242788
v -0.012213843 0.00319305733 0.102968189
v -0.0120005758 0.00283464827 0.103539594
v -0.0119377382 0.00286182626 0.103535708
v -0.0118634758 0.00261552616 0.103842789
v -0.0117301831 0.00233525386 0.10417708
v -0.0119796294 0.00398461442 0.101817606
v -0.0121034006 0.00394384764 0.101840925
v -0.0122233638 0.00389968326 0.101864251
v -0.011905367 0.00226051449 0.104173193
v -0.0118120631 0.00209744696 0.104348114
v -0.0117758839 0.00186643445 0.104542469
v -0.0117568423 0.00172035311 0.104651309
v -0.0117378007 0.00154199797 0.104764034
v -0.0116654423 0.00132117726 0.104907859
v -0.0116026039 0.00117509592 0.104993376
v -0.0120139046 0.00424450332 0.101265634
v -0.00890249173 0.00536729149 0.0978061049
v -0.0116844839 0.00523479914 0.0983192022
v -0.00890249173 0.00523140194 0.0983192022
v -0.0125013725 0.00519403235 0.0984746864
v -0.0125699221 0.00513797778 0.0986768186
v -0.0121129222 0.00446192684 0.100733097
v -0.0127546268 0.00510740259 0.0987351231
v -0.0124918517 0.0047982539 0.099741885
v -0.00881680375 0.00589046688 0.0953688842
v -0.0107304945 0.00716782919 0.0853790064
v -0.00884346215 0.00589216548 0.0953688842
v -0.00890249173 0.00589386408 0.0953688842
v -0.0133315907 0.00576816613 0.0960102566
v -0.013101186 0.00562718078 0.0966905039
v -0.0115911791 0.000962768398 0.105078892
v -0.0116940039 0.000512633875 0.105176069
v -0.0115816583 0.000529620167 0.105203281
v -0.0116997175 0.000809892459 0.105098328
v -0.0116959087 0.000663811116 0.105141084
v -0.0117054295 0.00093728901 0.105055567
v -0.0118025423 0.000358059434 0.105164409
v -0.0116863879 0.000132142922 0.1052266
v -0.0115511911 -0.0013541501 0.104927295
v -0.0119091751 0.000118553927 0.105152746
v -0.0119643966 -2.04822401e-06 0.10513331
v -0.0119091751 -0.00011755438 0.105152746
v -0.0119110798 -0.000343470893 0.105125537
v -0.0118044463 -0.000494648035 0.105141084
v -0.0119167926 -0.000620345986 0.105071116
v -0.0118120631 -0.00078341372 0.10506723
v -0.0118158711 -0.000907412874 0.105024471
v -0.0118253927 -0.00111294619 0.104946731
v -0.0116654423 -0.00132017771 0.104907859
v -0.0116254543 -0.00158006661 0.104779584
v -0.0115112039 -0.00161573799 0.104791243
v -0.0115283415 -0.00179918873 0.104670745
v -0.0116616335 -0.00190959928 0.104554129
v -0.0116940039 -0.00214400879 0.104355887
v -0.0115778503 -0.00218647457 0.104355887
v -0.0114616952 -0.00222724096 0.104355887
v -0.0116444959 -0.00176012054 0.104662971
v -0.0114959703 -0.00242258268 0.104173193
v -0.0113779128 -0.00245825367 0.10416542
v -0.0114140919 -0.0026247184 0.103986611
v -0.0114483664 -0.00276910095 0.103815577
v -0.0115226295 -0.00301879865 0.103496836
v -0.0115968919 -0.00323112597 0.103193641
v -0.0114769287 -0.00326509836 0.103170318
v -0.0113607752 -0.00329397494 0.103146996
v -0.011240812 -0.00331945433 0.103119787
v -0.00887012054 -0.00386301292 0.10215967
v -0.0113150744 -0.00350460406 0.102824365
v -0.0111989208 -0.00352328866 0.102793269
v -0.011332212 -0.00380356114 0.102280172
v -0.00890249173 -0.0041823536 0.101475539
v -0.0118082551 -0.00451358447 0.100639808
v -0.00887012054 -0.00454925546 0.100542631
v -0.0115968919 -0.00423331198 0.101351151
v -0.0117739799 -0.00429446236 0.101195666
v -0.00890249173 -0.00470383 0.100107274
v -0.011419804 -0.00395813568 0.101961427
v -0.0114978743 -0.00408723083 0.101685441
v -0.00881109096 -0.0049518287 0.0993143013
v -0.00880918696 -0.0052236078 0.0983192022
v -0.00875015816 -0.00535610014 0.0978022153
v -0.00875015816 -0.00588097414 0.0953688842
v -0.0086492366 -0.00585889195 0.0953688842
v -0.008630195 -0.00585379576 0.0953688842
v -0.0106448065 -0.00714984345 0.0853790064
v -0.0105610234 -0.00712266585 0.0853790064
v -0.012263351 -0.00857328808 0.0657218772
v -0.0139618706 -0.00857838349 0.0656674576
v -0.0139942418 0.00858787663 0.0656674576
v -0.0122823926 0.00857938323 0.0657218772
v -0.0123433261 0.00859976643 0.0657218772
v -0.0123471349 0.00384872487 0.10188757
v -0.0124690021 0.0037926703 0.10190312
v -0.0125889637 0.00372982132 0.101922556
v -0.0124309181 0.00346993242 0.102435653
v -0.0122728725 0.00316248214 0.102972076
v -0.0120596054 0.00280577168 0.103539594
v -0.0119206006 0.00259004696 0.103842789
v -0.0121357718 0.00421222954 0.101292843
v -0.0125432645 0.00433113309 0.10084194
v -0.012076743 0.00217728213 0.104157644
v -0.0119263126 0.00204648838 0.104336451
v -0.0119796294 0.00256117038 0.103842789
v -0.0121548134 0.00247284201 0.103835013
v -0.0118882295 0.00181717447 0.10452692
v -0.0118710919 0.00167618892 0.104631873
v -0.0119643966 0.00145706701 0.104721276
v -0.0118349127 0.00126682148 0.104872874
v -0.0118253927 0.00111054834 0.104946731
v -0.012171951 0.00444833804 0.10074865
v -0.0122938181 0.00441436565 0.100783632
v -0.0132230531 0.00561529019 0.096725486
v -0.0133468243 0.00559660559 0.096772131
v -0.0128174644 0.00509381379 0.0987506725
v -0.0134705955 0.0055745234 0.0968110028
v -0.0129431396 0.00506154 0.0987895443
v -0.0126156229 0.00476428152 0.0997768702
v -0.0109075825 0.00693511828 0.0879134036
v -0.0107800025 0.00663616158 0.0904672367
v -0.0124290141 0.00861845142 0.0657218772
v -0.0108180865 0.00717802157 0.0853790064
v -0.0109075825 0.00636268349 0.0925546143
v -0.0109037737 0.00589386408 0.0953688842
v -0.0138780874 0.00599578124 0.094816915
v -0.0118044463 0.000495647681 0.105141084
v -0.0118120631 0.000784413169 0.10506723
v -0.0118063503 0.000643427723 0.105106101
v -0.0118158711 0.00091011112 0.105024471
v -0.0119148886 0.000478661487 0.105102212
v -0.0119110798 0.00034447044 0.105125537
v -0.0117378007 -0.00154099843 0.104764034
v -0.0120215214 0.000329182846 0.105078892
v -0.0120177134 0.000110060732 0.105106101
v -0.0121243462 0.000101567734 0.105059456
v -0.0121243462 -0.000102266786 0.105059456
v -0.0120177134 -0.000110759785 0.105106101
v -0.0120215214 -0.000329881898 0.105078892
v -0.0120234262 -0.000457278449 0.105059456
v -0.0119148886 -0.000477662038 0.105102212
v -0.0120253302 -0.000598263993 0.105028358
v -0.0119244086 -0.000757934331 0.105032247
v -0.0119263126 -0.000880234886 0.104989486
v -0.0119358342 -0.00107557641 0.104915632
v -0.0118349127 -0.00126582193 0.104872874
v -0.0117206631 -0.00130319152 0.104896196
v -0.0117568423 -0.00171935375 0.104651309
v -0.0117739799 -0.0018654349 0.104542469
v -0.0118120631 -0.00209814581 0.104348114
v -0.011905367 -0.00225951475 0.104173193
v -0.0117301831 -0.00233425432 0.10417708
v -0.0116730583 -0.00235803511 0.10417708
v -0.0116483047 -0.00254318444 0.104002163
v -0.0115321495 -0.00258565022 0.103998273
v -0.0115664247 -0.00273173176 0.10382724
v -0.0116444959 -0.00298142867 0.103508499
v -0.0117168543 -0.00319035918 0.103213077
v -0.0116730583 -0.0034128785 0.102902108
v -0.0115511911 -0.00344685088 0.102878786
v -0.0114350375 -0.00347742607 0.102851574
v -0.0115854663 -0.00378657475 0.102291832
v -0.0114655039 -0.00381205414 0.102260736
v -0.0120481798 -0.00447621488 0.100713662
v -0.0120081926 -0.00473950098 0.100002322
v -0.0116159335 -0.00407024444 0.101720426
v -0.0118920382 -0.00427407916 0.101230652
v -0.00887012054 -0.0049552259 0.0993143013
v -0.00890249173 -0.00523040298 0.0983192022
v -0.00890249173 -0.00533231975 0.0979460397
v -0.00887012054 -0.00536799074 0.0978061049
v -0.00880918696 -0.00536289454 0.0978022153
v -0.00881680375 -0.00589116573 0.0953688842
v -0.0107514401 -0.00717192564 0.0853790064
v -0.0124290141 -0.00861745168 0.0657218772
v -0.0123433261 -0.00859876747 0.0657218772
v -0.0140456545 -0.00860386288 0.0656674576
v -0.0140475585 0.00860486262 0.0656674576
v -0.0141294377 0.00862354761 0.0656674576
v -0.0126651309 0.00428017431 0.100865259
v -0.0127908068 0.00422242153 0.100892471
v -0.0128498356 0.00419354494 0.100904131
v -0.0129717028 0.00412899736 0.100923567
v -0.0130326356 0.00409502498 0.10093523
v -0.0127089269 0.00366527375 0.101934215
v -0.0125489765 0.00340368625 0.102447316
v -0.0124480557 0.00306566078 0.102979852
v -0.012173855 0.0027463201 0.103539594
v -0.0124194933 0.00437529707 0.100810841
v -0.0128669732 0.00468274755 0.0998429511
v -0.0129298108 0.00465726816 0.0998585004
v -0.0129907444 0.00463178877 0.0998740466
v -0.0121928966 0.00211613175 0.104142098
v -0.012038659 0.001993831 0.104320905
v -0.012267159 0.00240999304 0.10382724
v -0.0122900101 0.00268347113 0.103539594
v -0.0119853422 0.00162862764 0.10460855
v -0.0121148262 0.00171355871 0.104484165
v -0.0119453542 0.0012277532 0.104841778
v -0.012076743 0.00140950562 0.10469018
v -0.0119358342 0.00107487735 0.104915632
v -0.0126784597 0.00474729513 0.0997924196
v -0.012741298 0.00472691154 0.0998118555
v -0.0140056666 0.00597539765 0.0948596734
v -0.0141313417 0.00595331585 0.0948985421
v -0.0135981746 0.00554224962 0.0968498746
v -0.0142570169 0.00592613787 0.0949413036
v -0.013005978 0.00504455361 0.0988050905
v -0.0137238498 0.00550827723 0.0968887464
v -0.0109075825 0.00718311698 0.0853790064
v -0.0137962082 0.00696909106 0.0875752232
v -0.0161802285 0.00693681727 0.0879056273
v -0.0127165437 0.00689095468 0.088333211
v -0.0132649443 0.00683320151 0.0888696308
v -0.0136457786 0.00681111932 0.0890678764
v -0.013986625 0.00681281753 0.0890562136
v -0.0158736573 0.00679583153 0.0891689394
v -0.0144226801 0.00631512192 0.0928733588
v -0.0142436881 0.00863713641 0.0656674576
v -0.0125394557 0.00863034201 0.0657218772
v -0.0145445464 0.00630493032 0.0929200037
v -0.0146702224 0.00628964253 0.0929627621
v -0.0143312801 0.00612827359 0.0939384283
v -0.0119167926 0.000621345632 0.105071116
v -0.0119244086 0.000758933879 0.105032247
v -0.0119263126 0.000881234532 0.104989486
v -0.0120234262 0.000459976596 0.105059456
v -0.0119643966 -0.00145606746 0.104721276
v -0.0118710919 -0.00167518938 0.104631873
v -0.012126251 0.000315593852 0.105032247
v -0.0122290758 9.47731385e-05 0.105005035
v -0.012177663 -2.04822401e-06 0.105032247
v -0.0122290758 -9.3773591e-05 0.105005035
v -0.012126251 -0.000312895705 0.105032247
v -0.0121300598 -0.000438593655 0.105008922
v -0.0121338678 -0.000574483401 0.104981713
v -0.0120900718 -0.000832673701 0.104931181
v -0.0121548134 -0.00100083704 0.104837888
v -0.0120557966 -0.00118768536 0.104806793
v -0.0119453542 -0.00122845215 0.104841778
v -0.0118882295 -0.00181787332 0.10452692
v -0.0119263126 -0.00204718743 0.104336451
v -0.012076743 -0.00217628258 0.104157644
v -0.0121548134 -0.00247354146 0.103835013
v -0.0119796294 -0.00256186943 0.103842789
v -0.0119206006 -0.00259074602 0.103842789
v -0.0118634758 -0.00261622541 0.103842789
v -0.0117454167 -0.00266548519 0.103838903
v -0.0117606503 -0.00293556608 0.103524045
v -0.0118349127 -0.0031461948 0.103228626
v -0.0119129838 -0.00332624873 0.10293709
v -0.0117911175 -0.00337211132 0.102917655
v -0.0120672214 -0.00363709641 0.102392898
v -0.0119453542 -0.00368295899 0.102369572
v -0.0118253927 -0.00372202718 0.102346253
v -0.0117035255 -0.00375599957 0.102322927
v -0.0118558583 -0.00401758746 0.101782618
v -0.0117378007 -0.00404646405 0.101751522
v -0.012171951 -0.0044490369 0.10074865
v -0.0124918517 -0.00479725416 0.099741885
v -0.0123699845 -0.00482273355 0.0997030131
v -0.0122481174 -0.00484481574 0.099668031
v -0.0120139046 -0.00424690117 0.101265634
v -0.00890249173 -0.0049552259 0.0993143013
v -0.0124518645 -0.00515056683 0.0986379467
v -0.0126917893 -0.00534420955 0.0979032813
v -0.013101186 -0.00562618104 0.0966905039
v -0.00887012054 -0.00589286394 0.0953688842
v -0.0109018697 -0.00664535344 0.0904672367
v -0.0108104697 -0.00664025725 0.0904672367
v -0.0109018697 -0.00705302209 0.0867589308
v -0.0108714033 -0.00718211724 0.0853790064
v -0.0125147013 -0.00862934227 0.0657218772
v -0.0124709061 -0.00862424608 0.0657218772
v -0.0141294377 -0.00862254787 0.0656674576
v -0.0140894497 -0.00861575347 0.0656674576
v -0.0130535812 0.00460461078 0.0998857094
v -0.0131525987 0.00401858681 0.100950776
v -0.0136914786 0.00474050073 0.0989800137
v -0.0138723746 0.00463009017 0.0990072227
v -0.012826986 0.00359053457 0.101945878
v -0.0126651309 0.00333234427 0.102451205
v -0.0125070853 0.003028291 0.102979852
v -0.0127222564 0.00329497429 0.102455089
v -0.0131316531 0.00500378683 0.0988400758
v -0.0132573283 0.00495792424 0.0988711714
v -0.0133830035 0.00490356826 0.0989100432
v -0.0123033389 0.00205328278 0.104118772
v -0.012263351 0.00187492764 0.104282033
v -0.0121510054 0.00193607802 0.104301469
v -0.0123814101 0.00234204826 0.103811694
v -0.0124899477 0.00227070629 0.103800031
v -0.012171951 0.00168807932 0.104472502
v -0.0124042597 0.00261552616 0.103531821
v -0.0120938806 0.00157766906 0.104581341
v -0.0120557966 0.00118698631 0.104806793
v -0.0121300598 0.00138402624 0.104674631
v -0.0121548134 0.00100183658 0.104837888
v -0.0119834382 0.000864248338 0.10497005
v -0.0147978016 0.00626925933 0.093009407
v -0.0143845969 0.00589046688 0.0949840588
v -0.0146130968 0.0060926026 0.0939384283
v -0.0147521008 0.00606542461 0.0939384283
v -0.013851429 0.00546411285 0.0969237285
v -0.0133277827 0.00512948478 0.0983192022
v -0.0126041973 0.00718311698 0.0853790064
v -0.0126022933 0.00863204022 0.0657218772
v -0.0125147013 0.0083942339 0.0689909383
v -0.0124861389 0.00801034565 0.0742424289
v -0.0161345293 0.00768930598 0.0789380592
v -0.0168295499 0.0076434434 0.079591096
v -0.0184062039 0.00748547166 0.0817056826
v -0.0161250077 0.00676016054 0.0892583427
v -0.0159993325 0.00678054374 0.0892116978
v -0.0158431901 0.00683489972 0.0888579711
v -0.0185280695 0.00747867726 0.0817523275
v -0.0186556503 0.00746848566 0.0817911993
v -0.0143027169 0.00863883462 0.0656674576
v -0.0120253302 0.000597564941 0.105028358
v -0.0121433886 0.000816686957 0.104907859
v -0.0121338678 0.00057378425 0.104981713
v -0.0121300598 0.000441291803 0.105008922
v -0.012076743 -0.00141020468 0.10469018
v -0.0119853422 -0.00162932679 0.10460855
v -0.0123433261 0.000522825571 0.10487676
v -0.0123357093 0.000283320064 0.104919522
v -0.0123319013 8.62801399e-05 0.104946731
v -0.0123814101 -2.04822401e-06 0.104919522
v -0.0123319013 -8.35819927e-05 0.104946731
v -0.0123357093 -0.000282320517 0.104919522
v -0.0123433261 -0.000520127424 0.10487676
v -0.0121890886 -0.000560894406 0.104954504
v -0.0122500222 -0.00078341372 0.104861214
v -0.0123642725 -0.000919303269 0.104744599
v -0.0123737925 -0.00105179581 0.104686291
v -0.0122709678 -0.001099357 0.104729052
v -0.0122385974 -0.00133546531 0.104639646
v -0.0121148262 -0.00171255936 0.104484165
v -0.012038659 -0.00199453005 0.104320905
v -0.0121928966 -0.0021168308 0.104142098
v -0.012267159 -0.00241239108 0.10382724
v -0.0122900101 -0.00268247158 0.103539594
v -0.0121148262 -0.00277759434 0.103539594
v -0.0120005758 -0.00283534752 0.103539594
v -0.0118787094 -0.0028880045 0.103531821
v -0.0120938806 -0.00324981057 0.102960416
v -0.0120329462 -0.00327698895 0.10295264
v -0.0119739174 -0.00330246794 0.102944867
v -0.0121890886 -0.00358613763 0.102412334
v -0.0123471349 -0.00384942373 0.10188757
v -0.0121034006 -0.00394454649 0.101840925
v -0.0120405638 -0.00396493008 0.101829266
v -0.0119796294 -0.00398361507 0.101817606
v -0.0122938181 -0.00441336591 0.100783632
v -0.0126156229 -0.00476328177 0.0997768702
v -0.0129431396 -0.00506053987 0.0987895443
v -0.0128174644 -0.00509281365 0.0987506725
v -0.0126917893 -0.00511829304 0.0987156872
v -0.0125699221 -0.00513697803 0.0986768186
v -0.0121357718 -0.00421123018 0.101292843
v -0.0134705955 -0.00557352405 0.0968110028
v -0.0133468243 -0.00559560546 0.096772131
v -0.0132230531 -0.00561429045 0.096725486
v -0.0138780874 -0.00599308329 0.094816915
v -0.0109037737 -0.00589286394 0.0953688842
v -0.0139161706 -0.00608311025 0.094319364
v -0.0109037737 -0.00608990465 0.0942804921
v -0.0108999657 -0.00614086343 0.0939423149
v -0.014603576 -0.00627845119 0.0930599385
v -0.0157460781 -0.00680332518 0.089126181
v -0.0136438738 -0.00681181857 0.0890639867
v -0.0127146389 -0.00689165315 0.0883293245
v -0.0135353363 -0.00696639311 0.0876218681
v -0.0141808497 -0.00695959792 0.0876918355
v -0.0165934332 -0.00705302209 0.0867433814
v -0.017031393 -0.00717022743 0.0855267143
v -0.0184062039 -0.00748617091 0.081701796
v -0.0166791211 -0.00765263525 0.0794744805
v -0.0161345293 -0.00769170344 0.0789380592
v -0.0175340937 -0.00868369824 0.0656674576
v -0.0124728101 -0.00791422275 0.0755834815
v -0.0126022933 -0.00863273947 0.0657218772
v -0.0125394557 -0.00863104126 0.0657218772
v -0.0142151249 -0.00863443846 0.0656674576
v -0.0141522881 -0.00862594507 0.0656674576
v -0.0135067747 0.00484411649 0.0989372522
v -0.0135677075 0.0048118427 0.0989528015
v -0.0132116275 0.00397951862 0.100954666
v -0.0133277827 0.00389798466 0.100970212
v -0.0128841108 0.00355316499 0.101949768
v -0.0143541297 0.00522970334 0.0970597799
v -0.0144759968 0.00515326557 0.0970869889
v -0.0145940552 0.005070033 0.0971103114
v -0.0147102096 0.00498510184 0.0971336338
v -0.013988529 0.0045451594 0.0990266586
v -0.01283841 0.00321683792 0.102458978
v -0.0126194309 0.00295525042 0.102975962
v -0.0139771042 0.00541655166 0.0969587138
v -0.0141046833 0.00535879849 0.0969936991
v -0.0124137805 0.001985338 0.104099336
v -0.0123718885 0.00181038007 0.10425871
v -0.0125699221 0.0025034172 0.103512385
v -0.0126784597 0.00242528063 0.103496836
v -0.0125965813 0.00219596692 0.103776709
v -0.0123319013 0.00159975105 0.104425857
v -0.0122385974 0.00133646485 0.104639646
v -0.0126746517 0.00291448344 0.102975962
v -0.012786998 0.00283464827 0.102968189
v -0.0121643342 0.00114452073 0.104767924
v -0.0122500222 0.000782714569 0.104861214
v -0.0122709678 0.00110035665 0.104729052
v -0.0123776013 0.00105109666 0.104686291
v -0.0123642725 0.000922001416 0.104744599
v -0.0162487788 0.00673468115 0.0893011011
v -0.0149234767 0.00624038274 0.0930443891
v -0.0151805391 0.00616394458 0.0931299059
v -0.0153081191 0.00611638339 0.0931687777
v -0.0154376022 0.00606032882 0.0932076495
v -0.0150529599 0.00620471176 0.0930871506
v -0.0224068638 0.0086694102 0.0656674576
v -0.0179244488 0.00767741539 0.0791324167
v -0.024392913 0.00865072521 0.0656674576
v -0.0187851334 0.00744640347 0.0818378442
v -0.0189127126 0.00742262229 0.0818844923
v -0.0245338217 0.0086422326 0.0656674576
v -0.0246499753 0.00863034201 0.0656674576
v -0.0121890886 0.000561893954 0.104954504
v -0.012168143 -0.00168707997 0.104472502
v -0.0120938806 -0.00157666941 0.104581341
v -0.0123528469 0.000748742084 0.104806793
v -0.0124556725 0.000713071097 0.104752372
v -0.0124442469 0.000495647681 0.104814569
v -0.0125356469 0.000247649077 0.104795133
v -0.0124366309 0.000266333871 0.104857324
v -0.0124328221 7.77869449e-05 0.10488065
v -0.0125699221 -2.04822401e-06 0.104791243
v -0.0124328221 -7.50887977e-05 0.10488065
v -0.0125356469 -0.00024834813 0.104795133
v -0.0124366309 -0.000265334323 0.104857324
v -0.0124442469 -0.000494648035 0.104814569
v -0.0124556725 -0.00071037295 0.104752372
v -0.0123528469 -0.000747742536 0.104806793
v -0.0124651933 -0.000875139087 0.104694067
v -0.0124766181 -0.00100423424 0.104635762
v -0.0124480557 -0.00122845215 0.104554129
v -0.0123452309 -0.00128450673 0.104596891
v -0.0122919141 -0.00130998611 0.10462021
v -0.0123319013 -0.0015987516 0.104425857
v -0.0122785846 -0.00162932679 0.104441403
v -0.0121510054 -0.00193847587 0.104301469
v -0.012263351 -0.0018756265 0.104282033
v -0.0123033389 -0.00205398183 0.104118772
v -0.0124899477 -0.00226970674 0.103800031
v -0.0123814101 -0.00234274732 0.103811694
v -0.0124594805 -0.00257715722 0.103524045
v -0.0123471349 -0.00264849919 0.103535708
v -0.0125070853 -0.00303068845 0.102979852
v -0.0124480557 -0.00306466123 0.102979852
v -0.0123319013 -0.00313260601 0.102975962
v -0.0121548134 -0.00322093398 0.102964303
v -0.0123109557 -0.00353008305 0.10242788
v -0.012788902 -0.00422481898 0.100892471
v -0.0126651309 -0.00428087356 0.100865259
v -0.0125432645 -0.00433013334 0.10084194
v -0.0124690021 -0.00379336955 0.10190312
v -0.0124194933 -0.00437599632 0.100810841
v -0.012741298 -0.00472591218 0.0998118555
v -0.0130669108 -0.00502486966 0.0988245264
v -0.0132382867 -0.00515056683 0.0983192022
v -0.0135981746 -0.00554294847 0.0968498746
v -0.0124804261 -0.00435391413 0.10082639
v -0.0142570169 -0.00592513773 0.0949413036
v -0.0141313417 -0.00595571331 0.0948985421
v -0.0140056666 -0.0059777955 0.0948596734
v -0.0142436881 -0.00613576724 0.0939423149
v -0.0147939928 -0.00626825959 0.093009407
v -0.0146683176 -0.00629034178 0.0929627621
v -0.0158717533 -0.00679653078 0.0891689394
v -0.01446838 -0.00611538404 0.0939423149
v -0.0145331216 -0.00690014654 0.0882632437
v -0.0144017337 -0.00684579056 0.088756905
v -0.0159974285 -0.00678294198 0.0892116978
v -0.0161231037 -0.006762558 0.0892544561
v -0.0175474233 -0.00713115924 0.0852896
v -0.0187851334 -0.00744880093 0.0818378442
v -0.0186556503 -0.00746748592 0.0817911993
v -0.0185280695 -0.00748107471 0.081748441
v -0.0172732218 -0.00763734825 0.0796843858
v -0.024392913 -0.00865142446 0.0656674576
v -0.022439235 -0.00866841045 0.0656674576
v -0.0142703457 -0.00863783566 0.0656674576
v -0.0142322625 0.00529594951 0.0970247946
v -0.0140456545 0.00450099502 0.0990344317
v -0.0141560961 0.00440757086 0.0990538676
v -0.0134382243 0.00381135529 0.100977988
v -0.0130002644 0.00347332962 0.101953651
v -0.0153195439 0.00587178189 0.0939384283
v -0.0154585486 0.00580893291 0.0939384283
v -0.0155899358 0.00573928954 0.0939384283
v -0.0157213238 0.00566455037 0.0939384283
v -0.0148225552 0.00488997907 0.0971530697
v -0.0160488413 0.00568663216 0.0933747964
v -0.0159707693 0.00548959224 0.0939384283
v -0.0131107068 0.00338669986 0.101957541
v -0.0131640236 0.00334253587 0.101957541
v -0.0128917268 0.00317437234 0.102455089
v -0.0125166053 0.00191399583 0.104072127
v -0.0124766181 0.00174753109 0.104227615
v -0.0127013108 0.00211613175 0.103753386
v -0.0128403148 0.00279218269 0.102964303
v -0.0129469476 0.00270555312 0.102948753
v -0.0129964564 0.00266138894 0.102944867
v -0.0128841108 0.00225711729 0.103454077
v -0.0124899477 0.00150632699 0.104371436
v -0.0122919141 0.00130928696 0.10462021
v -0.0123985477 0.00125662969 0.104577455
v -0.0124480557 0.0012294518 0.104554129
v -0.0125984853 0.00114282213 0.104484165
v -0.0125756349 0.000954275203 0.104581341
v -0.0125661141 0.00083197455 0.104639646
v -0.0124651933 0.000877837332 0.104694067
v -0.016378262 0.00670070916 0.089347746
v -0.0190421958 0.00739204749 0.0819272507
v -0.0165077452 0.00665994198 0.0893827312
v -0.0166372299 0.00661407939 0.0894254896
v -0.0167667131 0.00655802482 0.089468248
v -0.0168942923 0.00649857304 0.0895110063
v -0.0155613734 0.00599917844 0.0932465213
v -0.0247946921 0.00861165702 0.0656674576
v -0.0248232553 0.00860656083 0.0656674576
v -0.0123718885 -0.00181277792 0.10425871
v -0.0125527845 0.00067570151 0.104694067
v -0.0126403765 0.000439593203 0.104686291
v -0.0126270477 5.91021516e-05 0.104744599
v -0.0127222564 0.000211978091 0.104655195
v -0.0126251429 -2.04822401e-06 0.104748488
v -0.0126270477 -5.8102604e-05 0.104744599
v -0.0127222564 -0.000210978543 0.104655195
v -0.0126403765 -0.000436895056 0.104686291
v -0.0125432645 -0.000467470243 0.104752372
v -0.0125527845 -0.000673003363 0.104694067
v -0.0125661141 -0.000830975101 0.104639646
v -0.0125756349 -0.000953275852 0.104581341
v -0.0125984853 -0.00114352118 0.104484165
v -0.0124975637 -0.00120127436 0.10453081
v -0.0124899477 -0.00150532744 0.104371436
v -0.0124766181 -0.00174653135 0.104227615
v -0.0124137805 -0.00198603705 0.104099336
v -0.0125965813 -0.00219496718 0.103776709
v -0.0126784597 -0.00242597988 0.103496836
v -0.0125699221 -0.00250411625 0.103512385
v -0.0126746517 -0.00291518249 0.102975962
v -0.0125623061 -0.00299162026 0.102979852
v -0.01283841 -0.00321753678 0.102458978
v -0.0127222564 -0.00329567354 0.102455089
v -0.0126651309 -0.00333304313 0.102451205
v -0.0125489765 -0.0034026865 0.102447316
v -0.0124309181 -0.00346893268 0.102435653
v -0.0125889637 -0.00373052057 0.101922556
v -0.0129107684 -0.00416197001 0.100911907
v -0.0132382867 -0.00451358447 0.0999245812
v -0.0131145156 -0.00457643345 0.0998973722
v -0.0129907444 -0.00463248802 0.0998740466
v -0.0128669732 -0.00468174781 0.0998429511
v -0.0131944899 -0.00498070529 0.0988556251
v -0.013851429 -0.0054648121 0.0969237285
v -0.0137238498 -0.00550557849 0.0968887464
v -0.0143845969 -0.00589116573 0.0949840588
v -0.0146111928 -0.00609330185 0.0939423149
v -0.0149215727 -0.00624108121 0.0930521654
v -0.0162506828 -0.0067353804 0.0892972145
v -0.0176902361 -0.00710907705 0.0852896
v -0.0189146166 -0.00742332154 0.0818844923
v -0.0246785385 -0.00862764406 0.0656674576
v -0.0245338217 -0.00864293107 0.0656674576
v -0.0149329975 0.00479145911 0.0971725057
v -0.0142646337 0.0043107495 0.0990655304
v -0.0135981746 0.00367036955 0.100981875
v -0.0156889526 0.00592953507 0.0932776169
v -0.015810819 0.00585479589 0.0933126021
v -0.0159326861 0.00577326193 0.0933436977
v -0.0161573789 0.0055898108 0.0934020054
v -0.0172637018 0.00627095793 0.0896120693
v -0.0173779514 0.00618262957 0.0896509411
v -0.017492201 0.0060892054 0.0896781501
v -0.0162678204 0.00548959224 0.0934253279
v -0.0132706571 0.00325250891 0.101953651
v -0.0126213349 0.00184265386 0.104037145
v -0.0125813477 0.00167618892 0.104192629
v -0.0128022308 0.00203459798 0.103722287
v -0.0127222564 0.00176791449 0.104006047
v -0.0133734819 0.00315568755 0.101949768
v -0.0130478692 0.00261552616 0.102933207
v -0.013144982 0.00252040339 0.102917655
v -0.0130764316 0.00207536496 0.103395773
v -0.0129012484 0.00195136561 0.103691192
v -0.0126403765 0.00140610833 0.104305355
v -0.01273749 0.00133816355 0.104262597
v -0.0127831892 0.00130249247 0.104239274
v -0.012786998 0.00102391868 0.104371436
v -0.0126727477 0.000905015222 0.10452692
v -0.0126498981 0.000636633127 0.104631873
v -0.019173583 0.00735128032 0.0819777822
v -0.0249394104 0.00858447943 0.0656674576
v -0.0251164968 0.00854201325 0.0656674576
v -0.0181262904 0.00700136485 0.0852896
v -0.0194325509 0.00725276075 0.0820594123
v -0.0170218715 0.00642892967 0.0895498782
v -0.0195620341 0.00718991138 0.0821021676
v -0.0196877092 0.0071236656 0.0821449291
v -0.0126994061 0.000614551135 0.104596891
v -0.0127317765 0.000409018015 0.104616327
v -0.0127470101 -2.04822401e-06 0.104651309
v -0.0128136564 0.000193293199 0.104581341
v -0.0128136564 -0.000193992349 0.104581341
v -0.0127317765 -0.000409717067 0.104616327
v -0.0126994061 -0.000613551587 0.104596891
v -0.0126498981 -0.00063393498 0.104631873
v -0.0127203524 -0.000875139087 0.104491938
v -0.012786998 -0.00102291923 0.104371436
v -0.0127831892 -0.00130319152 0.104239274
v -0.01273749 -0.0013405613 0.104262597
v -0.0125908685 -0.00144077986 0.104328678
v -0.0125813477 -0.00167688837 0.104192629
v -0.0125166053 -0.00191639368 0.104072127
v -0.0127013108 -0.0021168308 0.103753386
v -0.0128841108 -0.00225781654 0.103454077
v -0.0129964564 -0.00266038939 0.102944867
v -0.0128917268 -0.00274871776 0.102960416
v -0.0128403148 -0.00279288213 0.102964303
v -0.012786998 -0.00283534752 0.102968189
v -0.0128917268 -0.00317507139 0.102455089
v -0.0132192443 -0.00329907074 0.101953651
v -0.0131107068 -0.00338570051 0.101957541
v -0.0130002644 -0.00347233027 0.101953651
v -0.0128841108 -0.00355216524 0.101949768
v -0.012826986 -0.00359123343 0.101945878
v -0.0127089269 -0.0036642744 0.101934215
v -0.0130326356 -0.00409402523 0.10093523
v -0.0133620571 -0.0044439411 0.0999479006
v -0.0136914786 -0.00474119958 0.0989800137
v -0.0135677075 -0.00481084374 0.0989528015
v -0.0134439363 -0.00487369154 0.098921706
v -0.0133201651 -0.00492974651 0.098894497
v -0.0139771042 -0.00541555153 0.0969587138
v -0.0151519767 -0.00593702832 0.0939423149
v -0.0154356982 -0.00606102806 0.0932076495
v -0.0153062143 -0.00611708225 0.0931687777
v -0.0148339808 -0.00604574027 0.0939423149
v -0.0147540056 -0.00606442526 0.0939423149
v -0.0141046833 -0.00535949813 0.0969936991
v -0.0150510559 -0.006205411 0.0930910372
v -0.016380166 -0.00670140762 0.0893438594
v -0.0190440998 -0.00739274674 0.0819272507
v -0.0248232553 -0.00860556187 0.0656674576
v -0.0150339183 0.00468614475 0.0971841653
v -0.0146340424 0.00439907786 0.0983192022
v -0.0161973661 0.00529425091 0.0939384283
v -0.0143674593 0.00420543514 0.0990771901
v -0.0137048082 0.00357184958 0.100981875
v -0.0171437386 0.0063524915 0.0895809737
v -0.0176007401 0.00598728824 0.0897092488
v -0.0186937335 0.00675676334 0.0852896
v -0.0199314436 0.00696569386 0.0822265561
v -0.0200514067 0.0068773651 0.0822576548
v -0.0201675603 0.00678054374 0.082292637
v -0.0164734716 0.00527386732 0.0934680863
v -0.016368742 0.00538257928 0.0934486504
v -0.0177073721 0.00588027489 0.0897364579
v -0.0128174644 0.00168807932 0.103967175
v -0.0138019202 0.00346653522 0.100981875
v -0.0134744035 0.00305377038 0.101938105
v -0.0135677075 0.00294845583 0.101926442
v -0.0132401907 0.00242358203 0.102890446
v -0.0133296867 0.00232336347 0.10287101
v -0.0132097235 0.00193437942 0.103345238
v -0.0129488524 0.00190550283 0.103675642
v -0.012830794 0.00126852008 0.104212065
v -0.0128555476 0.000796303465 0.104394758
v -0.01292029 0.00119547941 0.104157644
v -0.012876494 0.0009610697 0.104309242
v -0.012741298 0.000595866341 0.104565792
v -0.0193030677 0.00730371952 0.0820205405
v -0.025228844 0.00850973947 0.0656674576
v -0.0253735607 0.00846217867 0.0656674576
v -0.0255182775 0.00840612371 0.0656674576
v -0.0255525527 0.00839253491 0.0656674576
v -0.0198095764 0.00704722743 0.0821876843
v -0.0256934615 0.00832798733 0.0656674576
v -0.0258305606 0.00825664536 0.0656674576
v -0.0128212724 0.000380141427 0.104542469
v -0.01292029 -2.04822401e-06 0.104491938
v -0.0129088644 0.000347867639 0.104464729
v -0.0129812228 0.000157622212 0.104414194
v -0.0129812228 -0.000154923967 0.104414194
v -0.0129088644 -0.000348566692 0.104464729
v -0.0128212724 -0.00037744328 0.104542469
v -0.012741298 -0.000594866794 0.104565792
v -0.0128555476 -0.000795304114 0.104394758
v -0.012876494 -0.000960070251 0.104309242
v -0.01292029 -0.00119617836 0.104157644
v -0.012830794 -0.00126752053 0.104212065
v -0.0129564692 -0.00156647782 0.103901094
v -0.0128650692 -0.00164970999 0.103943855
v -0.0128174644 -0.00168877817 0.103967175
v -0.0127222564 -0.00176691494 0.104006047
v -0.0126213349 -0.00184335271 0.104037145
v -0.0128022308 -0.00203529723 0.103722287
v -0.0130764316 -0.00207606402 0.103395773
v -0.013144982 -0.00251940404 0.102917655
v -0.013097378 -0.00256696523 0.102925431
v -0.0128993444 -0.00195036607 0.103691192
v -0.0129488524 -0.00190620208 0.103675642
v -0.0133734819 -0.00315468819 0.101949768
v -0.0133239739 -0.00320394798 0.101949768
v -0.0132706571 -0.00325150956 0.101953651
v -0.0137048082 -0.00357085023 0.100981875
v -0.0135981746 -0.0036693702 0.100981875
v -0.0134915411 -0.00376619156 0.100977988
v -0.0133830035 -0.00385451992 0.100970212
v -0.0132687523 -0.00394114929 0.100962439
v -0.0131525987 -0.00401928606 0.100950776
v -0.0134782115 -0.00437090052 0.0999673365
v -0.013809537 -0.00466815901 0.0989955599
v -0.0144759968 -0.00515396481 0.0970869889
v -0.0143541297 -0.00522870399 0.0970597799
v -0.0142322625 -0.00529664876 0.0970247946
v -0.0153176399 -0.00587248075 0.0939423149
v -0.0155613734 -0.00599987769 0.0932465213
v -0.0168942923 -0.0064975733 0.0895110063
v -0.0167667131 -0.00656042267 0.089468248
v -0.0166372299 -0.00661477864 0.0894293762
v -0.0151786351 -0.00616464383 0.0931299059
v -0.0165096508 -0.00666064123 0.0893866178
v -0.0179815736 -0.00704452948 0.0852896
v -0.019173583 -0.00735367856 0.0819738956
v -0.0251164968 -0.0085427125 0.0656674576
v -0.0250041512 -0.00856989088 0.0656674576
v -0.02497178 -0.00857668528 0.0656674576
v -0.0151367439 0.00457573459 0.0971997147
v -0.014738772 0.0042937635 0.0983192022
v -0.0144664753 0.00409842218 0.0990810767
v -0.0202741939 0.00667862697 0.082319846
v -0.0203789235 0.00657161362 0.0823548312
v -0.0259657574 0.00817511179 0.0656674576
v -0.026062871 0.00811396141 0.0656674576
v -0.0260971461 0.00809018023 0.0656674576
v -0.0262228197 0.00800015327 0.0656674576
v -0.0263465925 0.0079016337 0.0656674576
v -0.0165648716 0.00515666276 0.0934797459
v -0.0164030172 0.0050717316 0.0939384283
v -0.0152319519 0.00446362544 0.0972074878
v -0.0178063897 0.00576816613 0.0897636669
v -0.0178996937 0.00565265978 0.0897792162
v -0.020481749 0.00645950486 0.0823781537
v -0.0129564692 0.00156577866 0.103901094
v -0.014561684 0.00398971022 0.0990849632
v -0.013897129 0.00335782327 0.100977988
v -0.013986625 0.00324911171 0.100970212
v -0.0136552994 0.00284314147 0.101914779
v -0.0137409874 0.00273442971 0.10189146
v -0.0134134699 0.00221974771 0.102839914
v -0.0134953491 0.00211613175 0.102808819
v -0.0132497107 0.00188511944 0.103325802
v -0.0130878564 0.00144008071 0.10383113
v -0.0130440612 0.0014825463 0.103854449
v -0.0129640852 0.000898220725 0.104247051
v -0.0129412356 0.000740249085 0.104328678
v -0.012918386 0.000512633875 0.104421967
v -0.013005978 0.00112074004 0.104099336
v -0.0130631028 0.000135540121 0.104328678
v -0.0130726236 -2.04822401e-06 0.104324791
v -0.0130631028 -0.000134540574 0.104328678
v -0.0130021692 0.00047186699 0.10434034
v -0.0129907444 0.00031729255 0.104383096
v -0.0129907444 -0.000316292904 0.104383096
v -0.012918386 -0.000513333025 0.104421967
v -0.0129412356 -0.000740948137 0.104328678
v -0.0129640852 -0.000895522676 0.104247051
v -0.013005978 -0.00112143919 0.104099336
v -0.0130878564 -0.00144077986 0.10383113
v -0.0132097235 -0.00193337968 0.103345238
v -0.0133296867 -0.00232236412 0.10287101
v -0.0132401907 -0.00242258268 0.102890446
v -0.0135677075 -0.00294915488 0.101926442
v -0.0134744035 -0.00305277064 0.101938105
v -0.0138019202 -0.00346723408 0.100981875
v -0.0144664753 -0.00410081963 0.0990810767
v -0.0143674593 -0.00420613439 0.0990771901
v -0.0138228658 -0.00411271022 0.100013981
v -0.0137124242 -0.00420443579 0.0999984352
v -0.0135981746 -0.00428766796 0.0999867724
v -0.0139314042 -0.00458492644 0.0990188824
v -0.0145940552 -0.00507073225 0.0971103114
v -0.0157194198 -0.00566524922 0.0939423149
v -0.015808915 -0.00585549475 0.0933164887
v -0.0154299854 -0.00582152197 0.0939423149
v -0.0156870486 -0.00593193291 0.0932815034
v -0.0170199675 -0.00643132752 0.0895459885
v -0.0196896133 -0.00712436484 0.0821449291
v -0.0195620341 -0.00719230962 0.0821021676
v -0.0194344549 -0.00725345999 0.0820594123
v -0.0193049717 -0.00730611698 0.082016654
v -0.0252612136 -0.00849854891 0.0656674576
v -0.0264608421 0.00779462074 0.0656674576
v -0.0166562715 0.00503606061 0.0934952953
v -0.0179891896 0.00553035942 0.0898025387
v -0.0164963212 0.00495622564 0.0939384283
v -0.0153176399 0.00434642048 0.0972152609
v -0.01465118 0.00387250566 0.0990888498
v -0.020576957 0.0063406013 0.0824092524
v -0.020666453 0.00622169775 0.0824325749
v -0.0265712837 0.00768420979 0.0656674576
v -0.026645546 0.00760437521 0.0656674576
v -0.0140685041 0.00313530415 0.100954666
v -0.0147330592 0.00375360211 0.0990849632
v -0.0141465753 0.0030180994 0.100939116
v -0.0138190578 0.00262062215 0.101872024
v -0.0138933202 0.0025068146 0.101844815
v -0.0135677075 0.00200741999 0.102773833
v -0.0134058531 0.00168638072 0.103244175
v -0.0133296867 0.00178659928 0.103283047
v -0.0131678323 0.00135175245 0.103776709
v -0.0130878564 0.00104939797 0.104037145
v -0.0130250196 0.000684194509 0.10425871
v -0.0130459652 0.00083367315 0.10417708
v -0.0130688148 0.000286717362 0.104301469
v -0.0131373652 0.000116855328 0.104243161
v -0.0132097235 -2.04822401e-06 0.104157644
v -0.0131373652 -0.00011415718 0.104243161
v -0.0130688148 -0.000285717913 0.104301469
v -0.0130802404 0.000429401408 0.104262597
v -0.0130802404 -0.000428401861 0.104262597
v -0.0130021692 -0.000469168843 0.10434034
v -0.0130250196 -0.000683194961 0.10425871
v -0.0130459652 -0.000832673701 0.10417708
v -0.0130878564 -0.00105009721 0.104037145
v -0.0131678323 -0.0013524515 0.103776709
v -0.0134058531 -0.00168707997 0.103244175
v -0.0132497107 -0.00188581849 0.103325802
v -0.0134953491 -0.0021134336 0.102808819
v -0.0134134699 -0.00222044656 0.102839914
v -0.0137409874 -0.00273342996 0.10189146
v -0.0136552994 -0.00284214192 0.101914779
v -0.013986625 -0.00324981057 0.100970212
v -0.013897129 -0.00336022112 0.100977988
v -0.014561684 -0.00398871087 0.0990849632
v -0.0152319519 -0.00446262609 0.0972074878
v -0.0151367439 -0.00457643345 0.0971997147
v -0.0142646337 -0.00430975015 0.0990655304
v -0.0150339183 -0.004686844 0.0971841653
v -0.0149329975 -0.00478876116 0.0971725057
v -0.0141560961 -0.00440657151 0.0990538676
v -0.0140456545 -0.00449999567 0.0990344317
v -0.0147102096 -0.00498410249 0.0971336338
v -0.0158469981 -0.00558201666 0.0939423149
v -0.0160469373 -0.00568733141 0.0933747964
v -0.0159288781 -0.00577396118 0.0933475843
v -0.0172637018 -0.00627335499 0.089615959
v -0.0171437386 -0.00635488935 0.0895809737
v -0.0198133844 -0.00704962489 0.0821837978
v -0.0258305606 -0.00825564561 0.0656674576
v -0.0256934615 -0.00832698759 0.0656674576
v -0.0255525527 -0.00839153516 0.0656674576
v -0.0254440151 -0.00843569954 0.0656674576
v -0.0254059319 -0.00844928834 0.0656674576
v -0.0167381499 0.00491375986 0.0935069581
v -0.0180710696 0.00540466147 0.0898064252
v -0.0197162724 0.0058293165 0.0852896
v -0.015401423 0.00422412013 0.0972152609
v -0.0150091639 0.00394724484 0.0983192022
v -0.0207464274 0.0060943012 0.0824520108
v -0.0267693172 0.00745149888 0.0656674576
v -0.0268607172 0.00732749992 0.0656674576
v -0.0148111304 0.00363299996 0.0990771901
v -0.0142208377 0.00289919585 0.100923567
v -0.0148834888 0.00350900061 0.0990733035
v -0.0142874833 0.00277859389 0.100900248
v -0.0139599666 0.00238791104 0.101817606
v -0.0136362578 0.00189870824 0.102734965
v -0.0134782115 0.00158446346 0.10319753
v -0.0132439987 0.00126342418 0.103726177
v -0.0131640236 0.000969562797 0.103974951
v -0.0131221316 0.000767426975 0.104110999
v -0.013101186 0.000629838729 0.104184853
v -0.0131564068 0.000385237324 0.10418097
v -0.0132097235 9.64717383e-05 0.104153758
v -0.0132744659 7.60883452e-05 0.104060468
v -0.0133392067 -2.04822401e-06 0.103967175
v -0.0132744659 -7.50887977e-05 0.104060468
v -0.0132097235 -9.54723871e-05 0.104153758
v -0.0131564068 -0.000384237875 0.10418097
v -0.0131773524 -0.000569387405 0.104107113
v -0.013101186 -0.000625441982 0.104184853
v -0.0131221316 -0.000766427526 0.104110999
v -0.0131640236 -0.000970261849 0.103974951
v -0.0132439987 -0.00126412333 0.103726177
v -0.0134782115 -0.00158516241 0.10319753
v -0.0135677075 -0.00200811885 0.102773833
v -0.0138190578 -0.0026196226 0.101872024
v -0.0137809746 -0.00267567679 0.101883687
v -0.0140685041 -0.00313430461 0.100954666
v -0.0147330592 -0.00375430097 0.0990849632
v -0.01465118 -0.00387320452 0.0990888498
v -0.0153176399 -0.00434542113 0.0972152609
v -0.0164867996 -0.00497051369 0.0939423149
v -0.0164030172 -0.00507412945 0.0939423149
v -0.0163039996 -0.0051862386 0.0939423149
v -0.01629067 -0.0051998274 0.0939423149
v -0.0144131593 -0.00459511844 0.0983192022
v -0.01637255 -0.00538497752 0.0934486504
v -0.0160850205 -0.00539516833 0.0939423149
v -0.0148225552 -0.00488898011 0.0971530697
v -0.0143408001 -0.00464947402 0.0983192022
v -0.0159517277 -0.00550388028 0.0939423149
v -0.0161573789 -0.00559051005 0.0934020054
v -0.0174941065 -0.00608990465 0.0896781501
v -0.0173817594 -0.00618332882 0.0896509411
v -0.0189565078 -0.00659439466 0.0852896
v -0.0200533107 -0.00687806435 0.0822576548
v -0.0199352516 -0.00696639311 0.082218783
v -0.0259657574 -0.00817750924 0.0656674576
v -0.0258667398 -0.00823526242 0.0656674576
v -0.0168143179 0.00478636331 0.0935186177
v -0.0166657915 0.00470992554 0.0939384283
v -0.018147236 0.00527726492 0.0898219746
v -0.0208244994 0.00596350745 0.0824714435
v -0.0154794942 0.00410012078 0.0972230371
v -0.0269425956 0.00719840477 0.0656674576
v -0.0155518526 0.00397442282 0.0972152609
v -0.0156165942 0.00384532767 0.0972152609
v -0.0156737198 0.00371453392 0.0972074878
v -0.0157289406 0.00358374018 0.0971958281
v -0.0144055425 0.00253229379 0.100853599
v -0.0143484177 0.00265629314 0.100876922
v -0.013760029 0.00167788772 0.102649448
v -0.0137009994 0.00178829808 0.102692203
v -0.0134439363 0.000993343488 0.10354737
v -0.0133830035 0.00108506905 0.103609562
v -0.0133163571 0.00117509592 0.103667869
v -0.0132363819 0.000894823526 0.103904984
v -0.0131773524 0.000570386953 0.104107113
v -0.013196394 0.000701180801 0.104033256
v -0.0132230531 0.000341073241 0.104095453
v -0.0132896987 0.000296909059 0.104006047
v -0.0133525363 0.000252744877 0.103916646
v -0.0133392067 5.74035518e-05 0.103963291
v -0.0133392067 -5.47054046e-05 0.103963291
v -0.0133982363 -2.04822401e-06 0.103873885
v -0.0133525363 -0.000251745329 0.103916646
v -0.0132896987 -0.000295909511 0.104006047
v -0.0132230531 -0.000338375093 0.104095453
v -0.0132649443 -0.00063223638 0.103959402
v -0.0133068363 -0.000815687507 0.103835013
v -0.013196394 -0.000701879951 0.104033256
v -0.0133296867 -0.000565990206 0.103881661
v -0.0132363819 -0.000893824076 0.103904984
v -0.0133163571 -0.00117579497 0.103667869
v -0.0133830035 -0.0010840696 0.103609562
v -0.0134439363 -0.000992344039 0.10354737
v -0.013760029 -0.00167688837 0.102649448
v -0.0137009994 -0.00178899713 0.102692203
v -0.0136019826 -0.00195206467 0.102754397
v -0.0143484177 -0.00265529359 0.100876922
v -0.0142551129 -0.00284044332 0.100911907
v -0.0142208377 -0.0028981961 0.100923567
v -0.0141846585 -0.00295934648 0.10093134
v -0.0148111304 -0.00363200061 0.0990771901
v -0.0154794942 -0.00409912103 0.0972230371
v -0.0150091639 -0.00394624509 0.0983192022
v -0.015401423 -0.00422651758 0.0972152609
v -0.0165839132 -0.00483462335 0.0939423149
v -0.0166543675 -0.00503845846 0.0934991818
v -0.0165648716 -0.00515736123 0.0934836356
v -0.016471566 -0.00527456657 0.0934680863
v -0.0178082937 -0.00577056398 0.0897597803
v -0.0177092777 -0.00588097414 0.0897364579
v -0.0162678204 -0.00549029149 0.0934253279
v -0.0159688653 -0.00549029149 0.0939423149
v -0.0176045481 -0.0059879871 0.0897053623
v -0.0202780019 -0.00668102443 0.082319846
v -0.0201694643 -0.00678124299 0.0822887504
v -0.0261314213 -0.00806709908 0.0656674576
v -0.0260971461 -0.00809087948 0.0656674576
v -0.0260000326 -0.00815542705 0.0656674576
v -0.0168847707 0.00465556956 0.0935225074
v -0.0182195944 0.00514647077 0.0898336374
v -0.0168028923 0.00445003664 0.0939384283
v -0.0208930482 0.0058293165 0.0824831063
v -0.0270168595 0.00706930962 0.0656674576
v -0.0170066379 0.00439228346 0.093526394
v -0.0157708318 0.00345124743 0.0971841653
v -0.0153614358 0.00312511236 0.0983192022
v -0.0169133339 0.00416636695 0.0939384283
v -0.0169514171 0.0040474634 0.0939384283
v -0.0144531465 0.00240829444 0.10082639
v -0.0138133458 0.00156747726 0.102606686
v -0.0133696739 0.000740249085 0.103768932
v -0.0135010611 0.000905015222 0.1034774
v -0.0133068363 0.000816686957 0.103835013
v -0.0132649443 0.000634934528 0.103959402
v -0.0133296867 0.000566989753 0.103881661
v -0.0133887155 0.000499044979 0.103803918
v -0.0134096611 0.000210279393 0.10382724
v -0.0134629779 0.000166115309 0.10373395
v -0.0135124867 0.000121951127 0.103644547
v -0.0134667867 -2.04822401e-06 0.103741723
v -0.0135124867 -0.000122650179 0.103644547
v -0.0134629779 -0.000165115761 0.10373395
v -0.0134096611 -0.000207581344 0.10382724
v -0.0133887155 -0.000498045431 0.103803918
v -0.0133696739 -0.000737550938 0.103768932
v -0.0135010611 -0.000904015675 0.1034774
v -0.0138133458 -0.00156647782 0.102606686
v -0.0144055425 -0.00253299284 0.100853599
v -0.0152738439 -0.00339419351 0.0983192022
v -0.0156165942 -0.00384602653 0.0972152609
v -0.0155518526 -0.00397512168 0.0972152609
v -0.0167362459 -0.00458152924 0.0939423149
v -0.0166638875 -0.00471062439 0.0939423149
v -0.0167362459 -0.0049144595 0.0935108446
v -0.0180729736 -0.00540705892 0.0898103118
v -0.0179891896 -0.00553105788 0.0897986521
v -0.0179015977 -0.00565335863 0.0897792162
v -0.0195315669 -0.00607461686 0.0852896
v -0.020576957 -0.00634469775 0.0824053627
v -0.0204836531 -0.00646020332 0.0823781537
v -0.0193202053 -0.00629883438 0.0852896
v -0.0203827315 -0.00657401146 0.0823548312
v -0.0263465925 -0.00790063395 0.0656674576
v -0.0262228197 -0.00799915431 0.0656674576
v -0.0169514171 0.00452477581 0.0935225074
v -0.0182805272 0.00501227982 0.089837524
v -0.0209558866 0.00569682415 0.0824986557
v -0.0270835044 0.00693511828 0.0656674576
v -0.0183357495 0.00487808888 0.0898452971
v -0.0183871608 0.00474219933 0.0898491836
v -0.0170561467 0.00425639391 0.0935225074
v -0.015810819 0.00331875508 0.0971725057
v -0.0144988464 0.00228429528 0.100799178
v -0.0184309575 0.00460630978 0.0898491836
v -0.0171361226 0.00398631302 0.0935186177
v -0.0169856923 0.00390987525 0.0939384283
v -0.0138609498 0.00145706701 0.102560041
v -0.0134267987 0.000658715317 0.103695078
v -0.0135543779 0.000811591059 0.103411319
v -0.0134801155 0.000580578747 0.103621224
v -0.0135296243 0.000502442178 0.103543481
v -0.0136419698 0.000631537328 0.103279157
v -0.013680053 0.000539811765 0.10320919
v -0.0135734203 -2.04822401e-06 0.103520158
v -0.013680053 -0.000538812217 0.10320919
v -0.0136419698 -0.000630537781 0.103279157
v -0.0135296243 -0.000501442631 0.103543481
v -0.0134801155 -0.0005778806 0.103621224
v -0.0134267987 -0.000657715769 0.103695078
v -0.0135543779 -0.000810591512 0.103411319
v -0.0138609498 -0.00145776606 0.102560041
v -0.0144988464 -0.00228499414 0.100799178
v -0.0144531465 -0.00240899388 0.10082639
v -0.0153614358 -0.00312581161 0.0983192022
v -0.0157289406 -0.00358274043 0.0971958281
v -0.0156737198 -0.00371353418 0.0972074878
v -0.0168581131 -0.00431824315 0.0939423149
v -0.0168009883 -0.00445243409 0.0939423149
v -0.0168847707 -0.00465796741 0.093526394
v -0.0168143179 -0.00478706256 0.0935186177
v -0.01814914 -0.00527796377 0.0898258612
v -0.0197181764 -0.00583001536 0.0852896
v -0.0196286805 -0.0059540151 0.0852896
v -0.020666453 -0.006222397 0.0824286883
v -0.0267026724 -0.0075371289 0.0656674576
v -0.0265712837 -0.00768660803 0.0656674576
v -0.0264608421 -0.00779701819 0.0656674576
v -0.0210130113 0.0055626332 0.0825064288
v -0.0271425347 0.00679922873 0.0656674576
v -0.0200514067 0.00516685436 0.0852896
v -0.0158469981 0.00318626273 0.0971569563
v -0.0145369296 0.00216199453 0.100764196
v -0.0184690407 0.00446872124 0.0898452971
v -0.0211044113 0.00528575791 0.0825142019
v -0.0211386865 0.00514816977 0.0825219782
v -0.0170142555 0.00377398531 0.0939384283
v -0.0184995079 0.00433283169 0.089837524
v -0.0139028418 0.00134495795 0.102505623
v -0.0136000786 0.000721564292 0.103349128
v -0.013939021 0.00123624629 0.102455089
v -0.0139713914 0.00112753454 0.102408444
v -0.0137428914 0.000398826319 0.103057592
v -0.0139180754 0.000767426975 0.102575591
v -0.0137371786 -0.00037404608 0.103084805
v -0.0139713914 -0.00112653499 0.102408444
v -0.0136000786 -0.000722263344 0.103349128
v -0.013939021 -0.00123694534 0.102455089
v -0.0139028418 -0.0013456571 0.102505623
v -0.0145369296 -0.00216099518 0.100764196
v -0.0158469981 -0.00318526299 0.0971569563
v -0.015810819 -0.00331775573 0.0971725057
v -0.0157708318 -0.00345024808 0.0971841653
v -0.0169476091 -0.00406175144 0.0939423149
v -0.0169095259 -0.0041840522 0.0939423149
v -0.0170047339 -0.00439298232 0.0935302805
v -0.0169476091 -0.00452717366 0.0935302805
v -0.0182843368 -0.00501297907 0.0898414105
v -0.0182195944 -0.00514886862 0.0898336374
v -0.0198743188 -0.00557182506 0.0852896
v -0.0208244994 -0.00596590569 0.082467557
v -0.0207483314 -0.00609500084 0.0824481211
v -0.0268607172 -0.00732650018 0.0656674576
v -0.0267693172 -0.00745049992 0.0656674576
v -0.0210606161 0.00542334606 0.0825142019
v -0.0271958515 0.00666333918 0.0656674576
v -0.0158736573 0.00305546898 0.0971375204
v -0.0170390091 0.00362280836 0.0939384283
v -0.0145673968 0.00203799518 0.100729214
v -0.0211691537 0.00501058122 0.0825219782
v -0.0272263171 0.00656481922 0.0656674576
v -0.0272644003 0.00642892967 0.0656674576
v -0.0272758275 0.00638646389 0.0656674576
v -0.0185223575 0.00419694214 0.0898336374
v -0.0211939073 0.00487299308 0.0825142019
v -0.0140837377 0.00103241177 0.102124685
v -0.0145940552 0.00191569443 0.100690342
v -0.0143312801 0.00137043734 0.101440554
v -0.0153861902 0.00234374686 0.0985446569
v -0.0273538979 0.00573928954 0.0656674576
v -0.0273538979 -0.00573998918 0.0656674576
v -0.0170618587 -0.00323792037 0.0939423149
v -0.0147044968 -0.00177370973 0.100418243
v -0.0141427665 -0.00112313779 0.101957541
v -0.0145940552 -0.00191639368 0.100690342
v -0.0145673968 -0.00203869443 0.100729214
v -0.0158736573 -0.00305446963 0.0971375204
v -0.0170371051 -0.00363879501 0.0939423149
v -0.0170161595 -0.00377468456 0.0939423149
v -0.0169875963 -0.00391227271 0.0939423149
v -0.0171380266 -0.00398701227 0.0935186177
v -0.0170999419 -0.00412290182 0.0935225074
v -0.0170561467 -0.00425879137 0.0935302805
v -0.0183395576 -0.00488048672 0.0898491836
v -0.0210149153 -0.00556163346 0.0825064288
v -0.0209558866 -0.00569922122 0.0824947691
v -0.0208949538 -0.00583341256 0.0824831063
v -0.0269425956 -0.00719910402 0.0656674576
v -0.0158946029 0.00292467523 0.0971180845
v -0.0154585486 0.00258664977 0.0983192022
v -0.0185413991 0.0040610522 0.0898258612
v -0.017216097 0.00358374018 0.0934797459
v -0.0170542427 0.00345294603 0.0939384283
v -0.0273043891 0.00624887574 0.0656674576
v -0.0212072369 0.00473710353 0.0825142019
v -0.0273196227 0.00615205438 0.0656674576
v -0.0273405683 0.00597709664 0.0656674576
v -0.0147292512 0.00180018827 0.100348275
v -0.0165363084 0.0030299896 0.0953805438
v -0.0242310586 0.0050768274 0.0742424289
v -0.021511904 0.0045570496 0.0817056826
v -0.0273405683 -0.0059777955 0.0656674576
v -0.0212091409 -0.00473950098 0.0825142019
v -0.021513808 -0.00455774885 0.081701796
v -0.0186842119 -0.00386301292 0.0894721345
v -0.0170523386 -0.00350460406 0.0939423149
v -0.0159193565 -0.00269606077 0.0970753261
v -0.0152985983 -0.00227989834 0.0987817712
v -0.0154585486 -0.00258565022 0.0983192022
v -0.0158946029 -0.00292537448 0.0971180845
v -0.0170504346 -0.00352159006 0.0939423149
v -0.0185261655 -0.00419764099 0.089837524
v -0.0171951514 -0.00371862998 0.0934991818
v -0.0185014119 -0.00433353094 0.0898452971
v -0.0184709447 -0.00447111908 0.0898491836
v -0.0184347655 -0.00460700863 0.0898530733
v -0.0183909703 -0.00474289818 0.0898491836
v -0.0210625201 -0.0054240457 0.0825142019
v -0.0271958515 -0.00666403843 0.0656674576
v -0.0271425347 -0.00679992798 0.0656674576
v -0.0270835044 -0.00693581753 0.0656674576
v -0.0270168595 -0.00706830988 0.0656674576
v -0.0193982757 0.00406444979 0.0875091424
v -0.0170599547 0.00324741311 0.0939384283
v -0.0273253347 -0.00611368505 0.0656674576
v -0.0211939073 -0.00487369154 0.0825142019
v -0.0185433031 -0.00406345004 0.0898297477
v -0.0201618483 -0.00475478877 0.0852896
v -0.0201332851 -0.00489237653 0.0852896
v -0.020097106 -0.00502996507 0.0852896
v -0.0211044113 -0.00528645638 0.0825142019
v -0.0272377427 -0.00652644989 0.0656674576
v -0.0273043891 -0.00625127359 0.0656674576
v -0.0211691537 -0.00501128087 0.0825180916
v -0.0211424945 -0.00514886862 0.0825180916
v -0.0272758275 -0.00638716314 0.0656674576
f 1 2 6
f 1 6 14
f 1 14 25
f 1 25 40
f 1 40 61
f 1 61 87
f 1 87 122
f 1 122 159
f 1 159 199
f 1 199 243
f 1 243 291
f 1 291 347
f 1 347 405
f 1 405 470
f 1 470 537
f 1 537 609
f 1 609 694
f 1 694 780
f 1 780 878
f 1 878 983
f 1 983 1019
f 1 1019 919
f 1 919 819
f 1 819 725
f 1 725 643
f 1 643 563
f 1 563 491
f 1 491 427
f 1 427 364
f 1 364 307
f 1 307 258
f 1 258 212
f 1 212 172
f 1 172 133
f 1 133 98
f 1 98 71
f 1 71 47
f 1 47 30
f 1 30 17
f 1 17 8
f 1 8 3
f 1 3 4
f 1 4 5
f 1 5 2
f 2 5 6
f 3 7 4
f 3 8 7
f 4 9 10
f 4 10 11
f 4 11 5
f 4 7 9
f 5 11 12
f 5 12 13
f 5 13 6
f 6 13 15
f 6 15 14
f 7 8 16
f 7 16 9
f 8 17 16
f 9 16 18
f 9 18 19
f 9 19 10
f 10 19 20
f 10 20 11
f 11 20 12
f 12 21 15
f 12 15 13
f 12 20 22
f 12 22 21
f 14 15 23
f 14 23 24
f 14 24 25
f 15 21 26
f 15 26 23
f 16 27 28
f 16 28 29
f 16 29 18
f 16 17 27
f 17 30 27
f 18 29 46
f 18 46 31
f 18 31 19
f 19 31 32
f 19 32 33
f 19 33 20
f 20 33 34
f 20 34 22
f 21 22 35
f 21 35 36
f 21 36 26
f 22 34 37
f 22 37 35
f 23 26 24
f 24 38 25
f 24 26 39
f 24 39 38
f 25 38 40
f 26 36 41
f 26 41 39
f 27 30 42
f 27 42 28
f 28 42 43
f 28 43 44
f 28 44 45
f 28 45 46
f 28 46 29
f 30 47 42
f 31 46 48
f 31 48 32
f 32 48 49
f 32 49 50
f 32 50 33
f 33 50 51
f 33 51 34
f 34 51 52
f 34 52 37
f 35 37 36
f 36 37 53
f 36 53 54
f 36 54 41
f 37 52 55
f 37 55 56
f 37 56 57
f 37 57 53
f 38 58 59
f 38 59 40
f 38 39 60
f 38 60 58
f 39 41 60
f 40 59 61
f 41 54 62
f 41 62 63
f 41 63 60
f 42 64 65
f 42 65 43
f 42 47 64
f 43 65 44
f 44 65 66
f 44 66 67
f 44 67 68
f 44 68 69
f 44 69 45
f 45 69 46
f 46 69 70
f 46 70 48
f 47 71 72
f 47 72 64
f 48 70 73
f 48 73 74
f 48 74 49
f 49 74 75
f 49 75 76
f 49 76 77
f 49 77 50
f 50 77 51
f 51 77 78
f 51 78 55
f 51 55 52
f 53 57 79
f 53 79 54
f 54 79 62
f 55 78 80
f 55 80 81
f 55 81 56
f 56 81 82
f 56 82 57
f 57 82 79
f 58 60 63
f 58 63 83
f 58 83 84
f 58 84 85
f 58 85 59
f 59 85 86
f 59 86 61
f 61 86 87
f 62 88 89
f 62 89 83
f 62 83 63
f 62 79 90
f 62 90 88
f 64 72 65
f 65 72 91
f 65 91 92
f 65 92 66
f 66 92 67
f 67 92 93
f 67 93 94
f 67 94 95
f 67 95 96
f 67 96 68
f 68 96 69
f 69 96 97
f 69 97 73
f 69 73 70
f 71 98 72
f 72 98 99
f 72 99 100
f 72 100 91
f 73 101 102
f 73 102 74
f 73 97 101
f 74 102 103
f 74 103 104
f 74 104 105
f 74 105 106
f 74 106 75
f 75 106 76
f 76 107 77
f 76 106 105
f 76 105 108
f 76 108 144
f 76 144 109
f 76 109 80
f 76 80 107
f 77 107 78
f 78 107 80
f 79 110 90
f 79 82 111
f 79 111 110
f 80 109 112
f 80 112 113
f 80 113 81
f 81 113 114
f 81 114 82
f 82 114 115
f 82 115 111
f 83 89 84
f 84 89 116
f 84 116 117
f 84 117 118
f 84 118 85
f 85 118 119
f 85 119 120
f 85 120 86
f 86 120 87
f 87 120 121
f 87 121 122
f 88 90 110
f 88 110 123
f 88 123 124
f 88 124 116
f 88 116 89
f 91 125 92
f 91 100 125
f 92 125 93
f 93 125 126
f 93 126 94
f 94 127 128
f 94 128 129
f 94 129 95
f 94 126 130
f 94 130 131
f 94 131 127
f 95 129 96
f 96 129 132
f 96 132 101
f 96 101 97
f 98 133 134
f 98 134 99
f 99 134 135
f 99 135 136
f 99 136 100
f 100 136 125
f 101 132 137
f 101 137 138
f 101 138 139
f 101 139 103
f 101 103 102
f 103 139 140
f 103 140 141
f 103 141 104
f 104 141 105
f 105 141 142
f 105 142 143
f 105 143 144
f 105 144 108
f 109 145 112
f 109 144 145
f 110 146 123
f 110 111 115
f 110 115 147
f 110 147 146
f 112 145 148
f 112 148 113
f 113 148 114
f 114 148 149
f 114 149 150
f 114 150 115
f 115 151 147
f 115 150 151
f 116 124 117
f 117 152 153
f 117 153 154
f 117 154 118
f 117 124 155
f 117 155 152
f 118 154 119
f 119 154 156
f 119 156 121
f 119 121 120
f 121 157 158
f 121 158 159
f 121 159 122
f 121 156 157
f 123 160 161
f 123 161 124
f 123 146 160
f 124 162 155
f 124 161 162
f 125 136 163
f 125 163 164
f 125 164 126
f 126 164 165
f 126 165 130
f 127 166 167
f 127 167 128
f 127 131 168
f 127 168 169
f 127 169 170
f 127 170 166
f 128 167 129
f 129 167 171
f 129 171 137
f 129 137 132
f 130 165 131
f 131 165 168
f 133 172 134
f 134 172 173
f 134 173 174
f 134 174 135
f 135 174 175
f 135 175 136
f 136 175 176
f 136 176 163
f 137 171 138
f 138 177 178
f 138 178 139
f 138 171 179
f 138 179 177
f 139 178 180
f 139 180 140
f 140 180 181
f 140 181 141
f 141 181 142
f 142 181 182
f 142 182 183
f 142 183 143
f 143 184 144
f 143 183 224
f 143 224 184
f 144 184 185
f 144 185 145
f 145 185 186
f 145 186 148
f 146 147 151
f 146 151 187
f 146 187 160
f 148 186 149
f 149 188 150
f 149 186 189
f 149 189 188
f 150 188 190
f 150 190 151
f 151 191 187
f 151 190 191
f 152 192 193
f 152 193 194
f 152 194 153
f 152 155 162
f 152 162 195
f 152 195 192
f 153 194 154
f 154 194 196
f 154 196 157
f 154 157 156
f 157 196 197
f 157 197 158
f 158 197 198
f 158 198 159
f 159 198 199
f 160 200 201
f 160 201 162
f 160 162 161
f 160 187 202
f 160 202 200
f 162 203 195
f 162 201 203
f 163 176 204
f 163 204 164
f 164 204 165
f 165 204 205
f 165 205 206
f 165 206 168
f 166 170 207
f 166 207 208
f 166 208 167
f 167 208 209
f 167 209 179
f 167 179 171
f 168 206 210
f 168 210 169
f 169 210 170
f 170 210 211
f 170 211 207
f 172 212 173
f 173 212 213
f 173 213 174
f 174 213 175
f 175 213 214
f 175 214 215
f 175 215 176
f 176 215 216
f 176 216 204
f 177 179 217
f 177 217 218
f 177 218 219
f 177 219 178
f 178 219 220
f 178 220 221
f 178 221 180
f 179 209 217
f 180 221 181
f 181 221 222
f 181 222 223
f 181 223 182
f 182 224 183
f 182 223 225
f 182 225 226
f 182 226 224
f 184 224 185
f 185 224 227
f 185 227 228
f 185 228 186
f 186 228 189
f 187 191 202
f 188 229 190
f 188 189 230
f 188 230 229
f 189 228 231
f 189 231 232
f 189 232 230
f 190 233 191
f 190 229 233
f 191 233 202
f 192 195 203
f 192 203 234
f 192 234 235
f 192 235 236
f 192 236 237
f 192 237 193
f 193 237 194
f 194 237 238
f 194 238 239
f 194 239 196
f 196 239 197
f 197 239 240
f 197 240 241
f 197 241 242
f 197 242 198
f 198 242 199
f 199 242 243
f 200 202 244
f 200 244 245
f 200 245 246
f 200 246 203
f 200 203 201
f 202 233 247
f 202 247 248
f 202 248 244
f 203 246 249
f 203 249 234
f 204 216 250
f 204 250 205
f 205 250 206
f 206 250 251
f 206 251 210
f 207 211 252
f 207 252 253
f 207 253 254
f 207 254 208
f 208 255 209
f 208 254 255
f 209 256 218
f 209 218 217
f 209 255 256
f 210 251 257
f 210 257 211
f 211 257 296
f 211 296 252
f 212 258 213
f 213 258 259
f 213 259 260
f 213 260 214
f 214 260 261
f 214 261 215
f 215 261 216
f 216 261 262
f 216 262 263
f 216 263 250
f 218 264 265
f 218 265 219
f 218 256 264
f 219 265 220
f 220 265 266
f 220 266 267
f 220 267 268
f 220 268 221
f 221 268 269
f 221 269 222
f 222 269 223
f 223 269 270
f 223 270 271
f 223 271 225
f 224 226 272
f 224 272 273
f 224 273 227
f 225 271 226
f 226 271 272
f 227 273 228
f 228 273 274
f 228 274 231
f 229 230 232
f 229 232 275
f 229 275 233
f 231 276 232
f 231 274 277
f 231 277 276
f 232 276 275
f 233 275 278
f 233 278 279
f 233 279 280
f 233 280 247
f 234 249 281
f 234 281 235
f 235 281 282
f 235 282 283
f 235 283 236
f 236 283 284
f 236 284 237
f 237 284 285
f 237 285 238
f 238 285 239
f 239 285 240
f 240 285 286
f 240 286 287
f 240 287 288
f 240 288 241
f 241 288 289
f 241 289 242
f 242 289 243
f 243 289 290
f 243 290 291
f 244 292 245
f 244 248 292
f 245 292 349
f 245 349 293
f 245 293 246
f 246 293 249
f 247 280 294
f 247 294 248
f 248 294 292
f 249 293 281
f 250 263 251
f 251 263 295
f 251 295 257
f 252 296 253
f 253 297 254
f 253 296 298
f 253 298 299
f 253 299 297
f 254 300 301
f 254 301 255
f 254 297 302
f 254 302 303
f 254 303 300
f 255 301 256
f 256 301 304
f 256 304 305
f 256 305 264
f 257 295 306
f 257 306 296
f 258 307 259
f 259 307 308
f 259 308 309
f 259 309 260
f 260 309 310
f 260 310 261
f 261 310 262
f 262 310 311
f 262 311 263
f 263 311 312
f 263 312 313
f 263 313 295
f 264 305 265
f 265 314 266
f 265 305 314
f 266 315 317
f 266 317 267
f 266 314 315
f 267 316 268
f 267 317 318
f 267 318 316
f 268 316 269
f 269 316 270
f 270 316 319
f 270 319 271
f 271 319 320
f 271 320 321
f 271 321 322
f 271 322 272
f 272 322 323
f 272 323 324
f 272 324 325
f 272 325 273
f 273 325 274
f 274 325 326
f 274 326 277
f 275 276 327
f 275 327 278
f 276 277 328
f 276 328 327
f 277 329 328
f 277 326 330
f 277 330 329
f 278 327 331
f 278 331 279
f 279 332 294
f 279 294 280
f 279 331 333
f 279 333 389
f 279 389 332
f 281 334 335
f 281 335 336
f 281 336 282
f 281 293 334
f 282 336 337
f 282 337 338
f 282 338 283
f 283 338 339
f 283 339 284
f 284 339 340
f 284 340 286
f 284 286 285
f 286 341 342
f 286 342 343
f 286 343 287
f 286 340 341
f 287 343 288
f 288 343 344
f 288 344 289
f 289 344 290
f 290 345 346
f 290 346 291
f 290 344 345
f 291 346 347
f 292 294 348
f 292 348 349
f 293 349 334
f 294 332 350
f 294 350 348
f 295 313 351
f 295 351 306
f 296 306 352
f 296 352 353
f 296 353 298
f 297 299 354
f 297 354 302
f 298 353 355
f 298 355 299
f 299 355 354
f 300 356 357
f 300 357 301
f 300 303 358
f 300 358 356
f 301 357 419
f 301 419 359
f 301 359 304
f 302 354 303
f 303 354 360
f 303 360 358
f 304 359 305
f 305 361 314
f 305 359 361
f 306 351 362
f 306 362 363
f 306 363 352
f 307 364 365
f 307 365 308
f 308 365 309
f 309 365 366
f 309 366 367
f 309 367 310
f 310 367 368
f 310 368 311
f 311 368 369
f 311 369 312
f 312 369 313
f 313 369 370
f 313 370 351
f 314 361 371
f 314 371 315
f 315 371 372
f 315 372 317
f 316 318 319
f 317 372 373
f 317 373 318
f 318 373 374
f 318 374 375
f 318 375 376
f 318 376 319
f 319 376 321
f 319 321 320
f 321 377 323
f 321 323 322
f 321 376 378
f 321 378 379
f 321 379 380
f 321 380 377
f 323 377 324
f 324 377 381
f 324 381 382
f 324 382 326
f 324 326 325
f 326 382 330
f 327 383 331
f 327 328 329
f 327 329 384
f 327 384 385
f 327 385 383
f 329 330 384
f 330 382 386
f 330 386 387
f 330 387 384
f 331 388 333
f 331 383 388
f 332 389 350
f 333 388 453
f 333 453 389
f 334 390 335
f 334 349 391
f 334 391 390
f 335 390 392
f 335 392 393
f 335 393 337
f 335 337 336
f 337 393 394
f 337 394 395
f 337 395 396
f 337 396 338
f 338 396 339
f 339 396 397
f 339 397 341
f 339 341 340
f 341 397 398
f 341 398 399
f 341 399 342
f 342 399 400
f 342 400 401
f 342 401 343
f 343 401 345
f 343 345 344
f 345 401 402
f 345 402 403
f 345 403 404
f 345 404 346
f 346 404 347
f 347 404 405
f 348 350 406
f 348 406 349
f 349 406 407
f 349 407 391
f 350 408 406
f 350 389 409
f 350 409 408
f 351 370 410
f 351 410 411
f 351 411 362
f 352 363 353
f 353 363 412
f 353 412 355
f 354 355 413
f 354 413 360
f 355 412 414
f 355 414 415
f 355 415 413
f 356 416 357
f 356 358 416
f 357 416 417
f 357 417 418
f 357 418 419
f 358 360 420
f 358 420 421
f 358 421 422
f 358 422 416
f 359 419 361
f 360 413 423
f 360 423 420
f 361 419 418
f 361 418 424
f 361 424 371
f 362 411 363
f 363 411 425
f 363 425 426
f 363 426 412
f 364 427 365
f 365 427 428
f 365 428 429
f 365 429 430
f 365 430 366
f 366 430 367
f 367 430 431
f 367 431 368
f 368 431 432
f 368 432 433
f 368 433 369
f 369 433 434
f 369 434 370
f 370 434 475
f 370 475 410
f 371 424 435
f 371 435 436
f 371 436 372
f 372 436 373
f 373 436 374
f 374 436 437
f 374 437 438
f 374 438 439
f 374 439 375
f 375 439 440
f 375 440 376
f 376 440 441
f 376 441 378
f 377 380 442
f 377 442 381
f 378 441 379
f 379 441 443
f 379 443 380
f 380 443 444
f 380 444 442
f 381 442 386
f 381 386 382
f 383 385 445
f 383 445 446
f 383 446 447
f 383 447 448
f 383 448 388
f 384 387 451
f 384 451 449
f 384 449 445
f 384 445 385
f 386 442 450
f 386 450 451
f 386 451 387
f 388 448 452
f 388 452 453
f 389 453 454
f 389 454 455
f 389 455 409
f 390 391 456
f 390 456 392
f 391 407 456
f 392 457 458
f 392 458 459
f 392 459 394
f 392 394 393
f 392 456 460
f 392 460 457
f 394 459 461
f 394 461 462
f 394 462 395
f 395 462 396
f 396 462 463
f 396 463 397
f 397 463 398
f 398 463 464
f 398 464 465
f 398 465 399
f 399 465 400
f 400 465 466
f 400 466 401
f 401 466 402
f 402 466 467
f 402 467 403
f 403 467 468
f 403 468 404
f 404 468 469
f 404 469 405
f 405 469 470
f 406 408 407
f 407 471 472
f 407 472 460
f 407 460 456
f 407 408 471
f 408 409 455
f 408 455 473
f 408 473 474
f 408 474 471
f 410 475 476
f 410 476 411
f 411 476 425
f 412 426 478
f 412 478 414
f 413 415 477
f 413 477 423
f 414 478 479
f 414 479 415
f 415 479 477
f 416 480 481
f 416 481 417
f 416 422 482
f 416 482 483
f 416 483 480
f 417 481 418
f 418 481 484
f 418 484 424
f 420 423 485
f 420 485 421
f 421 486 422
f 421 485 558
f 421 558 486
f 422 486 482
f 423 477 487
f 423 487 485
f 424 488 489
f 424 489 435
f 424 484 488
f 425 476 426
f 426 476 490
f 426 490 478
f 427 491 492
f 427 492 428
f 428 492 429
f 429 492 493
f 429 493 430
f 430 493 494
f 430 494 495
f 430 495 431
f 431 495 496
f 431 496 432
f 432 496 433
f 433 496 497
f 433 497 434
f 434 497 498
f 434 498 499
f 434 499 475
f 435 489 436
f 436 489 437
f 437 500 438
f 437 489 562
f 437 562 500
f 438 501 439
f 438 500 572
f 438 572 501
f 439 502 503
f 439 503 440
f 439 501 573
f 439 573 502
f 440 503 504
f 440 504 441
f 441 504 443
f 442 444 450
f 443 505 506
f 443 506 444
f 443 504 507
f 443 507 508
f 443 508 505
f 444 506 516
f 444 516 450
f 445 449 509
f 445 509 510
f 445 510 446
f 446 510 447
f 447 511 512
f 447 512 452
f 447 452 448
f 447 510 513
f 447 513 511
f 449 514 581
f 449 581 509
f 449 451 515
f 449 515 514
f 450 516 515
f 450 515 451
f 452 454 453
f 452 512 517
f 452 517 454
f 454 517 518
f 454 518 519
f 454 519 473
f 454 473 455
f 457 520 521
f 457 521 458
f 457 460 520
f 458 521 522
f 458 522 523
f 458 523 524
f 458 524 459
f 459 524 461
f 460 472 520
f 461 524 525
f 461 525 526
f 461 526 527
f 461 527 462
f 462 527 463
f 463 527 528
f 463 528 464
f 464 528 529
f 464 529 530
f 464 530 531
f 464 531 465
f 465 531 466
f 466 531 532
f 466 532 467
f 467 532 605
f 467 605 533
f 467 533 534
f 467 534 468
f 468 534 535
f 468 535 469
f 469 535 470
f 470 535 536
f 470 536 537
f 471 474 472
f 472 474 538
f 472 538 539
f 472 539 540
f 472 540 520
f 473 519 474
f 474 519 541
f 474 541 538
f 475 499 476
f 476 499 542
f 476 542 543
f 476 543 544
f 476 544 490
f 477 479 545
f 477 545 546
f 477 546 487
f 478 490 547
f 478 547 548
f 478 548 479
f 479 548 545
f 480 483 549
f 480 549 550
f 480 550 551
f 480 551 552
f 480 552 481
f 481 552 555
f 481 555 484
f 482 486 553
f 482 553 483
f 483 553 554
f 483 554 549
f 484 555 488
f 485 487 556
f 485 556 557
f 485 557 558
f 486 558 553
f 487 546 559
f 487 559 556
f 488 560 639
f 488 639 561
f 488 561 489
f 488 555 628
f 488 628 560
f 489 561 562
f 490 544 547
f 491 563 492
f 492 563 564
f 492 564 493
f 493 564 494
f 494 564 565
f 494 565 566
f 494 566 495
f 495 566 496
f 496 566 567
f 496 567 568
f 496 568 497
f 497 568 569
f 497 569 498
f 498 569 499
f 499 569 570
f 499 570 571
f 499 571 542
f 500 562 572
f 501 572 573
f 502 573 574
f 502 574 575
f 502 575 503
f 503 575 504
f 504 575 576
f 504 576 577
f 504 577 507
f 505 578 516
f 505 516 506
f 505 508 579
f 505 579 578
f 507 577 508
f 508 577 580
f 508 580 579
f 509 581 510
f 510 582 583
f 510 583 513
f 510 581 584
f 510 584 582
f 511 513 583
f 511 583 585
f 511 585 671
f 511 671 586
f 511 586 517
f 511 517 512
f 514 587 581
f 514 515 587
f 515 516 578
f 515 578 588
f 515 588 589
f 515 589 590
f 515 590 587
f 517 586 591
f 517 591 518
f 518 541 519
f 518 591 541
f 520 540 592
f 520 592 521
f 521 592 522
f 522 593 594
f 522 594 595
f 522 595 523
f 522 592 593
f 523 595 596
f 523 596 525
f 523 525 524
f 525 596 597
f 525 597 598
f 525 598 599
f 525 599 526
f 526 599 527
f 527 599 600
f 527 600 529
f 527 529 528
f 529 600 601
f 529 601 602
f 529 602 530
f 530 602 603
f 530 603 531
f 531 603 604
f 531 604 605
f 531 605 532
f 533 605 606
f 533 606 534
f 534 606 607
f 534 607 536
f 534 536 535
f 536 607 608
f 536 608 537
f 537 608 609
f 538 541 610
f 538 610 611
f 538 611 612
f 538 612 539
f 539 612 613
f 539 613 614
f 539 614 592
f 539 592 540
f 541 591 615
f 541 615 610
f 542 571 543
f 543 571 544
f 544 571 616
f 544 616 617
f 544 617 618
f 544 618 547
f 545 548 619
f 545 619 620
f 545 620 546
f 546 620 559
f 547 618 621
f 547 621 622
f 547 622 548
f 548 622 619
f 549 554 623
f 549 623 624
f 549 624 625
f 549 625 626
f 549 626 550
f 550 626 551
f 551 626 627
f 551 627 640
f 551 640 628
f 551 628 555
f 551 555 552
f 553 558 629
f 553 629 630
f 553 630 554
f 554 630 631
f 554 631 623
f 556 559 557
f 557 632 558
f 557 559 633
f 557 633 634
f 557 634 632
f 558 632 629
f 559 620 635
f 559 635 636
f 559 636 633
f 560 637 638
f 560 638 639
f 560 628 640
f 560 640 637
f 561 639 641
f 561 641 562
f 562 641 642
f 562 642 572
f 563 643 644
f 563 644 564
f 564 644 645
f 564 645 565
f 565 645 566
f 566 645 646
f 566 646 647
f 566 647 567
f 567 647 648
f 567 648 568
f 568 648 569
f 569 648 649
f 569 649 650
f 569 650 570
f 570 650 571
f 571 650 651
f 571 651 652
f 571 652 616
f 572 653 573
f 572 642 654
f 572 654 653
f 573 655 574
f 573 653 655
f 574 656 657
f 574 657 575
f 574 655 656
f 575 657 658
f 575 658 576
f 576 658 659
f 576 659 577
f 577 659 580
f 578 579 588
f 579 580 660
f 579 660 661
f 579 661 588
f 580 659 662
f 580 662 663
f 580 663 660
f 581 664 584
f 581 587 590
f 581 590 665
f 581 665 664
f 582 584 664
f 582 664 666
f 582 666 667
f 582 667 668
f 582 668 669
f 582 669 585
f 582 585 583
f 585 669 670
f 585 670 671
f 586 671 591
f 588 661 589
f 589 672 673
f 589 673 674
f 589 674 590
f 589 661 672
f 590 675 665
f 590 674 675
f 591 671 676
f 591 676 615
f 592 614 593
f 593 677 678
f 593 678 594
f 593 614 613
f 593 613 677
f 594 678 679
f 594 679 680
f 594 680 681
f 594 681 595
f 595 681 597
f 595 597 596
f 597 681 766
f 597 766 682
f 597 682 683
f 597 683 598
f 598 683 684
f 598 684 599
f 599 684 600
f 600 684 601
f 601 684 685
f 601 685 686
f 601 686 602
f 602 686 687
f 602 687 603
f 603 687 688
f 603 688 604
f 604 688 689
f 604 689 605
f 605 689 606
f 606 689 690
f 606 690 691
f 606 691 692
f 606 692 607
f 607 692 608
f 608 692 778
f 608 778 693
f 608 693 609
f 609 693 694
f 610 615 695
f 610 695 611
f 611 696 697
f 611 697 613
f 611 613 612
f 611 695 698
f 611 698 696
f 613 697 677
f 615 699 700
f 615 700 695
f 615 676 699
f 616 652 617
f 617 652 701
f 617 701 702
f 617 702 703
f 617 703 618
f 618 703 621
f 619 622 620
f 620 622 704
f 620 704 705
f 620 705 635
f 621 703 622
f 622 703 706
f 622 706 704
f 623 631 624
f 624 631 707
f 624 707 708
f 624 708 709
f 624 709 625
f 625 709 626
f 626 710 711
f 626 711 627
f 626 709 712
f 626 712 710
f 627 711 640
f 629 632 630
f 630 632 631
f 631 632 713
f 631 713 714
f 631 714 707
f 632 634 715
f 632 715 713
f 633 636 634
f 634 636 715
f 635 705 636
f 636 705 716
f 636 716 717
f 636 717 718
f 636 718 719
f 636 719 715
f 637 640 720
f 637 720 721
f 637 721 722
f 637 722 723
f 637 723 638
f 638 723 724
f 638 724 641
f 638 641 639
f 640 711 720
f 641 724 654
f 641 654 642
f 643 725 726
f 643 726 644
f 644 726 727
f 644 727 645
f 645 727 728
f 645 728 729
f 645 729 646
f 646 729 647
f 647 729 730
f 647 730 731
f 647 731 648
f 648 731 649
f 649 731 732
f 649 732 650
f 650 732 733
f 650 733 734
f 650 734 651
f 651 734 652
f 652 734 735
f 652 735 736
f 652 736 701
f 653 654 737
f 653 737 738
f 653 738 739
f 653 739 740
f 653 740 655
f 654 724 737
f 655 740 741
f 655 741 656
f 656 741 657
f 657 742 743
f 657 743 658
f 657 741 742
f 658 743 659
f 659 743 662
f 660 663 661
f 661 663 744
f 661 744 745
f 661 745 672
f 662 743 746
f 662 746 747
f 662 747 748
f 662 748 663
f 663 748 749
f 663 749 750
f 663 750 744
f 664 665 675
f 664 675 666
f 666 675 751
f 666 751 752
f 666 752 753
f 666 753 667
f 667 753 754
f 667 754 668
f 668 754 854
f 668 854 755
f 668 755 669
f 669 755 670
f 670 755 756
f 670 756 676
f 670 676 671
f 672 745 757
f 672 757 673
f 673 757 758
f 673 758 674
f 674 758 675
f 675 759 751
f 675 758 759
f 676 756 699
f 677 760 761
f 677 761 678
f 677 697 760
f 678 761 762
f 678 762 679
f 679 762 763
f 679 763 764
f 679 764 680
f 680 764 765
f 680 765 766
f 680 766 681
f 682 766 767
f 682 767 768
f 682 768 683
f 683 768 684
f 684 768 769
f 684 769 685
f 685 769 770
f 685 770 771
f 685 771 772
f 685 772 686
f 686 772 773
f 686 773 687
f 687 773 774
f 687 774 688
f 688 774 689
f 689 774 690
f 690 774 775
f 690 775 776
f 690 776 777
f 690 777 691
f 691 777 778
f 691 778 692
f 693 778 779
f 693 779 694
f 694 779 780
f 695 700 781
f 695 781 698
f 696 698 781
f 696 781 782
f 696 782 881
f 696 881 783
f 696 783 760
f 696 760 697
f 699 784 785
f 699 785 786
f 699 786 700
f 699 756 856
f 699 856 784
f 700 786 787
f 700 787 781
f 701 736 702
f 702 736 788
f 702 788 789
f 702 789 790
f 702 790 706
f 702 706 703
f 704 706 791
f 704 791 705
f 705 791 792
f 705 792 793
f 705 793 716
f 706 790 794
f 706 794 791
f 707 714 795
f 707 795 708
f 708 795 796
f 708 796 797
f 708 797 798
f 708 798 799
f 708 799 712
f 708 712 709
f 710 712 799
f 710 799 800
f 710 800 901
f 710 901 801
f 710 801 711
f 711 801 720
f 713 715 802
f 713 802 803
f 713 803 714
f 714 804 795
f 714 803 805
f 714 805 806
f 714 806 807
f 714 807 804
f 715 719 808
f 715 808 802
f 716 793 717
f 717 793 809
f 717 809 810
f 717 810 718
f 718 810 811
f 718 811 812
f 718 812 808
f 718 808 719
f 720 813 814
f 720 814 721
f 720 801 815
f 720 815 813
f 721 814 722
f 722 814 816
f 722 816 817
f 722 817 818
f 722 818 724
f 722 724 723
f 724 818 737
f 725 819 726
f 726 819 727
f 727 819 820
f 727 820 821
f 727 821 728
f 728 821 729
f 729 821 822
f 729 822 823
f 729 823 730
f 730 823 731
f 731 823 824
f 731 824 825
f 731 825 732
f 732 825 733
f 733 825 826
f 733 826 734
f 734 826 827
f 734 827 828
f 734 828 829
f 734 829 735
f 735 829 736
f 736 829 830
f 736 830 831
f 736 831 788
f 737 832 918
f 737 918 833
f 737 833 738
f 737 818 832
f 738 833 834
f 738 834 739
f 739 834 740
f 740 834 835
f 740 835 836
f 740 836 837
f 740 837 741
f 741 837 838
f 741 838 742
f 742 838 839
f 742 839 840
f 742 840 746
f 742 746 743
f 744 750 841
f 744 841 745
f 745 841 842
f 745 842 757
f 746 843 747
f 746 840 844
f 746 844 843
f 747 843 845
f 747 845 748
f 748 845 846
f 748 846 749
f 749 846 847
f 749 847 848
f 749 848 750
f 750 848 849
f 750 849 841
f 751 759 850
f 751 850 851
f 751 851 752
f 752 851 852
f 752 852 753
f 753 852 754
f 754 852 853
f 754 853 854
f 755 854 855
f 755 855 856
f 755 856 756
f 757 857 758
f 757 842 857
f 758 850 759
f 758 857 850
f 760 783 761
f 761 858 959
f 761 959 859
f 761 859 860
f 761 860 762
f 761 783 858
f 762 860 861
f 762 861 763
f 763 861 862
f 763 862 863
f 763 863 764
f 764 863 765
f 765 863 767
f 765 767 766
f 767 863 864
f 767 864 865
f 767 865 866
f 767 866 768
f 768 866 867
f 768 867 770
f 768 770 769
f 770 867 868
f 770 868 869
f 770 869 771
f 771 869 772
f 772 869 870
f 772 870 773
f 773 870 871
f 773 871 774
f 774 871 775
f 775 871 872
f 775 872 776
f 776 872 873
f 776 873 874
f 776 874 777
f 777 874 778
f 778 874 875
f 778 875 779
f 779 875 876
f 779 876 877
f 779 877 780
f 780 877 878
f 781 787 879
f 781 879 782
f 782 879 880
f 782 880 881
f 783 881 882
f 783 882 858
f 784 883 884
f 784 884 785
f 784 856 855
f 784 855 883
f 785 884 989
f 785 989 885
f 785 885 787
f 785 787 786
f 787 885 879
f 788 831 789
f 789 831 886
f 789 886 887
f 789 887 888
f 789 888 794
f 789 794 790
f 791 794 889
f 791 889 792
f 792 889 890
f 792 890 793
f 793 890 891
f 793 891 809
f 794 888 889
f 795 804 892
f 795 892 796
f 796 892 893
f 796 893 894
f 796 894 895
f 796 895 896
f 796 896 797
f 797 896 897
f 797 897 798
f 798 897 898
f 798 898 899
f 798 899 800
f 798 800 799
f 800 899 900
f 800 900 901
f 801 901 815
f 802 808 803
f 803 808 902
f 803 902 903
f 803 903 805
f 804 807 892
f 805 903 904
f 805 904 806
f 806 904 807
f 807 904 905
f 807 905 906
f 807 906 892
f 808 812 902
f 809 891 810
f 810 891 907
f 810 907 908
f 810 908 811
f 811 908 909
f 811 909 812
f 812 910 903
f 812 903 902
f 812 909 911
f 812 911 910
f 813 912 814
f 813 815 912
f 814 912 816
f 815 901 900
f 815 900 913
f 815 913 914
f 815 914 1011
f 815 1011 912
f 816 912 915
f 816 915 817
f 817 916 917
f 817 917 918
f 817 918 832
f 817 832 818
f 817 915 916
f 819 919 920
f 819 920 820
f 820 920 921
f 820 921 922
f 820 922 821
f 821 922 822
f 822 922 923
f 822 923 924
f 822 924 823
f 823 924 925
f 823 925 824
f 824 925 926
f 824 926 825
f 825 926 927
f 825 927 826
f 826 927 827
f 827 927 928
f 827 928 929
f 827 929 828
f 828 929 829
f 829 929 930
f 829 930 830
f 830 930 931
f 830 931 831
f 831 931 932
f 831 932 886
f 833 918 835
f 833 835 834
f 835 918 917
f 835 917 933
f 835 933 836
f 836 934 935
f 836 935 936
f 836 936 937
f 836 937 838
f 836 838 837
f 836 933 1016
f 836 1016 1035
f 836 1035 934
f 838 937 938
f 838 938 839
f 839 938 939
f 839 939 840
f 840 939 844
f 841 849 842
f 842 849 940
f 842 940 857
f 843 941 942
f 843 942 943
f 843 943 846
f 843 846 845
f 843 844 941
f 844 939 944
f 844 944 941
f 846 943 945
f 846 945 847
f 847 946 947
f 847 947 849
f 847 849 848
f 847 945 948
f 847 948 946
f 849 949 940
f 849 947 949
f 850 857 950
f 850 950 851
f 851 951 952
f 851 952 852
f 851 950 951
f 852 952 953
f 852 953 853
f 853 953 854
f 854 954 955
f 854 955 855
f 854 953 956
f 854 956 954
f 855 955 883
f 857 940 949
f 857 949 957
f 857 957 958
f 857 958 950
f 858 882 959
f 859 959 960
f 859 960 861
f 859 861 860
f 861 960 961
f 861 961 962
f 861 962 862
f 862 962 1066
f 862 1066 963
f 862 963 964
f 862 964 863
f 863 964 864
f 864 964 965
f 864 965 966
f 864 966 865
f 865 966 967
f 865 967 968
f 865 968 969
f 865 969 866
f 866 969 867
f 867 969 868
f 868 969 970
f 868 970 971
f 868 971 972
f 868 972 869
f 869 972 870
f 870 972 973
f 870 973 974
f 870 974 871
f 871 974 975
f 871 975 873
f 871 873 872
f 873 975 976
f 873 976 977
f 873 977 978
f 873 978 979
f 873 979 874
f 874 979 875
f 875 979 980
f 875 980 876
f 876 980 981
f 876 981 877
f 877 981 982
f 877 982 878
f 878 982 1086
f 878 1086 983
f 879 984 985
f 879 985 880
f 879 885 984
f 880 986 882
f 880 882 881
f 880 985 986
f 882 986 959
f 883 987 1094
f 883 1094 988
f 883 988 884
f 883 955 954
f 883 954 987
f 884 988 1092
f 884 1092 989
f 885 989 984
f 886 932 990
f 886 990 887
f 887 990 991
f 887 991 888
f 888 991 992
f 888 992 889
f 889 992 993
f 889 993 890
f 890 993 994
f 890 994 891
f 891 994 907
f 892 995 893
f 892 906 996
f 892 996 995
f 893 995 996
f 893 996 997
f 893 997 894
f 894 896 895
f 894 997 896
f 896 997 998
f 896 998 999
f 896 999 1000
f 896 1000 897
f 897 1000 898
f 898 1000 1001
f 898 1001 1002
f 898 1002 1003
f 898 1003 899
f 899 1003 900
f 900 1003 913
f 903 910 1005
f 903 1005 904
f 904 1004 905
f 904 1005 1006
f 904 1006 1004
f 905 1004 1007
f 905 1007 906
f 906 1007 996
f 907 994 908
f 908 1008 911
f 908 911 909
f 908 994 1009
f 908 1009 1008
f 910 911 1005
f 911 1008 1120
f 911 1120 1010
f 911 1010 1005
f 912 1011 915
f 913 1012 1013
f 913 1013 1014
f 913 1014 914
f 913 1003 1002
f 913 1002 1012
f 914 1014 1011
f 915 1011 916
f 916 1015 1016
f 916 1016 917
f 916 1011 1017
f 916 1017 1015
f 917 1016 933
f 919 1018 920
f 919 1019 1018
f 920 1018 921
f 921 1018 1020
f 921 1020 1021
f 921 1021 922
f 922 1021 1022
f 922 1022 923
f 923 1022 1023
f 923 1023 1024
f 923 1024 924
f 924 1024 925
f 925 1024 1025
f 925 1025 1026
f 925 1026 926
f 926 1026 927
f 927 1026 1027
f 927 1027 1028
f 927 1028 928
f 928 1028 1029
f 928 1029 1030
f 928 1030 929
f 929 1030 930
f 930 1030 1029
f 930 1029 1031
f 930 1031 1032
f 930 1032 931
f 931 1032 1033
f 931 1033 932
f 932 1033 1034
f 932 1034 990
f 934 1035 935
f 935 1036 936
f 935 1035 1037
f 935 1037 1036
f 936 1036 1038
f 936 1038 938
f 936 938 937
f 938 1038 939
f 939 1038 1039
f 939 1039 1040
f 939 1040 944
f 941 944 1040
f 941 1040 942
f 942 1040 1041
f 942 1041 1042
f 942 1042 943
f 943 1042 945
f 945 1042 1043
f 945 1043 948
f 946 948 1044
f 946 1044 1045
f 946 1045 1046
f 946 1046 1047
f 946 1047 949
f 946 949 1048
f 946 1048 947
f 947 1048 949
f 948 1043 1049
f 948 1049 1050
f 948 1050 1044
f 949 1047 1158
f 949 1158 1051
f 949 1051 1052
f 949 1052 957
f 950 958 951
f 951 1053 952
f 951 958 1053
f 952 1054 1055
f 952 1055 1056
f 952 1056 953
f 952 1053 1054
f 953 1056 1057
f 953 1057 956
f 954 956 1057
f 954 1057 1058
f 954 1058 1059
f 954 1059 987
f 957 1051 958
f 957 1052 1051
f 958 1060 1053
f 958 1051 1060
f 959 1061 1062
f 959 1062 1063
f 959 1063 960
f 959 986 1061
f 960 1063 1064
f 960 1064 961
f 961 1064 1065
f 961 1065 962
f 962 1065 1066
f 963 1066 1067
f 963 1067 1068
f 963 1068 965
f 963 965 964
f 965 1068 1069
f 965 1069 1070
f 965 1070 966
f 966 1070 1071
f 966 1071 1072
f 966 1072 967
f 967 1072 968
f 968 1072 970
f 968 970 969
f 970 1072 1073
f 970 1073 1074
f 970 1074 1075
f 970 1075 971
f 971 1075 1076
f 971 1076 1077
f 971 1077 972
f 972 1077 973
f 973 1077 1078
f 973 1078 976
f 973 976 975
f 973 975 974
f 976 1078 1079
f 976 1079 1080
f 976 1080 977
f 977 1080 1081
f 977 1081 978
f 978 980 979
f 978 1081 1082
f 978 1082 980
f 980 1082 1083
f 980 1083 981
f 981 1083 1084
f 981 1084 982
f 982 1084 1085
f 982 1085 1196
f 982 1196 1086
f 983 1087 1088
f 983 1088 1019
f 983 1086 1089
f 983 1089 1087
f 984 1090 1201
f 984 1201 1091
f 984 1091 985
f 984 989 1092
f 984 1092 1090
f 985 1091 1203
f 985 1203 1093
f 985 1093 986
f 986 1093 1061
f 987 1059 1094
f 988 1094 1092
f 990 1034 1095
f 990 1095 1096
f 990 1096 1097
f 990 1097 991
f 991 1098 993
f 991 993 992
f 991 1097 1098
f 993 1098 1099
f 993 1099 994
f 994 1099 1100
f 994 1100 1101
f 994 1101 1009
f 996 1102 1103
f 996 1103 997
f 996 1007 1104
f 996 1104 1102
f 997 1103 1105
f 997 1105 1106
f 997 1106 998
f 998 1107 999
f 998 1106 1107
f 999 1108 1109
f 999 1109 1001
f 999 1001 1000
f 999 1107 1108
f 1001 1109 1002
f 1002 1110 1012
f 1002 1109 1111
f 1002 1111 1110
f 1004 1006 1112
f 1004 1112 1113
f 1004 1113 1007
f 1005 1114 1006
f 1005 1010 1115
f 1005 1115 1116
f 1005 1116 1114
f 1006 1114 1116
f 1006 1116 1117
f 1006 1117 1118
f 1006 1118 1112
f 1007 1113 1119
f 1007 1119 1104
f 1008 1009 1121
f 1008 1121 1122
f 1008 1122 1120
f 1009 1101 1100
f 1009 1100 1123
f 1009 1123 1124
f 1009 1124 1125
f 1009 1125 1121
f 1010 1120 1126
f 1010 1126 1115
f 1011 1014 1127
f 1011 1127 1128
f 1011 1128 1129
f 1011 1129 1017
f 1012 1110 1130
f 1012 1130 1131
f 1012 1131 1013
f 1013 1131 1128
f 1013 1128 1127
f 1013 1127 1014
f 1015 1017 1132
f 1015 1132 1133
f 1015 1133 1149
f 1015 1149 1037
f 1015 1037 1016
f 1016 1037 1035
f 1017 1129 1132
f 1018 1019 1088
f 1018 1088 1020
f 1020 1088 1134
f 1020 1134 1022
f 1020 1022 1021
f 1022 1134 1135
f 1022 1135 1136
f 1022 1136 1137
f 1022 1137 1023
f 1023 1137 1024
f 1024 1137 1138
f 1024 1138 1025
f 1025 1138 1139
f 1025 1139 1026
f 1026 1139 1140
f 1026 1140 1141
f 1026 1141 1027
f 1027 1141 1028
f 1028 1141 1142
f 1028 1142 1029
f 1029 1142 1031
f 1031 1142 1143
f 1031 1143 1144
f 1031 1144 1032
f 1032 1144 1145
f 1032 1145 1033
f 1033 1145 1034
f 1034 1145 1146
f 1034 1146 1147
f 1034 1147 1095
f 1036 1037 1148
f 1036 1148 1038
f 1037 1149 1148
f 1038 1150 1151
f 1038 1151 1039
f 1038 1148 1150
f 1039 1151 1040
f 1040 1151 1150
f 1040 1150 1152
f 1040 1152 1041
f 1041 1153 1154
f 1041 1154 1155
f 1041 1155 1042
f 1041 1152 1153
f 1042 1155 1043
f 1043 1155 1049
f 1044 1050 1045
f 1045 1156 1157
f 1045 1157 1046
f 1045 1050 1156
f 1046 1157 1158
f 1046 1158 1047
f 1049 1159 1160
f 1049 1160 1161
f 1049 1161 1050
f 1049 1155 1154
f 1049 1154 1159
f 1050 1161 1162
f 1050 1162 1163
f 1050 1163 1156
f 1051 1158 1053
f 1051 1053 1060
f 1053 1164 1165
f 1053 1165 1055
f 1053 1055 1054
f 1053 1158 1166
f 1053 1166 1164
f 1055 1167 1168
f 1055 1168 1169
f 1055 1169 1170
f 1055 1170 1056
f 1055 1165 1167
f 1056 1170 1057
f 1057 1170 1171
f 1057 1171 1058
f 1058 1171 1172
f 1058 1172 1059
f 1059 1173 1174
f 1059 1174 1175
f 1059 1175 1094
f 1059 1172 1173
f 1061 1093 1176
f 1061 1176 1062
f 1062 1176 1177
f 1062 1177 1178
f 1062 1178 1179
f 1062 1179 1064
f 1062 1064 1063
f 1064 1179 1180
f 1064 1180 1181
f 1064 1181 1065
f 1065 1181 1182
f 1065 1182 1183
f 1065 1183 1067
f 1065 1067 1066
f 1067 1183 1184
f 1067 1184 1069
f 1067 1069 1068
f 1069 1184 1185
f 1069 1185 1186
f 1069 1186 1070
f 1070 1186 1187
f 1070 1187 1071
f 1071 1187 1072
f 1072 1187 1073
f 1073 1187 1188
f 1073 1188 1189
f 1073 1189 1074
f 1074 1189 1075
f 1075 1189 1190
f 1075 1190 1076
f 1076 1078 1077
f 1076 1190 1078
f 1078 1190 1191
f 1078 1191 1079
f 1079 1191 1192
f 1079 1192 1193
f 1079 1193 1080
f 1080 1193 1194
f 1080 1194 1081
f 1081 1194 1195
f 1081 1195 1082
f 1082 1195 1083
f 1083 1195 1084
f 1084 1195 1194
f 1084 1194 1193
f 1084 1193 1192
f 1084 1192 1307
f 1084 1307 1306
f 1084 1306 1305
f 1084 1305 1304
f 1084 1304 1412
f 1084 1412 1411
f 1084 1411 1410
f 1084 1410 1409
f 1084 1409 1408
f 1084 1408 1407
f 1084 1407 1506
f 1084 1506 1604
f 1084 1604 1691
f 1084 1691 1790
f 1084 1790 1789
f 1084 1789 1899
f 1084 1899 1898
f 1084 1898 2005
f 1084 2005 1894
f 1084 1894 2004
f 1084 2004 2003
f 1084 2003 2089
f 1084 2089 2088
f 1084 2088 2169
f 1084 2169 2253
f 1084 2253 2252
f 1084 2252 2251
f 1084 2251 2318
f 1084 2318 2380
f 1084 2380 2379
f 1084 2379 2378
f 1084 2378 2377
f 1084 2377 2376
f 1084 2376 2437
f 1084 2437 2436
f 1084 2436 2499
f 1084 2499 2498
f 1084 2498 2497
f 1084 2497 2545
f 1084 2545 2544
f 1084 2544 2588
f 1084 2588 2587
f 1084 2587 2586
f 1084 2586 2624
f 1084 2624 2623
f 1084 2623 2658
f 1084 2658 2692
f 1084 2692 2691
f 1084 2691 2690
f 1084 2690 2689
f 1084 2689 2702
f 1084 2702 2706
f 1084 2706 2703
f 1084 2703 2695
f 1084 2695 2672
f 1084 2672 2641
f 1084 2641 2640
f 1084 2640 2667
f 1084 2667 2666
f 1084 2666 2664
f 1084 2664 2633
f 1084 2633 2632
f 1084 2632 2631
f 1084 2631 2626
f 1084 2626 2590
f 1084 2590 2549
f 1084 2549 2504
f 1084 2504 2443
f 1084 2443 2388
f 1084 2388 2387
f 1084 2387 2328
f 1084 2328 2327
f 1084 2327 2319
f 1084 2319 2263
f 1084 2263 2262
f 1084 2262 2261
f 1084 2261 2260
f 1084 2260 2259
f 1084 2259 2204
f 1084 2204 2203
f 1084 2203 2201
f 1084 2201 2200
f 1084 2200 2199
f 1084 2199 2198
f 1084 2198 2119
f 1084 2119 2118
f 1084 2118 2044
f 1084 2044 2043
f 1084 2043 1940
f 1084 1940 1939
f 1084 1939 1936
f 1084 1936 1934
f 1084 1934 1832
f 1084 1832 1733
f 1084 1733 1693
f 1084 1693 1692
f 1084 1692 1605
f 1084 1605 1510
f 1084 1510 1509
f 1084 1509 1417
f 1084 1417 1416
f 1084 1416 1364
f 1084 1364 1363
f 1084 1363 1362
f 1084 1362 1361
f 1084 1361 1360
f 1084 1360 1359
f 1084 1359 1358
f 1084 1358 1357
f 1084 1357 1356
f 1084 1356 1355
f 1084 1355 1354
f 1084 1354 1308
f 1084 1308 1198
f 1084 1198 1197
f 1084 1197 1196
f 1084 1196 1085
f 1086 1196 1197
f 1086 1197 1089
f 1087 1134 1088
f 1087 1089 1134
f 1089 1197 1198
f 1089 1198 1199
f 1089 1199 1134
f 1090 1200 1311
f 1090 1311 1201
f 1090 1092 1200
f 1091 1201 1202
f 1091 1202 1203
f 1092 1204 1205
f 1092 1205 1200
f 1092 1094 1204
f 1093 1203 1176
f 1094 1175 1204
f 1095 1147 1206
f 1095 1206 1207
f 1095 1207 1096
f 1096 1207 1208
f 1096 1208 1097
f 1097 1208 1209
f 1097 1209 1099
f 1097 1099 1098
f 1099 1209 1100
f 1100 1209 1210
f 1100 1210 1211
f 1100 1211 1123
f 1102 1104 1212
f 1102 1212 1213
f 1102 1213 1214
f 1102 1214 1215
f 1102 1215 1105
f 1102 1105 1103
f 1104 1119 1112
f 1104 1112 1216
f 1104 1216 1217
f 1104 1217 1218
f 1104 1218 1212
f 1105 1215 1106
f 1106 1215 1219
f 1106 1219 1107
f 1107 1219 1220
f 1107 1220 1221
f 1107 1221 1222
f 1107 1222 1108
f 1108 1222 1223
f 1108 1223 1111
f 1108 1111 1109
f 1110 1224 1225
f 1110 1225 1130
f 1110 1111 1223
f 1110 1223 1224
f 1112 1119 1113
f 1112 1118 1216
f 1115 1126 1116
f 1116 1126 1117
f 1117 1226 1118
f 1117 1126 1227
f 1117 1227 1226
f 1118 1226 1326
f 1118 1326 1216
f 1120 1228 1126
f 1120 1122 1228
f 1121 1125 1124
f 1121 1124 1229
f 1121 1229 1230
f 1121 1230 1122
f 1122 1231 1232
f 1122 1232 1228
f 1122 1230 1233
f 1122 1233 1231
f 1123 1211 1234
f 1123 1234 1124
f 1124 1234 1235
f 1124 1235 1229
f 1126 1228 1236
f 1126 1236 1237
f 1126 1237 1227
f 1128 1131 1238
f 1128 1238 1129
f 1129 1238 1132
f 1130 1225 1131
f 1131 1225 1239
f 1131 1239 1238
f 1132 1238 1240
f 1132 1240 1241
f 1132 1241 1133
f 1133 1241 1149
f 1134 1199 1135
f 1135 1199 1136
f 1136 1199 1242
f 1136 1242 1137
f 1137 1242 1243
f 1137 1243 1138
f 1138 1243 1139
f 1139 1243 1244
f 1139 1244 1140
f 1140 1244 1141
f 1141 1244 1245
f 1141 1245 1246
f 1141 1246 1142
f 1142 1246 1247
f 1142 1247 1143
f 1143 1247 1144
f 1144 1247 1248
f 1144 1248 1145
f 1145 1248 1249
f 1145 1249 1250
f 1145 1250 1146
f 1146 1250 1251
f 1146 1251 1252
f 1146 1252 1147
f 1147 1252 1206
f 1148 1253 1254
f 1148 1254 1150
f 1148 1149 1255
f 1148 1255 1256
f 1148 1256 1257
f 1148 1257 1253
f 1149 1241 1255
f 1150 1254 1253
f 1150 1253 1258
f 1150 1258 1259
f 1150 1259 1152
f 1152 1259 1260
f 1152 1260 1153
f 1153 1260 1154
f 1154 1260 1159
f 1156 1163 1261
f 1156 1261 1262
f 1156 1262 1157
f 1157 1262 1263
f 1157 1263 1264
f 1157 1264 1158
f 1158 1264 1166
f 1159 1260 1265
f 1159 1265 1266
f 1159 1266 1267
f 1159 1267 1160
f 1160 1267 1268
f 1160 1268 1161
f 1161 1268 1269
f 1161 1269 1162
f 1162 1269 1163
f 1163 1269 1270
f 1163 1270 1271
f 1163 1271 1261
f 1164 1166 1264
f 1164 1264 1272
f 1164 1272 1273
f 1164 1273 1275
f 1164 1275 1274
f 1164 1274 1167
f 1164 1167 1165
f 1167 1274 1168
f 1168 1274 1275
f 1168 1275 1276
f 1168 1276 1277
f 1168 1277 1169
f 1169 1277 1278
f 1169 1278 1279
f 1169 1279 1280
f 1169 1280 1281
f 1169 1281 1170
f 1170 1281 1282
f 1170 1282 1171
f 1171 1282 1172
f 1172 1282 1283
f 1172 1283 1284
f 1172 1284 1173
f 1173 1284 1174
f 1174 1284 1285
f 1174 1285 1286
f 1174 1286 1287
f 1174 1287 1175
f 1175 1287 1288
f 1175 1288 1204
f 1176 1289 1290
f 1176 1290 1177
f 1176 1203 1202
f 1176 1202 1291
f 1176 1291 1289
f 1177 1290 1292
f 1177 1292 1293
f 1177 1293 1178
f 1178 1293 1294
f 1178 1294 1295
f 1178 1295 1180
f 1178 1180 1179
f 1180 1295 1296
f 1180 1296 1297
f 1180 1297 1182
f 1180 1182 1181
f 1182 1297 1403
f 1182 1403 1298
f 1182 1298 1183
f 1183 1298 1184
f 1184 1298 1299
f 1184 1299 1185
f 1185 1299 1300
f 1185 1300 1301
f 1185 1301 1186
f 1186 1301 1302
f 1186 1302 1187
f 1187 1302 1303
f 1187 1303 1188
f 1188 1303 1304
f 1188 1304 1305
f 1188 1305 1306
f 1188 1306 1189
f 1189 1306 1307
f 1189 1307 1190
f 1190 1307 1192
f 1190 1192 1191
f 1198 1308 1242
f 1198 1242 1199
f 1200 1309 1310
f 1200 1310 1311
f 1200 1205 1204
f 1200 1204 1309
f 1201 1311 1291
f 1201 1291 1202
f 1204 1288 1394
f 1204 1394 1309
f 1206 1312 1207
f 1206 1252 1313
f 1206 1313 1312
f 1207 1312 1208
f 1208 1312 1314
f 1208 1314 1315
f 1208 1315 1316
f 1208 1316 1317
f 1208 1317 1209
f 1209 1317 1316
f 1209 1316 1210
f 1210 1316 1318
f 1210 1318 1211
f 1211 1318 1319
f 1211 1319 1320
f 1211 1320 1234
f 1212 1218 1213
f 1213 1218 1321
f 1213 1321 1322
f 1213 1322 1323
f 1213 1323 1214
f 1214 1323 1215
f 1215 1324 1220
f 1215 1220 1219
f 1215 1323 1325
f 1215 1325 1324
f 1216 1326 1327
f 1216 1327 1217
f 1217 1327 1328
f 1217 1328 1218
f 1218 1328 1329
f 1218 1329 1321
f 1220 1324 1221
f 1221 1324 1330
f 1221 1330 1331
f 1221 1331 1222
f 1222 1331 1223
f 1223 1331 1332
f 1223 1332 1224
f 1224 1333 1334
f 1224 1334 1225
f 1224 1332 1335
f 1224 1335 1333
f 1225 1334 1239
f 1226 1227 1336
f 1226 1336 1326
f 1227 1237 1337
f 1227 1337 1336
f 1228 1232 1236
f 1229 1235 1230
f 1230 1235 1338
f 1230 1338 1233
f 1231 1339 1232
f 1231 1233 1339
f 1232 1339 1340
f 1232 1340 1236
f 1233 1341 1342
f 1233 1342 1343
f 1233 1343 1339
f 1233 1338 1344
f 1233 1344 1345
f 1233 1345 1346
f 1233 1346 1347
f 1233 1347 1341
f 1234 1320 1348
f 1234 1348 1235
f 1235 1348 1349
f 1235 1349 1338
f 1236 1340 1237
f 1237 1340 1337
f 1238 1239 1350
f 1238 1350 1240
f 1239 1334 1351
f 1239 1351 1350
f 1240 1350 1351
f 1240 1351 1352
f 1240 1352 1353
f 1240 1353 1241
f 1241 1353 1256
f 1241 1256 1255
f 1242 1308 1243
f 1243 1308 1354
f 1243 1354 1355
f 1243 1355 1244
f 1244 1355 1356
f 1244 1356 1357
f 1244 1357 1245
f 1245 1357 1358
f 1245 1358 1246
f 1246 1358 1359
f 1246 1359 1247
f 1247 1359 1360
f 1247 1360 1248
f 1248 1360 1361
f 1248 1361 1249
f 1249 1361 1362
f 1249 1362 1250
f 1250 1362 1363
f 1250 1363 1251
f 1251 1363 1364
f 1251 1364 1252
f 1252 1364 1416
f 1252 1416 1313
f 1253 1365 1258
f 1253 1257 1366
f 1253 1366 1365
f 1256 1366 1257
f 1256 1353 1367
f 1256 1367 1366
f 1258 1365 1368
f 1258 1368 1259
f 1259 1265 1260
f 1259 1368 1369
f 1259 1369 1370
f 1259 1370 1265
f 1261 1271 1371
f 1261 1371 1372
f 1261 1372 1263
f 1261 1263 1262
f 1263 1372 1272
f 1263 1272 1264
f 1265 1370 1369
f 1265 1369 1373
f 1265 1373 1267
f 1265 1267 1266
f 1267 1373 1374
f 1267 1374 1375
f 1267 1375 1268
f 1268 1375 1376
f 1268 1376 1269
f 1269 1376 1270
f 1270 1377 1271
f 1270 1376 1377
f 1271 1377 1378
f 1271 1378 1379
f 1271 1379 1380
f 1271 1380 1371
f 1272 1372 1381
f 1272 1381 1273
f 1273 1381 1382
f 1273 1382 1275
f 1275 1382 1276
f 1276 1383 1277
f 1276 1382 1383
f 1277 1383 1384
f 1277 1384 1385
f 1277 1385 1386
f 1277 1386 1278
f 1278 1386 1480
f 1278 1480 1387
f 1278 1387 1388
f 1278 1388 1279
f 1279 1388 1280
f 1280 1388 1389
f 1280 1389 1282
f 1280 1282 1281
f 1282 1389 1283
f 1283 1389 1390
f 1283 1390 1284
f 1284 1390 1285
f 1285 1390 1391
f 1285 1391 1286
f 1286 1391 1288
f 1286 1288 1287
f 1288 1392 1393
f 1288 1393 1394
f 1288 1391 1392
f 1289 1291 1395
f 1289 1395 1396
f 1289 1396 1290
f 1290 1396 1292
f 1291 1311 1310
f 1291 1310 1397
f 1291 1397 1398
f 1291 1398 1395
f 1292 1399 1497
f 1292 1497 1400
f 1292 1400 1293
f 1292 1396 1399
f 1293 1400 1294
f 1294 1400 1401
f 1294 1401 1295
f 1295 1401 1296
f 1296 1401 1402
f 1296 1402 1297
f 1297 1402 1403
f 1298 1403 1404
f 1298 1404 1405
f 1298 1405 1299
f 1299 1405 1300
f 1300 1406 1407
f 1300 1407 1408
f 1300 1408 1409
f 1300 1409 1301
f 1300 1405 1406
f 1301 1409 1410
f 1301 1410 1302
f 1302 1410 1411
f 1302 1411 1412
f 1302 1412 1303
f 1303 1412 1304
f 1309 1394 1310
f 1310 1394 1413
f 1310 1413 1414
f 1310 1414 1415
f 1310 1415 1397
f 1312 1313 1314
f 1313 1416 1417
f 1313 1417 1418
f 1313 1418 1314
f 1314 1418 1419
f 1314 1419 1315
f 1315 1420 1316
f 1315 1419 1421
f 1315 1421 1422
f 1315 1422 1420
f 1316 1319 1318
f 1316 1420 1319
f 1319 1420 1423
f 1319 1423 1348
f 1319 1348 1320
f 1321 1329 1424
f 1321 1424 1425
f 1321 1425 1426
f 1321 1426 1427
f 1321 1427 1428
f 1321 1428 1322
f 1322 1428 1323
f 1323 1428 1325
f 1324 1325 1429
f 1324 1429 1430
f 1324 1430 1330
f 1325 1428 1429
f 1326 1336 1431
f 1326 1431 1327
f 1327 1431 1328
f 1328 1431 1432
f 1328 1432 1433
f 1328 1433 1329
f 1329 1433 1424
f 1330 1430 1434
f 1330 1434 1331
f 1331 1435 1436
f 1331 1436 1335
f 1331 1335 1332
f 1331 1434 1435
f 1333 1437 1334
f 1333 1335 1436
f 1333 1436 1437
f 1334 1437 1438
f 1334 1438 1439
f 1334 1439 1351
f 1336 1337 1440
f 1336 1440 1431
f 1337 1340 1441
f 1337 1441 1440
f 1338 1349 1442
f 1338 1442 1443
f 1338 1443 1444
f 1338 1444 1344
f 1339 1343 1340
f 1340 1343 1441
f 1341 1445 1342
f 1341 1347 1445
f 1342 1446 1441
f 1342 1441 1343
f 1342 1445 1447
f 1342 1447 1446
f 1344 1444 1345
f 1345 1444 1448
f 1345 1448 1346
f 1346 1449 1347
f 1346 1448 1449
f 1347 1449 1450
f 1347 1450 1447
f 1347 1447 1445
f 1348 1423 1451
f 1348 1451 1349
f 1349 1452 1442
f 1349 1451 1453
f 1349 1453 1454
f 1349 1454 1452
f 1351 1439 1455
f 1351 1455 1352
f 1352 1455 1353
f 1353 1456 1367
f 1353 1455 1457
f 1353 1457 1456
f 1365 1366 1368
f 1366 1367 1458
f 1366 1458 1368
f 1367 1456 1458
f 1368 1458 1459
f 1368 1459 1369
f 1369 1459 1460
f 1369 1460 1373
f 1371 1380 1461
f 1371 1461 1462
f 1371 1462 1381
f 1371 1381 1372
f 1373 1460 1463
f 1373 1463 1374
f 1374 1463 1464
f 1374 1464 1375
f 1375 1464 1465
f 1375 1465 1466
f 1375 1466 1467
f 1375 1467 1376
f 1376 1467 1377
f 1377 1467 1466
f 1377 1466 1468
f 1377 1468 1378
f 1378 1468 1469
f 1378 1469 1470
f 1378 1470 1471
f 1378 1471 1379
f 1379 1471 1472
f 1379 1472 1473
f 1379 1473 1461
f 1379 1461 1380
f 1381 1462 1474
f 1381 1474 1475
f 1381 1475 1382
f 1382 1475 1384
f 1382 1384 1383
f 1384 1475 1474
f 1384 1474 1476
f 1384 1476 1385
f 1385 1476 1477
f 1385 1477 1386
f 1386 1478 1479
f 1386 1479 1480
f 1386 1477 1478
f 1387 1480 1481
f 1387 1481 1388
f 1388 1481 1390
f 1388 1390 1389
f 1390 1481 1482
f 1390 1482 1391
f 1391 1482 1483
f 1391 1483 1484
f 1391 1484 1485
f 1391 1485 1393
f 1391 1393 1392
f 1393 1486 1394
f 1393 1485 1487
f 1393 1487 1488
f 1393 1488 1489
f 1393 1489 1490
f 1393 1490 1486
f 1394 1486 1413
f 1395 1398 1396
f 1396 1398 1491
f 1396 1491 1399
f 1397 1415 1492
f 1397 1492 1398
f 1398 1493 1491
f 1398 1492 1493
f 1399 1494 1495
f 1399 1495 1496
f 1399 1496 1497
f 1399 1491 1498
f 1399 1498 1494
f 1400 1497 1499
f 1400 1499 1500
f 1400 1500 1401
f 1401 1500 1501
f 1401 1501 1502
f 1401 1502 1402
f 1402 1502 1503
f 1402 1503 1404
f 1402 1404 1403
f 1404 1503 1504
f 1404 1504 1405
f 1405 1504 1406
f 1406 1505 1506
f 1406 1506 1407
f 1406 1504 1505
f 1413 1486 1490
f 1413 1490 1414
f 1414 1490 1415
f 1415 1490 1507
f 1415 1507 1508
f 1415 1508 1492
f 1417 1509 1419
f 1417 1419 1418
f 1419 1509 1510
f 1419 1510 1511
f 1419 1511 1421
f 1420 1422 1512
f 1420 1512 1423
f 1421 1511 1422
f 1422 1511 1512
f 1423 1512 1513
f 1423 1513 1451
f 1424 1433 1514
f 1424 1514 1515
f 1424 1515 1425
f 1425 1515 1426
f 1426 1515 1516
f 1426 1516 1517
f 1426 1517 1518
f 1426 1518 1519
f 1426 1519 1427
f 1427 1519 1429
f 1427 1429 1428
f 1429 1519 1518
f 1429 1518 1520
f 1429 1520 1430
f 1430 1521 1434
f 1430 1520 1521
f 1431 1440 1522
f 1431 1522 1432
f 1432 1522 1433
f 1433 1522 1523
f 1433 1523 1524
f 1433 1524 1514
f 1434 1521 1525
f 1434 1525 1526
f 1434 1526 1435
f 1435 1527 1528
f 1435 1528 1436
f 1435 1526 1527
f 1436 1528 1437
f 1437 1529 1438
f 1437 1528 1529
f 1438 1529 1530
f 1438 1530 1531
f 1438 1531 1439
f 1439 1531 1455
f 1440 1441 1446
f 1440 1446 1532
f 1440 1532 1522
f 1442 1452 1443
f 1443 1452 1454
f 1443 1454 1546
f 1443 1546 1533
f 1443 1533 1534
f 1443 1534 1535
f 1443 1535 1444
f 1444 1535 1536
f 1444 1536 1537
f 1444 1537 1448
f 1446 1447 1538
f 1446 1538 1532
f 1447 1450 1538
f 1448 1537 1449
f 1449 1537 1539
f 1449 1539 1450
f 1450 1540 1538
f 1450 1539 1540
f 1451 1513 1453
f 1453 1541 1454
f 1453 1513 1542
f 1453 1542 1541
f 1454 1541 1543
f 1454 1543 1544
f 1454 1544 1545
f 1454 1545 1546
f 1455 1531 1547
f 1455 1547 1457
f 1456 1548 1549
f 1456 1549 1458
f 1456 1457 1550
f 1456 1550 1551
f 1456 1551 1548
f 1457 1547 1552
f 1457 1552 1550
f 1458 1549 1459
f 1459 1549 1548
f 1459 1548 1553
f 1459 1553 1554
f 1459 1554 1460
f 1460 1554 1463
f 1461 1473 1555
f 1461 1555 1474
f 1461 1474 1462
f 1463 1554 1556
f 1463 1556 1557
f 1463 1557 1558
f 1463 1558 1464
f 1464 1558 1465
f 1465 1558 1559
f 1465 1559 1560
f 1465 1560 1466
f 1466 1560 1468
f 1468 1560 1561
f 1468 1561 1562
f 1468 1562 1469
f 1469 1562 1470
f 1470 1563 1564
f 1470 1564 1472
f 1470 1472 1471
f 1470 1562 1563
f 1472 1564 1565
f 1472 1565 1555
f 1472 1555 1473
f 1474 1555 1476
f 1476 1555 1566
f 1476 1566 1567
f 1476 1567 1477
f 1477 1567 1568
f 1477 1568 1478
f 1478 1568 1479
f 1479 1569 1570
f 1479 1570 1571
f 1479 1571 1572
f 1479 1572 1480
f 1479 1568 1573
f 1479 1573 1569
f 1480 1572 1481
f 1481 1572 1574
f 1481 1574 1575
f 1481 1575 1483
f 1481 1483 1482
f 1483 1575 1576
f 1483 1576 1484
f 1484 1576 1487
f 1484 1487 1485
f 1487 1577 1578
f 1487 1578 1488
f 1487 1576 1577
f 1488 1579 1580
f 1488 1580 1581
f 1488 1581 1489
f 1488 1578 1579
f 1489 1581 1582
f 1489 1582 1507
f 1489 1507 1490
f 1491 1583 1498
f 1491 1493 1583
f 1492 1508 1584
f 1492 1584 1585
f 1492 1585 1493
f 1493 1585 1586
f 1493 1586 1583
f 1494 1587 1495
f 1494 1498 1587
f 1495 1588 1589
f 1495 1589 1496
f 1495 1587 1590
f 1495 1590 1591
f 1495 1591 1588
f 1496 1589 1592
f 1496 1592 1497
f 1497 1592 1499
f 1498 1583 1593
f 1498 1593 1594
f 1498 1594 1587
f 1499 1592 1595
f 1499 1595 1596
f 1499 1596 1597
f 1499 1597 1501
f 1499 1501 1500
f 1501 1598 1599
f 1501 1599 1502
f 1501 1597 1598
f 1502 1599 1600
f 1502 1600 1503
f 1503 1600 1601
f 1503 1601 1602
f 1503 1602 1504
f 1504 1602 1505
f 1505 1603 1604
f 1505 1604 1506
f 1505 1602 1603
f 1507 1582 1508
f 1508 1582 1584
f 1510 1605 1606
f 1510 1606 1511
f 1511 1606 1512
f 1512 1606 1607
f 1512 1607 1513
f 1513 1607 1542
f 1514 1524 1608
f 1514 1608 1515
f 1515 1608 1609
f 1515 1609 1516
f 1516 1609 1610
f 1516 1610 1611
f 1516 1611 1517
f 1517 1612 1518
f 1517 1611 1612
f 1518 1613 1619
f 1518 1619 1614
f 1518 1614 1520
f 1518 1612 1613
f 1520 1614 1521
f 1521 1614 1525
f 1522 1532 1615
f 1522 1615 1523
f 1523 1615 1616
f 1523 1616 1524
f 1524 1616 1608
f 1525 1617 1618
f 1525 1618 1526
f 1525 1614 1619
f 1525 1619 1620
f 1525 1620 1617
f 1526 1618 1527
f 1527 1621 1622
f 1527 1622 1528
f 1527 1618 1621
f 1528 1622 1529
f 1529 1623 1624
f 1529 1624 1530
f 1529 1622 1623
f 1530 1624 1625
f 1530 1625 1531
f 1531 1552 1547
f 1531 1625 1552
f 1532 1538 1626
f 1532 1626 1627
f 1532 1627 1615
f 1533 1546 1534
f 1534 1536 1535
f 1534 1546 1536
f 1536 1546 1628
f 1536 1628 1537
f 1537 1628 1629
f 1537 1629 1539
f 1538 1540 1626
f 1539 1630 1540
f 1539 1629 1631
f 1539 1631 1630
f 1540 1630 1632
f 1540 1632 1633
f 1540 1633 1626
f 1541 1542 1634
f 1541 1634 1635
f 1541 1635 1543
f 1542 1607 1636
f 1542 1636 1637
f 1542 1637 1634
f 1543 1635 1638
f 1543 1638 1544
f 1544 1639 1545
f 1544 1638 1640
f 1544 1640 1639
f 1545 1628 1546
f 1545 1639 1640
f 1545 1640 1629
f 1545 1629 1628
f 1548 1551 1641
f 1548 1641 1553
f 1550 1642 1551
f 1550 1552 1642
f 1551 1642 1643
f 1551 1643 1641
f 1552 1625 1644
f 1552 1644 1642
f 1553 1641 1645
f 1553 1645 1646
f 1553 1646 1556
f 1553 1556 1554
f 1555 1565 1647
f 1555 1647 1566
f 1556 1646 1648
f 1556 1648 1649
f 1556 1649 1557
f 1557 1649 1650
f 1557 1650 1651
f 1557 1651 1652
f 1557 1652 1558
f 1558 1652 1653
f 1558 1653 1559
f 1559 1653 1654
f 1559 1654 1655
f 1559 1655 1560
f 1560 1655 1561
f 1561 1655 1654
f 1561 1654 1656
f 1561 1656 1657
f 1561 1657 1562
f 1562 1657 1563
f 1563 1657 1658
f 1563 1658 1659
f 1563 1659 1564
f 1564 1659 1754
f 1564 1754 1660
f 1564 1660 1661
f 1564 1661 1565
f 1565 1661 1647
f 1566 1647 1662
f 1566 1662 1573
f 1566 1573 1567
f 1567 1573 1568
f 1569 1573 1662
f 1569 1662 1663
f 1569 1663 1664
f 1569 1664 1570
f 1570 1664 1665
f 1570 1665 1666
f 1570 1666 1667
f 1570 1667 1571
f 1571 1667 1572
f 1572 1667 1574
f 1574 1667 1668
f 1574 1668 1669
f 1574 1669 1575
f 1575 1669 1576
f 1576 1669 1670
f 1576 1670 1577
f 1577 1670 1671
f 1577 1671 1578
f 1578 1671 1672
f 1578 1672 1579
f 1579 1672 1673
f 1579 1673 1580
f 1580 1673 1674
f 1580 1674 1581
f 1581 1674 1675
f 1581 1675 1584
f 1581 1584 1582
f 1583 1586 1593
f 1584 1675 1676
f 1584 1676 1677
f 1584 1677 1586
f 1584 1586 1585
f 1586 1677 1593
f 1587 1594 1590
f 1588 1591 1678
f 1588 1678 1679
f 1588 1679 1592
f 1588 1592 1589
f 1590 1594 1680
f 1590 1680 1591
f 1591 1680 1681
f 1591 1681 1678
f 1592 1679 1682
f 1592 1682 1595
f 1593 1677 1680
f 1593 1680 1594
f 1595 1682 1683
f 1595 1683 1596
f 1596 1683 1684
f 1596 1684 1685
f 1596 1685 1686
f 1596 1686 1597
f 1597 1686 1687
f 1597 1687 1598
f 1598 1687 1688
f 1598 1688 1601
f 1598 1601 1599
f 1599 1601 1600
f 1601 1688 1689
f 1601 1689 1690
f 1601 1690 1603
f 1601 1603 1602
f 1603 1690 1604
f 1604 1690 1691
f 1605 1692 1607
f 1605 1607 1606
f 1607 1692 1693
f 1607 1693 1636
f 1608 1616 1694
f 1608 1694 1695
f 1608 1695 1696
f 1608 1696 1609
f 1609 1696 1610
f 1610 1696 1697
f 1610 1697 1698
f 1610 1698 1699
f 1610 1699 1611
f 1611 1699 1700
f 1611 1700 1612
f 1612 1701 1613
f 1612 1700 1701
f 1613 1702 1619
f 1613 1701 1702
f 1615 1627 1703
f 1615 1703 1616
f 1616 1703 1704
f 1616 1704 1705
f 1616 1705 1706
f 1616 1706 1694
f 1617 1707 1708
f 1617 1708 1618
f 1617 1620 1709
f 1617 1709 1707
f 1618 1708 1621
f 1619 1702 1710
f 1619 1710 1620
f 1620 1710 1709
f 1621 1711 1622
f 1621 1708 1712
f 1621 1712 1711
f 1622 1711 1623
f 1623 1713 1624
f 1623 1711 1714
f 1623 1714 1713
f 1624 1713 1715
f 1624 1715 1625
f 1625 1715 1644
f 1626 1633 1627
f 1627 1633 1716
f 1627 1716 1717
f 1627 1717 1703
f 1629 1640 1718
f 1629 1718 1719
f 1629 1719 1631
f 1630 1631 1720
f 1630 1720 1632
f 1631 1719 1721
f 1631 1721 1720
f 1632 1722 1716
f 1632 1716 1633
f 1632 1720 1723
f 1632 1723 1722
f 1634 1637 1724
f 1634 1724 1725
f 1634 1725 1726
f 1634 1726 1727
f 1634 1727 1728
f 1634 1728 1635
f 1635 1728 1729
f 1635 1729 1730
f 1635 1730 1731
f 1635 1731 1732
f 1635 1732 1638
f 1636 1693 1733
f 1636 1733 1734
f 1636 1734 1637
f 1637 1734 1724
f 1638 1732 1640
f 1640 1732 1735
f 1640 1735 1736
f 1640 1736 1737
f 1640 1737 1718
f 1641 1643 1738
f 1641 1738 1645
f 1642 1738 1643
f 1642 1644 1739
f 1642 1739 1738
f 1644 1740 1739
f 1644 1715 1740
f 1645 1738 1741
f 1645 1741 1646
f 1646 1741 1648
f 1647 1661 1660
f 1647 1660 1742
f 1647 1742 1743
f 1647 1743 1662
f 1648 1741 1744
f 1648 1744 1650
f 1648 1650 1649
f 1650 1744 1745
f 1650 1745 1746
f 1650 1746 1651
f 1651 1746 1747
f 1651 1747 1748
f 1651 1748 1653
f 1651 1653 1652
f 1653 1748 1654
f 1654 1748 1749
f 1654 1749 1750
f 1654 1750 1656
f 1656 1750 1751
f 1656 1751 1657
f 1657 1751 1658
f 1658 1751 1659
f 1659 1751 1752
f 1659 1752 1753
f 1659 1753 1754
f 1660 1754 1742
f 1662 1743 1755
f 1662 1755 1663
f 1663 1755 1756
f 1663 1756 1664
f 1664 1756 1665
f 1665 1756 1757
f 1665 1757 1758
f 1665 1758 1759
f 1665 1759 1760
f 1665 1760 1666
f 1666 1760 1761
f 1666 1761 1667
f 1667 1761 1668
f 1668 1761 1762
f 1668 1762 1669
f 1669 1762 1670
f 1670 1762 1763
f 1670 1763 1671
f 1671 1763 1764
f 1671 1764 1672
f 1672 1764 1765
f 1672 1765 1766
f 1672 1766 1673
f 1673 1766 1767
f 1673 1767 1768
f 1673 1768 1769
f 1673 1769 1770
f 1673 1770 1674
f 1674 1770 1675
f 1675 1770 1676
f 1676 1770 1771
f 1676 1771 1772
f 1676 1772 1677
f 1677 1772 1680
f 1678 1681 1773
f 1678 1773 1774
f 1678 1774 1775
f 1678 1775 1776
f 1678 1776 1679
f 1679 1776 1682
f 1680 1772 1681
f 1681 1772 1777
f 1681 1777 1773
f 1682 1776 1778
f 1682 1778 1779
f 1682 1779 1683
f 1683 1779 1684
f 1684 1780 1685
f 1684 1779 1780
f 1685 1780 1781
f 1685 1781 1782
f 1685 1782 1687
f 1685 1687 1686
f 1687 1782 1783
f 1687 1783 1784
f 1687 1784 1785
f 1687 1785 1688
f 1688 1785 1786
f 1688 1786 1787
f 1688 1787 1788
f 1688 1788 1689
f 1689 1788 1789
f 1689 1789 1790
f 1689 1790 1690
f 1690 1790 1691
f 1694 1706 1791
f 1694 1791 1695
f 1695 1791 1696
f 1696 1791 1697
f 1697 1791 1698
f 1698 1792 1699
f 1698 1791 1793
f 1698 1793 1794
f 1698 1794 1792
f 1699 1795 1700
f 1699 1792 1795
f 1700 1795 1796
f 1700 1796 1701
f 1701 1797 1710
f 1701 1710 1702
f 1701 1796 1798
f 1701 1798 1797
f 1703 1717 1704
f 1704 1717 1799
f 1704 1799 1800
f 1704 1800 1705
f 1705 1800 1801
f 1705 1801 1706
f 1706 1801 1791
f 1707 1802 1803
f 1707 1803 1804
f 1707 1804 1708
f 1707 1709 1805
f 1707 1805 1806
f 1707 1806 1802
f 1708 1804 1807
f 1708 1807 1712
f 1709 1710 1808
f 1709 1808 1805
f 1710 1797 1808
f 1711 1712 1807
f 1711 1807 1809
f 1711 1809 1714
f 1713 1714 1810
f 1713 1810 1715
f 1714 1809 1807
f 1714 1807 1811
f 1714 1811 1810
f 1715 1810 1812
f 1715 1812 1813
f 1715 1813 1740
f 1716 1722 1717
f 1717 1722 1799
f 1718 1737 1814
f 1718 1814 1719
f 1719 1814 1721
f 1720 1721 1723
f 1721 1815 1723
f 1721 1814 1816
f 1721 1816 1817
f 1721 1817 1815
f 1722 1723 1799
f 1723 1815 1818
f 1723 1818 1819
f 1723 1819 1799
f 1724 1820 1725
f 1724 1734 1821
f 1724 1821 1822
f 1724 1822 1823
f 1724 1823 1824
f 1724 1824 1825
f 1724 1825 1826
f 1724 1826 1820
f 1725 1820 1726
f 1726 1827 1828
f 1726 1828 1731
f 1726 1731 1829
f 1726 1829 1727
f 1726 1820 1826
f 1726 1826 1830
f 1726 1830 1831
f 1726 1831 1827
f 1727 1829 1728
f 1728 1829 1730
f 1728 1730 1729
f 1730 1829 1731
f 1731 1828 1736
f 1731 1736 1735
f 1731 1735 1732
f 1733 1832 1734
f 1734 1832 1821
f 1736 1828 1814
f 1736 1814 1737
f 1738 1739 1833
f 1738 1833 1741
f 1739 1740 1813
f 1739 1813 1834
f 1739 1834 1835
f 1739 1835 1833
f 1741 1833 1835
f 1741 1835 1836
f 1741 1836 1744
f 1742 1754 1837
f 1742 1837 1838
f 1742 1838 1743
f 1743 1838 1755
f 1744 1836 1839
f 1744 1839 1840
f 1744 1840 1745
f 1745 1747 1746
f 1745 1840 1841
f 1745 1841 1842
f 1745 1842 1747
f 1747 1842 1843
f 1747 1843 1844
f 1747 1844 1748
f 1748 1844 1845
f 1748 1845 1749
f 1749 1846 1750
f 1749 1845 1846
f 1750 1846 1847
f 1750 1847 1751
f 1751 1847 1752
f 1752 1847 1848
f 1752 1848 1849
f 1752 1849 1850
f 1752 1850 1851
f 1752 1851 1753
f 1753 1851 1837
f 1753 1837 1754
f 1755 1838 1852
f 1755 1852 1853
f 1755 1853 1756
f 1756 1853 1757
f 1757 1853 1854
f 1757 1854 1855
f 1757 1855 1758
f 1758 1855 1856
f 1758 1856 1759
f 1759 1856 1857
f 1759 1857 1858
f 1759 1858 1760
f 1760 1858 1761
f 1761 1858 1762
f 1762 1858 1859
f 1762 1859 1763
f 1763 1859 1764
f 1764 1860 1861
f 1764 1861 1862
f 1764 1862 1765
f 1764 1859 1858
f 1764 1858 1860
f 1765 1862 1767
f 1765 1767 1766
f 1767 1863 1864
f 1767 1864 1865
f 1767 1865 1768
f 1767 1862 1863
f 1768 1865 1866
f 1768 1866 1769
f 1769 1866 1867
f 1769 1867 1770
f 1770 1867 1771
f 1771 1867 1777
f 1771 1777 1772
f 1773 1777 1868
f 1773 1868 1869
f 1773 1869 1774
f 1774 1869 1870
f 1774 1870 1871
f 1774 1871 1872
f 1774 1872 1775
f 1775 1872 1776
f 1776 1872 1873
f 1776 1873 1779
f 1776 1779 1778
f 1777 1867 1874
f 1777 1874 1868
f 1779 1873 1780
f 1780 1873 1872
f 1780 1872 1875
f 1780 1875 1876
f 1780 1876 1877
f 1780 1877 1781
f 1781 1877 1878
f 1781 1878 1879
f 1781 1879 1782
f 1782 1879 1878
f 1782 1878 1880
f 1782 1880 1881
f 1782 1881 1882
f 1782 1882 1783
f 1783 1882 1883
f 1783 1883 1884
f 1783 1884 1885
f 1783 1885 1886
f 1783 1886 1785
f 1783 1785 1784
f 1785 1886 1887
f 1785 1887 1888
f 1785 1888 1889
f 1785 1889 1890
f 1785 1890 1786
f 1786 1890 1891
f 1786 1891 1892
f 1786 1892 1893
f 1786 1893 1894
f 1786 1894 1895
f 1786 1895 1896
f 1786 1896 1897
f 1786 1897 1787
f 1787 1897 1898
f 1787 1898 1788
f 1788 1898 1899
f 1788 1899 1789
f 1791 1801 1900
f 1791 1900 1901
f 1791 1901 1793
f 1792 1902 1903
f 1792 1903 1904
f 1792 1904 1795
f 1792 1794 1902
f 1793 1901 1905
f 1793 1905 1906
f 1793 1906 1794
f 1794 1906 1907
f 1794 1907 1908
f 1794 1908 1909
f 1794 1909 1903
f 1794 1903 1902
f 1795 1904 1798
f 1795 1798 1796
f 1797 1798 1910
f 1797 1910 1911
f 1797 1911 1808
f 1798 1904 1910
f 1799 1819 1800
f 1800 1819 1912
f 1800 1912 1801
f 1801 1912 1913
f 1801 1913 1900
f 1802 1914 1803
f 1802 1806 1914
f 1803 1915 1807
f 1803 1807 1804
f 1803 1914 1915
f 1805 1808 1806
f 1806 1808 1916
f 1806 1916 1917
f 1806 1917 1918
f 1806 1918 1914
f 1807 1915 1919
f 1807 1919 1920
f 1807 1920 1811
f 1808 1911 1921
f 1808 1921 1922
f 1808 1922 1916
f 1810 1923 1812
f 1810 1811 1920
f 1810 1920 1923
f 1812 1924 1834
f 1812 1834 1813
f 1812 1923 1925
f 1812 1925 1926
f 1812 1926 1927
f 1812 1927 1924
f 1814 1828 1827
f 1814 1827 1928
f 1814 1928 1929
f 1814 1929 1816
f 1815 1913 1912
f 1815 1912 1818
f 1815 1817 1930
f 1815 1930 1931
f 1815 1931 1932
f 1815 1932 1913
f 1816 1929 1817
f 1817 1929 1933
f 1817 1933 1930
f 1818 1912 1819
f 1821 1832 1934
f 1821 1934 1824
f 1821 1824 1822
f 1822 1824 1823
f 1824 1934 1825
f 1825 1935 1826
f 1825 1934 1935
f 1826 1935 1934
f 1826 1934 1936
f 1826 1936 1830
f 1827 1831 1937
f 1827 1937 1938
f 1827 1938 1928
f 1830 1936 1831
f 1831 1936 1939
f 1831 1939 1940
f 1831 1940 1937
f 1834 1924 1835
f 1835 1941 1836
f 1835 1924 1941
f 1836 1941 1839
f 1837 1851 1942
f 1837 1942 1943
f 1837 1943 1838
f 1838 1943 1942
f 1838 1942 1852
f 1839 1924 1944
f 1839 1944 1945
f 1839 1945 1946
f 1839 1946 1947
f 1839 1947 1948
f 1839 1948 1840
f 1839 1941 1924
f 1840 1948 1841
f 1841 1948 1947
f 1841 1947 1949
f 1841 1949 1842
f 1842 1949 1950
f 1842 1950 1951
f 1842 1951 1843
f 1843 1951 1952
f 1843 1952 1953
f 1843 1953 1844
f 1844 1953 1845
f 1845 1953 1952
f 1845 1952 1954
f 1845 1954 1955
f 1845 1955 1956
f 1845 1956 1847
f 1845 1847 1846
f 1847 1956 1848
f 1848 1956 1957
f 1848 1957 1849
f 1849 1957 1958
f 1849 1958 1959
f 1849 1959 1960
f 1849 1960 1961
f 1849 1961 1850
f 1850 1961 1851
f 1851 1961 1962
f 1851 1962 1963
f 1851 1963 1942
f 1852 1942 1964
f 1852 1964 1853
f 1853 1964 1854
f 1854 1964 1965
f 1854 1965 1966
f 1854 1966 1967
f 1854 1967 1968
f 1854 1968 1855
f 1855 1968 1969
f 1855 1969 1970
f 1855 1970 1856
f 1856 1970 1971
f 1856 1971 1972
f 1856 1972 1973
f 1856 1973 1857
f 1857 1973 1858
f 1858 1973 1974
f 1858 1974 1860
f 1860 1974 1975
f 1860 1975 1863
f 1860 1863 1861
f 1861 1863 1862
f 1863 1975 1979
f 1863 1979 1864
f 1864 1976 1977
f 1864 1977 1978
f 1864 1978 1865
f 1864 1979 1976
f 1865 1978 1874
f 1865 1874 1866
f 1866 1874 1867
f 1868 1980 1981
f 1868 1981 1869
f 1868 1874 1980
f 1869 1981 1982
f 1869 1982 1870
f 1870 1982 1983
f 1870 1983 1984
f 1870 1984 1871
f 1871 1984 1875
f 1871 1875 1872
f 1874 1978 1985
f 1874 1985 1980
f 1875 1984 1986
f 1875 1986 1987
f 1875 1987 1876
f 1876 1987 1988
f 1876 1988 1877
f 1877 1988 1878
f 1878 1988 1989
f 1878 1989 1880
f 1880 1989 1883
f 1880 1883 1881
f 1881 1883 1882
f 1883 1990 1991
f 1883 1991 1992
f 1883 1992 1884
f 1883 1989 1988
f 1883 1988 1993
f 1883 1993 1990
f 1884 1992 1889
f 1884 1889 1994
f 1884 1994 1995
f 1884 1995 1885
f 1885 1995 1994
f 1885 1994 1886
f 1886 1994 1887
f 1887 1994 1888
f 1888 1994 1889
f 1889 1992 1996
f 1889 1996 1890
f 1890 1996 1997
f 1890 1997 1998
f 1890 1998 1999
f 1890 1999 2000
f 1890 2000 2001
f 1890 2001 1891
f 1891 2002 1892
f 1891 2001 2003
f 1891 2003 2004
f 1891 2004 1894
f 1891 1894 2002
f 1892 2002 1894
f 1892 1894 1893
f 1894 2005 1896
f 1894 1896 1895
f 1896 2005 1897
f 1897 2005 1898
f 1900 1913 2006
f 1900 2006 1901
f 1901 2006 1905
f 1903 1909 2007
f 1903 2007 2008
f 1903 2008 2009
f 1903 2009 2010
f 1903 2010 1904
f 1904 2010 1910
f 1905 2006 2011
f 1905 2011 2012
f 1905 2012 2013
f 1905 2013 1906
f 1906 2013 2014
f 1906 2014 1907
f 1907 2014 1908
f 1908 2015 2008
f 1908 2008 2007
f 1908 2007 1909
f 1908 2014 2016
f 1908 2016 2017
f 1908 2017 2015
f 1910 2010 2018
f 1910 2018 2019
f 1910 2019 2020
f 1910 2020 2024
f 1910 2024 1922
f 1910 1922 1921
f 1910 1921 1911
f 1913 1932 2011
f 1913 2011 2006
f 1914 2021 2022
f 1914 2022 1915
f 1914 1918 2021
f 1915 2022 1919
f 1916 1922 1917
f 1917 2023 1918
f 1917 1922 2024
f 1917 2024 2025
f 1917 2025 2026
f 1917 2026 2027
f 1917 2027 2023
f 1918 2023 2021
f 1919 2022 2028
f 1919 2028 2029
f 1919 2029 1920
f 1920 2029 1925
f 1920 1925 1923
f 1924 1927 1944
f 1925 2029 1926
f 1926 2029 2030
f 1926 2030 2031
f 1926 2031 2032
f 1926 2032 2033
f 1926 2033 2034
f 1926 2034 2035
f 1926 2035 1927
f 1927 1945 1944
f 1927 2035 1945
f 1928 2036 1929
f 1928 1938 2037
f 1928 2037 2036
f 1929 2036 1933
f 1930 1933 2036
f 1930 2036 2038
f 1930 2038 2039
f 1930 2039 1931
f 1931 2039 2040
f 1931 2040 1932
f 1932 2040 2041
f 1932 2041 2042
f 1932 2042 2011
f 1937 1940 2043
f 1937 2043 1938
f 1938 2043 2044
f 1938 2044 2037
f 1942 1963 2045
f 1942 2045 1965
f 1942 1965 1964
f 1945 2035 2034
f 1945 2034 2046
f 1945 2046 1946
f 1946 2046 2047
f 1946 2047 1947
f 1947 2048 1950
f 1947 1950 1949
f 1947 2047 2049
f 1947 2049 2048
f 1950 2048 2050
f 1950 2050 2051
f 1950 2051 1952
f 1950 1952 1951
f 1952 2051 2052
f 1952 2052 2053
f 1952 2053 2054
f 1952 2054 1954
f 1954 2054 1955
f 1955 2054 2055
f 1955 2055 2056
f 1955 2056 1957
f 1955 1957 1956
f 1957 2056 1958
f 1958 2056 2057
f 1958 2057 2058
f 1958 2058 2059
f 1958 2059 1959
f 1959 2059 2060
f 1959 2060 1960
f 1960 2060 1961
f 1961 2060 1962
f 1962 2060 2061
f 1962 2061 2045
f 1962 2045 1963
f 1965 2045 2062
f 1965 2062 1966
f 1966 2062 1967
f 1967 2063 2064
f 1967 2064 2065
f 1967 2065 1968
f 1967 2062 2063
f 1968 2065 1969
f 1969 2065 2066
f 1969 2066 1970
f 1970 2066 2067
f 1970 2067 1971
f 1971 2067 2068
f 1971 2068 2069
f 1971 2069 2070
f 1971 2070 1972
f 1972 2070 2071
f 1972 2071 1973
f 1973 2071 2072
f 1973 2072 1975
f 1973 1975 1974
f 1975 2072 2073
f 1975 2073 1979
f 1976 2074 2075
f 1976 2075 2076
f 1976 2076 2077
f 1976 2077 1977
f 1976 1979 2074
f 1977 2077 1978
f 1978 2077 2078
f 1978 2078 1985
f 1979 2073 2074
f 1980 1985 2078
f 1980 2078 1981
f 1981 2078 2079
f 1981 2079 1982
f 1982 2079 2080
f 1982 2080 1983
f 1983 2080 2081
f 1983 2081 1984
f 1984 2081 2082
f 1984 2082 1986
f 1986 2082 2083
f 1986 2083 1987
f 1987 2083 1993
f 1987 1993 1988
f 1990 1993 2084
f 1990 2084 2085
f 1990 2085 1997
f 1990 1997 1991
f 1991 1997 1996
f 1991 1996 1992
f 1993 2083 2084
f 1997 2085 2086
f 1997 2086 1998
f 1998 2086 2087
f 1998 2087 1999
f 1999 2087 2088
f 1999 2088 2089
f 1999 2089 2000
f 2000 2089 2001
f 2001 2089 2003
f 2008 2015 2090
f 2008 2090 2091
f 2008 2091 2009
f 2009 2092 2019
f 2009 2019 2018
f 2009 2018 2010
f 2009 2091 2092
f 2011 2042 2012
f 2012 2042 2093
f 2012 2093 2094
f 2012 2094 2013
f 2013 2094 2014
f 2014 2094 2095
f 2014 2095 2016
f 2015 2017 2090
f 2016 2096 2017
f 2016 2095 2097
f 2016 2097 2098
f 2016 2098 2099
f 2016 2099 2096
f 2017 2096 2100
f 2017 2100 2090
f 2019 2092 2101
f 2019 2101 2020
f 2020 2101 2024
f 2021 2102 2103
f 2021 2103 2022
f 2021 2023 2102
f 2022 2103 2028
f 2023 2027 2104
f 2023 2104 2105
f 2023 2105 2102
f 2024 2101 2025
f 2025 2101 2026
f 2026 2101 2106
f 2026 2106 2107
f 2026 2107 2027
f 2027 2107 2108
f 2027 2108 2109
f 2027 2109 2110
f 2027 2110 2104
f 2028 2111 2032
f 2028 2032 2031
f 2028 2031 2030
f 2028 2030 2029
f 2028 2103 2111
f 2032 2111 2112
f 2032 2112 2113
f 2032 2113 2114
f 2032 2114 2115
f 2032 2115 2033
f 2033 2115 2034
f 2034 2116 2046
f 2034 2115 2116
f 2036 2037 2117
f 2036 2117 2038
f 2037 2044 2118
f 2037 2118 2119
f 2037 2119 2117
f 2038 2117 2120
f 2038 2120 2039
f 2039 2120 2121
f 2039 2121 2040
f 2040 2121 2041
f 2041 2122 2042
f 2041 2121 2123
f 2041 2123 2124
f 2041 2124 2122
f 2042 2122 2093
f 2045 2061 2062
f 2046 2116 2047
f 2047 2116 2125
f 2047 2125 2126
f 2047 2126 2049
f 2048 2049 2127
f 2048 2127 2050
f 2049 2126 2128
f 2049 2128 2127
f 2050 2127 2051
f 2051 2127 2052
f 2052 2127 2129
f 2052 2129 2130
f 2052 2130 2053
f 2053 2130 2131
f 2053 2131 2132
f 2053 2132 2054
f 2054 2132 2055
f 2055 2132 2056
f 2056 2132 2131
f 2056 2131 2133
f 2056 2133 2058
f 2056 2058 2057
f 2058 2134 2135
f 2058 2135 2136
f 2058 2136 2137
f 2058 2137 2059
f 2058 2133 2134
f 2059 2137 2060
f 2060 2137 2138
f 2060 2138 2061
f 2061 2138 2139
f 2061 2139 2062
f 2062 2139 2063
f 2063 2140 2064
f 2063 2139 2140
f 2064 2140 2141
f 2064 2141 2142
f 2064 2142 2143
f 2064 2143 2144
f 2064 2144 2145
f 2064 2145 2065
f 2065 2145 2066
f 2066 2145 2068
f 2066 2068 2067
f 2068 2146 2147
f 2068 2147 2148
f 2068 2148 2149
f 2068 2149 2150
f 2068 2150 2069
f 2068 2145 2144
f 2068 2144 2146
f 2069 2150 2151
f 2069 2151 2070
f 2070 2151 2071
f 2071 2151 2152
f 2071 2152 2072
f 2072 2152 2073
f 2073 2152 2153
f 2073 2153 2074
f 2074 2153 2075
f 2075 2154 2155
f 2075 2155 2156
f 2075 2156 2076
f 2075 2153 2154
f 2076 2156 2157
f 2076 2157 2077
f 2077 2157 2158
f 2077 2158 2078
f 2078 2158 2079
f 2079 2158 2159
f 2079 2159 2080
f 2080 2159 2082
f 2080 2082 2081
f 2082 2160 2161
f 2082 2161 2162
f 2082 2162 2163
f 2082 2163 2164
f 2082 2164 2083
f 2082 2159 2165
f 2082 2165 2160
f 2083 2164 2084
f 2084 2166 2167
f 2084 2167 2085
f 2084 2164 2166
f 2085 2167 2086
f 2086 2167 2168
f 2086 2168 2087
f 2087 2168 2169
f 2087 2169 2088
f 2090 2170 2171
f 2090 2171 2091
f 2090 2100 2172
f 2090 2172 2170
f 2091 2171 2173
f 2091 2173 2174
f 2091 2174 2092
f 2092 2174 2101
f 2093 2122 2094
f 2094 2122 2175
f 2094 2175 2095
f 2095 2175 2097
f 2096 2099 2176
f 2096 2176 2100
f 2097 2175 2177
f 2097 2177 2178
f 2097 2178 2179
f 2097 2179 2098
f 2098 2179 2180
f 2098 2180 2099
f 2099 2180 2176
f 2100 2181 2182
f 2100 2182 2172
f 2100 2176 2183
f 2100 2183 2181
f 2101 2174 2106
f 2102 2105 2103
f 2103 2105 2112
f 2103 2112 2111
f 2104 2110 2105
f 2105 2184 2112
f 2105 2110 2184
f 2106 2174 2185
f 2106 2185 2186
f 2106 2186 2107
f 2107 2186 2108
f 2108 2186 2187
f 2108 2187 2188
f 2108 2188 2109
f 2109 2188 2189
f 2109 2189 2190
f 2109 2190 2191
f 2109 2191 2110
f 2110 2191 2184
f 2112 2184 2113
f 2113 2184 2192
f 2113 2192 2114
f 2114 2193 2115
f 2114 2192 2194
f 2114 2194 2195
f 2114 2195 2193
f 2115 2196 2125
f 2115 2125 2116
f 2115 2193 2196
f 2117 2197 2120
f 2117 2119 2198
f 2117 2198 2197
f 2120 2197 2121
f 2121 2197 2199
f 2121 2199 2200
f 2121 2200 2201
f 2121 2201 2123
f 2122 2124 2177
f 2122 2177 2175
f 2123 2201 2124
f 2124 2202 2177
f 2124 2201 2203
f 2124 2203 2204
f 2124 2204 2202
f 2125 2196 2126
f 2126 2196 2205
f 2126 2205 2128
f 2127 2128 2206
f 2127 2206 2129
f 2128 2205 2207
f 2128 2207 2208
f 2128 2208 2206
f 2129 2206 2209
f 2129 2209 2210
f 2129 2210 2211
f 2129 2211 2130
f 2130 2211 2212
f 2130 2212 2131
f 2131 2212 2133
f 2133 2212 2213
f 2133 2213 2134
f 2134 2213 2214
f 2134 2214 2215
f 2134 2215 2216
f 2134 2216 2135
f 2135 2216 2217
f 2135 2217 2218
f 2135 2218 2136
f 2136 2218 2219
f 2136 2219 2220
f 2136 2220 2138
f 2136 2138 2137
f 2138 2220 2221
f 2138 2221 2139
f 2139 2221 2140
f 2140 2222 2141
f 2140 2221 2220
f 2140 2220 2222
f 2141 2223 2224
f 2141 2224 2225
f 2141 2225 2142
f 2141 2222 2226
f 2141 2226 2227
f 2141 2227 2223
f 2142 2225 2228
f 2142 2228 2229
f 2142 2229 2143
f 2143 2229 2230
f 2143 2230 2147
f 2143 2147 2144
f 2144 2147 2146
f 2147 2230 2231
f 2147 2231 2232
f 2147 2232 2233
f 2147 2233 2148
f 2148 2233 2234
f 2148 2234 2149
f 2149 2234 2235
f 2149 2235 2150
f 2150 2235 2151
f 2151 2235 2236
f 2151 2236 2152
f 2152 2236 2153
f 2153 2236 2237
f 2153 2237 2154
f 2154 2237 2155
f 2155 2237 2238
f 2155 2238 2239
f 2155 2239 2240
f 2155 2240 2156
f 2156 2240 2241
f 2156 2241 2157
f 2157 2241 2165
f 2157 2165 2158
f 2158 2165 2159
f 2160 2165 2242
f 2160 2242 2243
f 2160 2243 2161
f 2161 2243 2244
f 2161 2244 2245
f 2161 2245 2162
f 2162 2245 2246
f 2162 2246 2247
f 2162 2247 2163
f 2163 2247 2166
f 2163 2166 2164
f 2165 2241 2242
f 2166 2247 2248
f 2166 2248 2167
f 2167 2248 2249
f 2167 2249 2250
f 2167 2250 2168
f 2168 2250 2251
f 2168 2251 2252
f 2168 2252 2253
f 2168 2253 2169
f 2170 2254 2171
f 2170 2172 2254
f 2171 2254 2173
f 2172 2182 2181
f 2172 2181 2254
f 2173 2254 2255
f 2173 2255 2256
f 2173 2256 2174
f 2174 2256 2185
f 2176 2180 2257
f 2176 2257 2258
f 2176 2258 2183
f 2177 2202 2178
f 2178 2202 2204
f 2178 2204 2259
f 2178 2259 2260
f 2178 2260 2179
f 2179 2260 2261
f 2179 2261 2262
f 2179 2262 2180
f 2180 2262 2263
f 2180 2263 2257
f 2181 2264 2265
f 2181 2265 2266
f 2181 2266 2254
f 2181 2183 2267
f 2181 2267 2268
f 2181 2268 2264
f 2183 2258 2269
f 2183 2269 2267
f 2184 2270 2192
f 2184 2191 2270
f 2185 2256 2271
f 2185 2271 2272
f 2185 2272 2186
f 2186 2272 2187
f 2187 2272 2273
f 2187 2273 2274
f 2187 2274 2188
f 2188 2274 2189
f 2189 2274 2275
f 2189 2275 2276
f 2189 2276 2190
f 2190 2276 2277
f 2190 2277 2278
f 2190 2278 2279
f 2190 2279 2280
f 2190 2280 2191
f 2191 2280 2270
f 2192 2270 2194
f 2193 2195 2281
f 2193 2281 2282
f 2193 2282 2283
f 2193 2283 2196
f 2194 2270 2280
f 2194 2280 2279
f 2194 2279 2284
f 2194 2284 2281
f 2194 2281 2195
f 2196 2283 2205
f 2197 2198 2199
f 2205 2283 2207
f 2206 2208 2285
f 2206 2285 2286
f 2206 2286 2287
f 2206 2287 2209
f 2207 2283 2288
f 2207 2288 2289
f 2207 2289 2208
f 2208 2289 2285
f 2209 2287 2290
f 2209 2290 2210
f 2210 2290 2291
f 2210 2291 2211
f 2211 2291 2212
f 2212 2291 2213
f 2213 2291 2292
f 2213 2292 2293
f 2213 2293 2214
f 2214 2293 2215
f 2215 2294 2295
f 2215 2295 2217
f 2215 2217 2216
f 2215 2293 2294
f 2217 2295 2227
f 2217 2227 2218
f 2218 2227 2219
f 2219 2227 2220
f 2220 2227 2226
f 2220 2226 2222
f 2223 2296 2297
f 2223 2297 2298
f 2223 2298 2224
f 2223 2227 2296
f 2224 2298 2299
f 2224 2299 2300
f 2224 2300 2225
f 2225 2300 2228
f 2227 2295 2296
f 2228 2300 2301
f 2228 2301 2231
f 2228 2231 2229
f 2229 2231 2230
f 2231 2301 2302
f 2231 2302 2303
f 2231 2303 2304
f 2231 2304 2232
f 2232 2304 2233
f 2233 2304 2234
f 2234 2304 2305
f 2234 2305 2235
f 2235 2305 2306
f 2235 2306 2236
f 2236 2306 2237
f 2237 2306 2307
f 2237 2307 2238
f 2238 2307 2239
f 2239 2307 2308
f 2239 2308 2309
f 2239 2309 2310
f 2239 2310 2240
f 2240 2310 2311
f 2240 2311 2241
f 2241 2311 2242
f 2242 2311 2312
f 2242 2312 2243
f 2243 2312 2313
f 2243 2313 2244
f 2244 2313 2314
f 2244 2314 2315
f 2244 2315 2245
f 2245 2315 2316
f 2245 2316 2246
f 2246 2316 2317
f 2246 2317 2249
f 2246 2249 2248
f 2246 2248 2247
f 2249 2317 2250
f 2250 2317 2251
f 2251 2317 2318
f 2254 2266 2255
f 2255 2271 2256
f 2255 2266 2271
f 2257 2263 2258
f 2258 2263 2319
f 2258 2319 2269
f 2264 2320 2265
f 2264 2268 2321
f 2264 2321 2320
f 2265 2320 2322
f 2265 2322 2266
f 2266 2323 2324
f 2266 2324 2271
f 2266 2322 2323
f 2267 2269 2325
f 2267 2325 2268
f 2268 2325 2326
f 2268 2326 2321
f 2269 2319 2327
f 2269 2327 2328
f 2269 2328 2325
f 2271 2324 2272
f 2272 2324 2273
f 2273 2329 2275
f 2273 2275 2274
f 2273 2324 2330
f 2273 2330 2329
f 2275 2277 2276
f 2275 2329 2331
f 2275 2331 2332
f 2275 2332 2277
f 2277 2332 2333
f 2277 2333 2334
f 2277 2334 2335
f 2277 2335 2336
f 2277 2336 2278
f 2278 2336 2279
f 2279 2336 2335
f 2279 2335 2337
f 2279 2337 2338
f 2279 2338 2284
f 2281 2339 2282
f 2281 2284 2338
f 2281 2338 2340
f 2281 2340 2339
f 2282 2339 2283
f 2283 2339 2288
f 2285 2341 2342
f 2285 2342 2286
f 2285 2289 2341
f 2286 2342 2343
f 2286 2343 2344
f 2286 2344 2287
f 2287 2344 2345
f 2287 2345 2290
f 2288 2339 2346
f 2288 2346 2289
f 2289 2346 2341
f 2290 2345 2347
f 2290 2347 2348
f 2290 2348 2291
f 2291 2348 2349
f 2291 2349 2292
f 2292 2349 2293
f 2293 2349 2350
f 2293 2350 2351
f 2293 2351 2294
f 2294 2351 2295
f 2295 2352 2353
f 2295 2353 2354
f 2295 2354 2296
f 2295 2351 2352
f 2296 2354 2355
f 2296 2355 2356
f 2296 2356 2297
f 2297 2356 2357
f 2297 2357 2358
f 2297 2358 2299
f 2297 2299 2298
f 2299 2358 2359
f 2299 2359 2360
f 2299 2360 2300
f 2300 2360 2301
f 2301 2360 2361
f 2301 2361 2302
f 2302 2361 2362
f 2302 2362 2363
f 2302 2363 2303
f 2303 2364 2304
f 2303 2363 2365
f 2303 2365 2366
f 2303 2366 2364
f 2304 2364 2367
f 2304 2367 2305
f 2305 2367 2368
f 2305 2368 2306
f 2306 2368 2307
f 2307 2368 2369
f 2307 2369 2308
f 2308 2369 2370
f 2308 2370 2309
f 2309 2370 2371
f 2309 2371 2372
f 2309 2372 2310
f 2310 2372 2373
f 2310 2373 2374
f 2310 2374 2312
f 2310 2312 2311
f 2312 2374 2313
f 2313 2374 2375
f 2313 2375 2314
f 2314 2375 2376
f 2314 2376 2377
f 2314 2377 2378
f 2314 2378 2315
f 2315 2378 2379
f 2315 2379 2316
f 2316 2379 2380
f 2316 2380 2317
f 2317 2380 2318
f 2320 2381 2322
f 2320 2321 2381
f 2321 2382 2381
f 2321 2326 2383
f 2321 2383 2382
f 2322 2381 2323
f 2323 2384 2385
f 2323 2385 2324
f 2323 2381 2384
f 2324 2385 2330
f 2325 2328 2326
f 2326 2386 2383
f 2326 2328 2387
f 2326 2387 2388
f 2326 2388 2386
f 2329 2330 2389
f 2329 2389 2331
f 2330 2385 2389
f 2331 2390 2332
f 2331 2389 2391
f 2331 2391 2390
f 2332 2390 2333
f 2333 2390 2392
f 2333 2392 2393
f 2333 2393 2334
f 2334 2393 2394
f 2334 2394 2395
f 2334 2395 2335
f 2335 2395 2396
f 2335 2396 2337
f 2337 2396 2338
f 2338 2397 2398
f 2338 2398 2340
f 2338 2396 2397
f 2339 2340 2398
f 2339 2398 2399
f 2339 2399 2346
f 2341 2346 2400
f 2341 2400 2342
f 2342 2400 2401
f 2342 2401 2343
f 2343 2401 2402
f 2343 2402 2403
f 2343 2403 2404
f 2343 2404 2405
f 2343 2405 2344
f 2344 2405 2406
f 2344 2406 2345
f 2345 2406 2347
f 2346 2399 2400
f 2347 2349 2348
f 2347 2406 2407
f 2347 2407 2408
f 2347 2408 2349
f 2349 2408 2409
f 2349 2409 2350
f 2350 2409 2351
f 2351 2409 2410
f 2351 2410 2411
f 2351 2411 2352
f 2352 2411 2353
f 2353 2411 2412
f 2353 2412 2413
f 2353 2413 2355
f 2353 2355 2354
f 2355 2413 2414
f 2355 2414 2415
f 2355 2415 2356
f 2356 2415 2357
f 2357 2415 2416
f 2357 2416 2359
f 2357 2359 2358
f 2359 2416 2417
f 2359 2417 2418
f 2359 2418 2360
f 2360 2418 2361
f 2361 2418 2362
f 2362 2419 2420
f 2362 2420 2421
f 2362 2421 2363
f 2362 2418 2419
f 2363 2421 2422
f 2363 2422 2423
f 2363 2423 2365
f 2364 2424 2367
f 2364 2366 2424
f 2365 2423 2425
f 2365 2425 2366
f 2366 2425 2426
f 2366 2426 2427
f 2366 2427 2424
f 2367 2424 2368
f 2368 2424 2428
f 2368 2428 2369
f 2369 2427 2429
f 2369 2429 2370
f 2369 2428 2424
f 2369 2424 2427
f 2370 2429 2371
f 2371 2430 2431
f 2371 2431 2432
f 2371 2432 2373
f 2371 2373 2372
f 2371 2429 2430
f 2373 2432 2433
f 2373 2433 2434
f 2373 2434 2435
f 2373 2435 2375
f 2373 2375 2374
f 2375 2435 2436
f 2375 2436 2437
f 2375 2437 2376
f 2381 2438 2439
f 2381 2439 2384
f 2381 2382 2440
f 2381 2440 2438
f 2382 2383 2440
f 2383 2386 2441
f 2383 2441 2440
f 2384 2442 2385
f 2384 2439 2442
f 2385 2442 2389
f 2386 2388 2441
f 2388 2443 2441
f 2389 2442 2391
f 2390 2391 2392
f 2391 2442 2444
f 2391 2444 2445
f 2391 2445 2446
f 2391 2446 2447
f 2391 2447 2448
f 2391 2448 2449
f 2391 2449 2392
f 2392 2449 2393
f 2393 2449 2448
f 2393 2448 2450
f 2393 2450 2451
f 2393 2451 2394
f 2394 2451 2395
f 2395 2452 2453
f 2395 2453 2454
f 2395 2454 2396
f 2395 2451 2450
f 2395 2450 2452
f 2396 2454 2397
f 2397 2455 2398
f 2397 2454 2455
f 2398 2456 2399
f 2398 2455 2457
f 2398 2457 2456
f 2399 2456 2400
f 2400 2456 2458
f 2400 2458 2401
f 2401 2458 2459
f 2401 2459 2402
f 2402 2459 2460
f 2402 2460 2461
f 2402 2461 2403
f 2403 2462 2404
f 2403 2461 2463
f 2403 2463 2462
f 2404 2462 2464
f 2404 2464 2465
f 2404 2465 2405
f 2405 2465 2466
f 2405 2466 2406
f 2406 2466 2407
f 2407 2467 2468
f 2407 2468 2469
f 2407 2469 2409
f 2407 2409 2408
f 2407 2466 2470
f 2407 2470 2467
f 2409 2469 2471
f 2409 2471 2410
f 2410 2471 2472
f 2410 2472 2411
f 2411 2472 2412
f 2412 2472 2473
f 2412 2473 2474
f 2412 2474 2475
f 2412 2475 2476
f 2412 2476 2477
f 2412 2477 2413
f 2413 2477 2414
f 2414 2478 2479
f 2414 2479 2480
f 2414 2480 2481
f 2414 2481 2415
f 2414 2477 2476
f 2414 2476 2478
f 2415 2481 2416
f 2416 2481 2482
f 2416 2482 2417
f 2417 2482 2483
f 2417 2483 2484
f 2417 2484 2418
f 2418 2484 2485
f 2418 2485 2419
f 2419 2485 2486
f 2419 2486 2420
f 2420 2486 2487
f 2420 2487 2421
f 2421 2487 2488
f 2421 2488 2489
f 2421 2489 2422
f 2422 2489 2423
f 2423 2489 2425
f 2425 2489 2490
f 2425 2490 2491
f 2425 2491 2492
f 2425 2492 2426
f 2426 2493 2427
f 2426 2492 2493
f 2427 2493 2429
f 2429 2493 2430
f 2430 2492 2431
f 2430 2493 2492
f 2431 2492 2494
f 2431 2494 2495
f 2431 2495 2496
f 2431 2496 2432
f 2432 2496 2433
f 2433 2496 2434
f 2434 2496 2497
f 2434 2497 2498
f 2434 2498 2499
f 2434 2499 2435
f 2435 2499 2436
f 2438 2500 2439
f 2438 2440 2501
f 2438 2501 2500
f 2439 2500 2502
f 2439 2502 2444
f 2439 2444 2442
f 2440 2441 2501
f 2441 2503 2501
f 2441 2443 2504
f 2441 2504 2503
f 2444 2502 2445
f 2445 2502 2446
f 2446 2502 2505
f 2446 2505 2447
f 2447 2506 2507
f 2447 2507 2448
f 2447 2505 2508
f 2447 2508 2509
f 2447 2509 2506
f 2448 2510 2511
f 2448 2511 2450
f 2448 2507 2510
f 2450 2511 2452
f 2452 2512 2453
f 2452 2511 2513
f 2452 2513 2512
f 2453 2512 2514
f 2453 2514 2455
f 2453 2455 2454
f 2455 2514 2457
f 2456 2457 2514
f 2456 2514 2515
f 2456 2515 2516
f 2456 2516 2458
f 2458 2516 2459
f 2459 2516 2517
f 2459 2517 2460
f 2460 2517 2518
f 2460 2518 2463
f 2460 2463 2461
f 2462 2463 2464
f 2463 2518 2519
f 2463 2519 2520
f 2463 2520 2521
f 2463 2521 2522
f 2463 2522 2523
f 2463 2523 2524
f 2463 2524 2464
f 2464 2524 2525
f 2464 2525 2465
f 2465 2525 2470
f 2465 2470 2466
f 2467 2470 2526
f 2467 2526 2468
f 2468 2526 2473
f 2468 2473 2471
f 2468 2471 2469
f 2470 2525 2526
f 2471 2473 2472
f 2473 2526 2474
f 2474 2526 2527
f 2474 2527 2528
f 2474 2528 2475
f 2475 2528 2529
f 2475 2529 2476
f 2476 2529 2478
f 2478 2529 2530
f 2478 2530 2482
f 2478 2482 2479
f 2479 2482 2480
f 2480 2482 2481
f 2482 2530 2531
f 2482 2531 2532
f 2482 2532 2483
f 2483 2532 2533
f 2483 2533 2534
f 2483 2534 2485
f 2483 2485 2484
f 2485 2534 2486
f 2486 2534 2535
f 2486 2535 2487
f 2487 2535 2536
f 2487 2536 2537
f 2487 2537 2538
f 2487 2538 2488
f 2488 2538 2489
f 2489 2538 2490
f 2490 2538 2539
f 2490 2539 2540
f 2490 2540 2541
f 2490 2541 2542
f 2490 2542 2491
f 2491 2494 2492
f 2491 2542 2494
f 2494 2542 2495
f 2495 2542 2543
f 2495 2543 2544
f 2495 2544 2496
f 2496 2544 2545
f 2496 2545 2497
f 2500 2546 2502
f 2500 2501 2546
f 2501 2547 2546
f 2501 2503 2548
f 2501 2548 2547
f 2502 2546 2505
f 2503 2504 2548
f 2504 2549 2548
f 2505 2546 2550
f 2505 2550 2551
f 2505 2551 2552
f 2505 2552 2508
f 2506 2553 2507
f 2506 2509 2553
f 2507 2553 2554
f 2507 2554 2510
f 2508 2552 2509
f 2509 2552 2555
f 2509 2555 2556
f 2509 2556 2557
f 2509 2557 2553
f 2510 2554 2511
f 2511 2554 2558
f 2511 2558 2513
f 2512 2517 2516
f 2512 2516 2515
f 2512 2515 2514
f 2512 2513 2559
f 2512 2559 2517
f 2513 2560 2559
f 2513 2558 2560
f 2517 2559 2561
f 2517 2561 2518
f 2518 2561 2562
f 2518 2562 2519
f 2519 2562 2520
f 2520 2562 2563
f 2520 2563 2564
f 2520 2564 2565
f 2520 2565 2521
f 2521 2565 2522
f 2522 2565 2566
f 2522 2566 2567
f 2522 2567 2568
f 2522 2568 2523
f 2523 2568 2524
f 2524 2568 2569
f 2524 2569 2525
f 2525 2569 2570
f 2525 2570 2526
f 2526 2570 2527
f 2527 2570 2571
f 2527 2571 2572
f 2527 2572 2528
f 2528 2572 2573
f 2528 2573 2574
f 2528 2574 2529
f 2529 2574 2575
f 2529 2575 2576
f 2529 2576 2530
f 2530 2576 2577
f 2530 2577 2531
f 2531 2577 2578
f 2531 2578 2579
f 2531 2579 2533
f 2531 2533 2532
f 2533 2579 2580
f 2533 2580 2534
f 2534 2580 2581
f 2534 2581 2535
f 2535 2581 2582
f 2535 2582 2536
f 2536 2582 2583
f 2536 2583 2537
f 2537 2583 2584
f 2537 2584 2538
f 2538 2584 2539
f 2539 2584 2585
f 2539 2585 2540
f 2540 2585 2586
f 2540 2586 2587
f 2540 2587 2541
f 2541 2543 2542
f 2541 2587 2543
f 2543 2587 2588
f 2543 2588 2544
f 2546 2547 2550
f 2547 2548 2589
f 2547 2589 2550
f 2548 2549 2589
f 2549 2590 2589
f 2550 2589 2591
f 2550 2591 2551
f 2551 2555 2552
f 2551 2591 2555
f 2553 2592 2554
f 2553 2557 2592
f 2554 2592 2593
f 2554 2593 2558
f 2555 2594 2556
f 2555 2591 2595
f 2555 2595 2596
f 2555 2596 2594
f 2556 2597 2557
f 2556 2594 2598
f 2556 2598 2597
f 2557 2597 2592
f 2558 2593 2599
f 2558 2599 2600
f 2558 2600 2560
f 2559 2560 2561
f 2560 2600 2561
f 2561 2600 2562
f 2562 2600 2563
f 2563 2600 2601
f 2563 2601 2602
f 2563 2602 2564
f 2564 2603 2565
f 2564 2602 2604
f 2564 2604 2603
f 2565 2603 2605
f 2565 2605 2566
f 2566 2605 2606
f 2566 2606 2567
f 2567 2607 2568
f 2567 2606 2608
f 2567 2608 2607
f 2568 2607 2569
f 2569 2607 2571
f 2569 2571 2570
f 2571 2607 2572
f 2572 2609 2610
f 2572 2610 2573
f 2572 2607 2609
f 2573 2610 2611
f 2573 2611 2612
f 2573 2612 2575
f 2573 2575 2574
f 2575 2612 2613
f 2575 2613 2576
f 2576 2613 2614
f 2576 2614 2615
f 2576 2615 2578
f 2576 2578 2577
f 2578 2615 2653
f 2578 2653 2616
f 2578 2616 2617
f 2578 2617 2579
f 2579 2617 2580
f 2580 2617 2618
f 2580 2618 2619
f 2580 2619 2582
f 2580 2582 2581
f 2582 2619 2620
f 2582 2620 2621
f 2582 2621 2583
f 2583 2621 2622
f 2583 2622 2585
f 2583 2585 2584
f 2585 2622 2623
f 2585 2623 2624
f 2585 2624 2586
f 2589 2625 2591
f 2589 2590 2626
f 2589 2626 2625
f 2591 2625 2595
f 2592 2627 2593
f 2592 2597 2628
f 2592 2628 2627
f 2593 2629 2601
f 2593 2601 2599
f 2593 2627 2629
f 2594 2596 2630
f 2594 2630 2598
f 2595 2625 2626
f 2595 2626 2631
f 2595 2631 2632
f 2595 2632 2596
f 2596 2632 2633
f 2596 2633 2630
f 2597 2598 2628
f 2598 2634 2628
f 2598 2630 2635
f 2598 2635 2634
f 2599 2601 2600
f 2601 2629 2602
f 2602 2636 2604
f 2602 2629 2637
f 2602 2637 2638
f 2602 2638 2636
f 2603 2604 2636
f 2603 2636 2605
f 2605 2636 2639
f 2605 2639 2640
f 2605 2640 2641
f 2605 2641 2642
f 2605 2642 2643
f 2605 2643 2644
f 2605 2644 2606
f 2606 2644 2643
f 2606 2643 2645
f 2606 2645 2646
f 2606 2646 2608
f 2607 2608 2609
f 2608 2646 2610
f 2608 2610 2609
f 2610 2646 2647
f 2610 2647 2611
f 2611 2647 2648
f 2611 2648 2649
f 2611 2649 2650
f 2611 2650 2612
f 2612 2650 2613
f 2613 2650 2614
f 2614 2650 2651
f 2614 2651 2652
f 2614 2652 2653
f 2614 2653 2615
f 2616 2653 2654
f 2616 2654 2617
f 2617 2654 2618
f 2618 2654 2655
f 2618 2655 2656
f 2618 2656 2620
f 2618 2620 2619
f 2620 2656 2657
f 2620 2657 2621
f 2621 2657 2658
f 2621 2658 2623
f 2621 2623 2622
f 2627 2659 2660
f 2627 2660 2629
f 2627 2628 2659
f 2628 2634 2661
f 2628 2661 2662
f 2628 2662 2663
f 2628 2663 2659
f 2629 2660 2637
f 2630 2633 2664
f 2630 2664 2635
f 2634 2635 2661
f 2635 2665 2661
f 2635 2664 2666
f 2635 2666 2667
f 2635 2667 2665
f 2636 2638 2668
f 2636 2668 2639
f 2637 2660 2639
f 2637 2639 2668
f 2637 2668 2638
f 2639 2660 2659
f 2639 2659 2669
f 2639 2669 2640
f 2640 2669 2670
f 2640 2670 2671
f 2640 2671 2665
f 2640 2665 2667
f 2641 2672 2673
f 2641 2673 2674
f 2641 2674 2642
f 2642 2674 2675
f 2642 2675 2676
f 2642 2676 2677
f 2642 2677 2678
f 2642 2678 2643
f 2643 2678 2679
f 2643 2679 2645
f 2645 2679 2646
f 2646 2679 2647
f 2647 2679 2680
f 2647 2680 2676
f 2647 2676 2681
f 2647 2681 2648
f 2648 2681 2682
f 2648 2682 2683
f 2648 2683 2649
f 2649 2683 2682
f 2649 2682 2684
f 2649 2684 2651
f 2649 2651 2650
f 2651 2684 2685
f 2651 2685 2686
f 2651 2686 2652
f 2652 2686 2653
f 2653 2686 2687
f 2653 2687 2654
f 2654 2687 2655
f 2655 2687 2688
f 2655 2688 2689
f 2655 2689 2690
f 2655 2690 2691
f 2655 2691 2656
f 2656 2691 2657
f 2657 2691 2692
f 2657 2692 2658
f 2659 2663 2669
f 2661 2665 2693
f 2661 2693 2663
f 2661 2663 2662
f 2663 2693 2694
f 2663 2694 2669
f 2665 2671 2693
f 2669 2694 2693
f 2669 2693 2671
f 2669 2671 2670
f 2672 2695 2673
f 2673 2696 2682
f 2673 2682 2697
f 2673 2697 2675
f 2673 2675 2674
f 2673 2695 2696
f 2675 2697 2676
f 2676 2680 2677
f 2676 2697 2682
f 2676 2682 2681
f 2677 2680 2678
f 2678 2680 2679
f 2682 2696 2698
f 2682 2698 2684
f 2684 2698 2699
f 2684 2699 2685
f 2685 2699 2686
f 2686 2699 2700
f 2686 2700 2688
f 2686 2688 2687
f 2688 2700 2701
f 2688 2701 2702
f 2688 2702 2689
f 2695 2703 2696
f 2696 2704 2698
f 2696 2703 2704
f 2698 2704 2705
f 2698 2705 2699
f 2699 2705 2700
f 2700 2705 2701
f 2701 2705 2702
f 2702 2705 2706
f 2703 2706 2705
f 2703 2705 2704
